timestamp,open,high,low,close,volume
2020-01-01 00:00:00,100.0671,100.0836,100.0157,100.0497,6111.0
2020-01-01 00:01:00,100.05,100.0511,100.0206,100.0358,1999.0
2020-01-01 00:02:00,100.0538,100.1305,100.0707,100.1006,3643.0
2020-01-01 00:03:00,100.2819,100.2584,100.2474,100.2529,1066.0
2020-01-01 00:04:00,100.155,100.2894,100.1696,100.2295,5883.0
2020-01-01 00:05:00,100.1734,100.2446,100.1675,100.2061,8805.0
2020-01-01 00:06:00,100.2641,100.4141,100.314,100.364,3674.0
2020-01-01 00:07:00,100.5187,100.4798,100.4017,100.4408,140.0
2020-01-01 00:08:00,100.3822,100.4362,100.3514,100.3938,7081.0
2020-01-01 00:09:00,100.5564,100.489,100.4071,100.4481,362.0
2020-01-01 00:10:00,100.4419,100.4478,100.3556,100.4017,8245.0
2020-01-01 00:11:00,100.3776,100.3977,100.3126,100.3551,9324.0
2020-01-01 00:12:00,100.35,100.4451,100.3136,100.3793,1919.0
2020-01-01 00:13:00,100.1357,100.2113,100.1647,100.188,227.0
2020-01-01 00:14:00,100.0417,100.0567,99.9744,100.0155,2678.0
2020-01-01 00:15:00,99.9557,99.9614,99.9572,99.9593,5951.0
2020-01-01 00:16:00,99.791,99.9117,99.8043,99.858,8037.0
2020-01-01 00:17:00,99.8136,99.9124,99.8665,99.8894,3311.0
2020-01-01 00:18:00,99.7507,99.8344,99.7629,99.7986,9185.0
2020-01-01 00:19:00,99.7485,99.7471,99.5677,99.6574,2906.0
2020-01-01 00:20:00,99.9146,99.8812,99.7267,99.804,2379.0
2020-01-01 00:21:00,99.7916,99.8116,99.7512,99.7814,7176.0
2020-01-01 00:22:00,99.7956,99.8562,99.7201,99.7881,5787.0
2020-01-01 00:23:00,99.6289,99.6489,99.6424,99.6457,8026.0
2020-01-01 00:24:00,99.5445,99.6295,99.553,99.5912,1887.0
2020-01-01 00:25:00,99.6711,99.6762,99.5284,99.6023,4832.0
2020-01-01 00:26:00,99.5809,99.4995,99.4749,99.4872,2279.0
2020-01-01 00:27:00,99.4801,99.5376,99.512,99.5248,8468.0
2020-01-01 00:28:00,99.4606,99.55,99.3795,99.4647,3223.0
2020-01-01 00:29:00,99.4131,99.4397,99.4314,99.4356,5765.0
2020-01-01 00:30:00,99.3544,99.4166,99.3342,99.3754,8313.0
2020-01-01 00:31:00,99.6199,99.6079,99.5133,99.5606,752.0
2020-01-01 00:32:00,99.4937,99.5845,99.534,99.5593,3490.0
2020-01-01 00:33:00,99.4768,99.4806,99.4264,99.4535,9074.0
2020-01-01 00:34:00,99.5722,99.6346,99.4369,99.5358,8459.0
2020-01-01 00:35:00,99.4066,99.4384,99.3889,99.4137,9353.0
2020-01-01 00:36:00,99.4792,99.4498,99.4193,99.4346,9164.0
2020-01-01 00:37:00,99.246,99.2542,99.2229,99.2386,1881.0
2020-01-01 00:38:00,99.1666,99.1367,99.0748,99.1058,5966.0
2020-01-01 00:39:00,99.0493,99.2247,99.0262,99.1255,7183.0
2020-01-01 00:40:00,99.1819,99.2055,99.1931,99.1993,9688.0
2020-01-01 00:41:00,99.2128,99.2273,99.2056,99.2164,8923.0
2020-01-01 00:42:00,99.0713,99.2178,99.1919,99.2049,1701.0
2020-01-01 00:43:00,99.1205,99.181,99.1685,99.1748,2981.0
2020-01-01 00:44:00,98.9862,99.0683,98.9855,99.0269,9742.0
2020-01-01 00:45:00,99.0023,98.9609,98.9489,98.9549,1963.0
2020-01-01 00:46:00,98.8735,98.9314,98.8863,98.9089,7433.0
2020-01-01 00:47:00,98.9737,99.0251,99.0041,99.0146,821.0
2020-01-01 00:48:00,99.0898,99.0718,99.0261,99.0489,7342.0
2020-01-01 00:49:00,98.7917,98.8943,98.8509,98.8726,7673.0
2020-01-01 00:50:00,98.8015,98.9936,98.8164,98.905,7953.0
2020-01-01 00:51:00,98.8485,98.8984,98.8347,98.8665,342.0
2020-01-01 00:52:00,98.7265,98.8324,98.7653,98.7988,7005.0
2020-01-01 00:53:00,98.7895,98.9148,98.8052,98.86,4738.0
2020-01-01 00:54:00,98.9918,99.0183,98.9079,98.9631,4472.0
2020-01-01 00:55:00,99.1,99.0779,99.0346,99.0562,4745.0
2020-01-01 00:56:00,99.0118,98.9834,98.9612,98.9723,5527.0
2020-01-01 00:57:00,98.9968,99.0255,98.8573,98.9414,8694.0
2020-01-01 00:58:00,99.0366,98.9984,98.9506,98.9745,1553.0
2020-01-01 00:59:00,98.9656,99.1441,99.0001,99.0721,9288.0
2020-01-01 01:00:00,99.0467,99.0311,99.0172,99.0242,4271.0
2020-01-01 01:01:00,98.9791,99.0175,98.9937,99.0056,6582.0
2020-01-01 01:02:00,98.8576,98.9392,98.8507,98.895,7008.0
2020-01-01 01:03:00,98.8034,98.8644,98.6863,98.7753,5669.0
2020-01-01 01:04:00,98.7701,98.9248,98.7884,98.8566,3601.0
2020-01-01 01:05:00,98.9047,98.9948,98.9896,98.9922,1286.0
2020-01-01 01:06:00,99.0167,98.9988,98.9712,98.985,1481.0
2020-01-01 01:07:00,99.1098,99.1071,99.0637,99.0854,6913.0
2020-01-01 01:08:00,99.1284,99.1323,99.1107,99.1215,2004.0
2020-01-01 01:09:00,99.013,99.0746,99.0394,99.057,1852.0
2020-01-01 01:10:00,99.1303,99.1152,99.0711,99.0932,2054.0
2020-01-01 01:11:00,99.281,99.3028,99.1911,99.247,5371.0
2020-01-01 01:12:00,99.2476,99.2928,99.194,99.2434,637.0
2020-01-01 01:13:00,99.341,99.4228,99.3769,99.3998,7682.0
2020-01-01 01:14:00,99.1166,99.1838,99.092,99.1379,2490.0
2020-01-01 01:15:00,99.2619,99.2356,99.2045,99.2201,8030.0
2020-01-01 01:16:00,99.2951,99.2616,99.1959,99.2288,9482.0
2020-01-01 01:17:00,99.1825,99.2528,99.1449,99.1989,4036.0
2020-01-01 01:18:00,99.1956,99.226,99.1901,99.208,1595.0
2020-01-01 01:19:00,99.0012,99.0613,98.9573,99.0093,6316.0
2020-01-01 01:20:00,99.0011,99.0797,98.8949,98.9873,4623.0
2020-01-01 01:21:00,98.994,99.0884,98.9576,99.023,3470.0
2020-01-01 01:22:00,99.0261,99.1845,99.1571,99.1708,1359.0
2020-01-01 01:23:00,99.1786,99.1973,99.0406,99.119,5926.0
2020-01-01 01:24:00,99.1279,99.0681,99.0082,99.0381,4175.0
2020-01-01 01:25:00,98.9573,98.9967,98.9792,98.988,3130.0
2020-01-01 01:26:00,99.0262,99.1279,99.0311,99.0795,4795.0
2020-01-01 01:27:00,99.1055,99.1815,99.0433,99.1124,196.0
2020-01-01 01:28:00,99.05,99.0979,99.0209,99.0594,9611.0
2020-01-01 01:29:00,99.1605,99.186,99.0354,99.1107,4601.0
2020-01-01 01:30:00,99.1232,99.1424,99.0985,99.1204,9006.0
2020-01-01 01:31:00,99.1777,99.2743,99.1603,99.2173,2594.0
2020-01-01 01:32:00,99.0812,99.27,99.0242,99.1471,2846.0
2020-01-01 01:33:00,99.1576,99.1634,99.0653,99.1143,4143.0
2020-01-01 01:34:00,99.1051,99.0808,99.0694,99.0751,5239.0
2020-01-01 01:35:00,98.9818,99.0087,98.8488,98.9288,684.0
2020-01-01 01:36:00,98.91,98.992,98.9247,98.9584,1053.0
2020-01-01 01:37:00,99.0764,98.9997,98.9692,98.9845,2997.0
2020-01-01 01:38:00,98.8978,99.005,98.965,98.985,7628.0
2020-01-01 01:39:00,98.997,98.9907,98.9324,98.9615,2130.0
2020-01-01 01:40:00,98.7245,98.8903,98.7497,98.82,693.0
2020-01-01 01:41:00,98.7384,98.788,98.7679,98.7779,1931.0
2020-01-01 01:42:00,98.8217,98.8488,98.6385,98.7437,8647.0
2020-01-01 01:43:00,98.705,98.6971,98.6298,98.6634,9968.0
2020-01-01 01:44:00,98.62,98.6902,98.6044,98.6473,6699.0
2020-01-01 01:45:00,98.6618,98.715,98.6604,98.6877,211.0
2020-01-01 01:46:00,98.8814,98.9045,98.8482,98.8763,4570.0
2020-01-01 01:47:00,98.9195,98.8992,98.8884,98.8938,9136.0
2020-01-01 01:48:00,98.9821,98.9234,98.9157,98.9195,2273.0
2020-01-01 01:49:00,98.8893,98.9778,98.8464,98.9121,3178.0
2020-01-01 01:50:00,98.6396,98.755,98.6854,98.7202,1483.0
2020-01-01 01:51:00,98.7254,98.8108,98.6244,98.7176,6821.0
2020-01-01 01:52:00,98.7007,98.7572,98.69,98.7236,4070.0
2020-01-01 01:53:00,98.9049,98.9744,98.9655,98.9699,461.0
2020-01-01 01:54:00,98.9656,98.9647,98.9366,98.9507,8970.0
2020-01-01 01:55:00,98.9702,98.987,98.9747,98.9808,5178.0
2020-01-01 01:56:00,98.9927,98.9996,98.9551,98.9774,2911.0
2020-01-01 01:57:00,98.8158,98.8822,98.8388,98.8605,2922.0
2020-01-01 01:58:00,98.9991,99.0124,98.9371,98.9748,9579.0
2020-01-01 01:59:00,98.9841,99.1061,98.9938,99.05,4995.0
2020-01-01 02:00:00,99.0877,99.2542,99.0039,99.1291,8566.0
2020-01-01 02:01:00,99.026,99.0623,99.0139,99.0381,1005.0
2020-01-01 02:02:00,99.2655,99.2134,99.1435,99.1784,8241.0
2020-01-01 02:03:00,99.0775,99.1186,98.9578,99.0382,1982.0
2020-01-01 02:04:00,99.1508,99.1109,99.0829,99.0969,591.0
2020-01-01 02:05:00,99.3868,99.3223,99.3096,99.316,7911.0
2020-01-01 02:06:00,99.397,99.2405,99.1933,99.2169,8832.0
2020-01-01 02:07:00,99.1624,99.2964,99.0242,99.1603,2986.0
2020-01-01 02:08:00,99.2413,99.1786,99.1619,99.1702,6232.0
2020-01-01 02:09:00,99.1705,99.1774,99.0624,99.1199,555.0
2020-01-01 02:10:00,99.0146,98.981,98.9486,98.9648,750.0
2020-01-01 02:11:00,99.0604,99.0235,98.9199,98.9717,9604.0
2020-01-01 02:12:00,98.8445,98.9082,98.8227,98.8655,1404.0
2020-01-01 02:13:00,98.8879,98.9265,98.8991,98.9128,4612.0
2020-01-01 02:14:00,98.8369,98.8735,98.7683,98.8209,3709.0
2020-01-01 02:15:00,98.9667,98.9996,98.9521,98.9759,9095.0
2020-01-01 02:16:00,98.9135,98.9572,98.8379,98.8975,9089.0
2020-01-01 02:17:00,98.9435,98.957,98.7737,98.8653,3484.0
2020-01-01 02:18:00,98.9228,98.9976,98.8958,98.9467,4804.0
2020-01-01 02:19:00,98.8084,98.8884,98.7588,98.8236,5827.0
2020-01-01 02:20:00,98.8551,98.8553,98.8374,98.8463,9372.0
2020-01-01 02:21:00,98.9656,99.0147,98.9394,98.9771,9605.0
2020-01-01 02:22:00,98.7206,98.8471,98.7856,98.8163,2745.0
2020-01-01 02:23:00,98.8058,98.876,98.7935,98.8348,7216.0
2020-01-01 02:24:00,98.8951,98.8721,98.8495,98.8608,5529.0
2020-01-01 02:25:00,99.0108,98.9948,98.883,98.9389,2153.0
2020-01-01 02:26:00,98.7575,98.8737,98.7568,98.8153,3614.0
2020-01-01 02:27:00,98.6252,98.6907,98.6757,98.6832,409.0
2020-01-01 02:28:00,98.7369,98.822,98.6488,98.7354,9076.0
2020-01-01 02:29:00,98.6613,98.7848,98.7454,98.7651,5100.0
2020-01-01 02:30:00,98.7679,98.7919,98.7884,98.7901,5221.0
2020-01-01 02:31:00,98.738,98.8675,98.7821,98.8248,5822.0
2020-01-01 02:32:00,98.8252,98.7796,98.7339,98.7568,6997.0
2020-01-01 02:33:00,98.7415,98.8504,98.7096,98.78,5594.0
2020-01-01 02:34:00,98.892,98.8132,98.8055,98.8093,7739.0
2020-01-01 02:35:00,98.7936,98.7907,98.6851,98.7379,9906.0
2020-01-01 02:36:00,98.8921,98.9793,98.8696,98.9245,9114.0
2020-01-01 02:37:00,98.9182,99.003,98.9407,98.9718,9619.0
2020-01-01 02:38:00,98.843,98.8778,98.8276,98.8527,157.0
2020-01-01 02:39:00,98.9131,98.979,98.8578,98.9184,1348.0
2020-01-01 02:40:00,98.8382,98.8956,98.7462,98.8209,9741.0
2020-01-01 02:41:00,98.8608,98.9081,98.8912,98.8996,6136.0
2020-01-01 02:42:00,99.0528,99.0296,99.0013,99.0155,617.0
2020-01-01 02:43:00,98.9467,98.9385,98.9283,98.9334,2177.0
2020-01-01 02:44:00,99.0127,99.1536,98.9059,99.0297,8442.0
2020-01-01 02:45:00,99.0354,99.0961,99.046,99.071,2257.0
2020-01-01 02:46:00,99.144,99.2292,99.0773,99.1532,6484.0
2020-01-01 02:47:00,99.3021,99.3487,99.3371,99.3429,3773.0
2020-01-01 02:48:00,99.3213,99.3699,99.2668,99.3184,8197.0
2020-01-01 02:49:00,99.2473,99.2686,99.2173,99.243,5249.0
2020-01-01 02:50:00,99.1671,99.2425,99.0655,99.154,2613.0
2020-01-01 02:51:00,99.1608,99.118,99.027,99.0725,6708.0
2020-01-01 02:52:00,99.0581,99.0968,99.0327,99.0647,1494.0
2020-01-01 02:53:00,99.1491,99.1167,99.081,99.0989,1805.0
2020-01-01 02:54:00,99.138,99.1596,99.0935,99.1265,9464.0
2020-01-01 02:55:00,99.1973,99.2193,99.1992,99.2093,2521.0
2020-01-01 02:56:00,99.2046,99.2144,99.2067,99.2106,8891.0
2020-01-01 02:57:00,99.353,99.3834,99.3284,99.3559,3604.0
2020-01-01 02:58:00,99.3434,99.4049,99.254,99.3294,2399.0
2020-01-01 02:59:00,99.5535,99.6574,99.5455,99.6015,4115.0
2020-01-01 03:00:00,99.5908,99.735,99.5931,99.664,1596.0
2020-01-01 03:01:00,99.611,99.5895,99.5671,99.5783,6806.0
2020-01-01 03:02:00,99.5161,99.5081,99.4344,99.4712,6871.0
2020-01-01 03:03:00,99.5567,99.5504,99.4885,99.5195,7806.0
2020-01-01 03:04:00,99.5049,99.5286,99.4657,99.4971,8726.0
2020-01-01 03:05:00,99.6069,99.7142,99.4228,99.5685,2758.0
2020-01-01 03:06:00,99.6515,99.6797,99.552,99.6158,2423.0
2020-01-01 03:07:00,99.6479,99.6627,99.5544,99.6086,2995.0
2020-01-01 03:08:00,99.4809,99.5356,99.5122,99.5239,1631.0
2020-01-01 03:09:00,99.3175,99.4782,99.2666,99.3724,881.0
2020-01-01 03:10:00,99.3083,99.3696,99.2859,99.3277,1525.0
2020-01-01 03:11:00,99.4125,99.4267,99.4001,99.4134,5028.0
2020-01-01 03:12:00,99.4227,99.4887,99.3809,99.4348,2651.0
2020-01-01 03:13:00,99.2164,99.3111,99.3093,99.3102,7523.0
2020-01-01 03:14:00,99.4136,99.3443,99.3108,99.3275,656.0
2020-01-01 03:15:00,99.3524,99.3944,99.3378,99.3661,8804.0
2020-01-01 03:16:00,99.2863,99.2913,99.2641,99.2777,6538.0
2020-01-01 03:17:00,99.3553,99.3446,99.2415,99.2931,6618.0
2020-01-01 03:18:00,99.1816,99.3635,99.2343,99.2989,5886.0
2020-01-01 03:19:00,99.159,99.1999,99.1692,99.1846,4251.0
2020-01-01 03:20:00,99.201,99.2349,99.2058,99.2204,6193.0
2020-01-01 03:21:00,99.2596,99.2871,99.2657,99.2764,2999.0
2020-01-01 03:22:00,99.3761,99.4092,99.3603,99.3847,6834.0
2020-01-01 03:23:00,99.5625,99.4929,99.4874,99.4901,5116.0
2020-01-01 03:24:00,99.386,99.3524,99.3523,99.3524,6609.0
2020-01-01 03:25:00,99.3065,99.3184,99.1987,99.2586,3060.0
2020-01-01 03:26:00,99.3124,99.3859,99.2343,99.3101,5043.0
2020-01-01 03:27:00,99.2915,99.4368,99.2861,99.3615,9544.0
2020-01-01 03:28:00,99.309,99.4135,99.4125,99.413,9016.0
2020-01-01 03:29:00,99.7218,99.8327,99.7638,99.7982,1406.0
2020-01-01 03:30:00,99.8733,99.8709,99.8398,99.8553,859.0
2020-01-01 03:31:00,99.9705,99.989,99.9488,99.9689,5338.0
2020-01-01 03:32:00,100.0538,100.0978,100.0308,100.0643,326.0
2020-01-01 03:33:00,100.111,100.135,100.1238,100.1294,4897.0
2020-01-01 03:34:00,100.1985,100.1936,100.0022,100.0979,8599.0
2020-01-01 03:35:00,100.1326,100.222,100.1255,100.1738,3478.0
2020-01-01 03:36:00,100.1429,100.1413,100.0517,100.0965,6812.0
2020-01-01 03:37:00,100.0729,100.2098,99.9358,100.0728,9809.0
2020-01-01 03:38:00,100.0212,100.0837,99.9649,100.0243,9823.0
2020-01-01 03:39:00,100.0913,100.0585,100.0064,100.0325,5308.0
2020-01-01 03:40:00,100.3371,100.3298,100.1981,100.2639,7542.0
2020-01-01 03:41:00,100.0652,100.0871,100.0673,100.0772,4848.0
2020-01-01 03:42:00,100.1858,100.2489,100.0428,100.1458,9088.0
2020-01-01 03:43:00,100.0028,100.0061,99.9631,99.9846,7145.0
2020-01-01 03:44:00,99.9377,100.0011,99.8736,99.9374,7724.0
2020-01-01 03:45:00,100.0565,100.0925,100.0,100.0463,1879.0
2020-01-01 03:46:00,100.0183,100.0858,100.0196,100.0527,7163.0
2020-01-01 03:47:00,99.9296,99.9493,99.9406,99.9449,685.0
2020-01-01 03:48:00,99.8444,99.9,99.8468,99.8734,1478.0
2020-01-01 03:49:00,99.9864,99.9823,99.9004,99.9414,5807.0
2020-01-01 03:50:00,99.8636,99.9161,99.8205,99.8683,5542.0
2020-01-01 03:51:00,99.8251,99.9498,99.8301,99.89,7029.0
2020-01-01 03:52:00,99.8583,99.9392,99.8498,99.8945,6520.0
2020-01-01 03:53:00,99.6694,99.8846,99.7742,99.8294,4131.0
2020-01-01 03:54:00,100.019,100.1183,99.9692,100.0438,7542.0
2020-01-01 03:55:00,100.109,100.1145,100.0998,100.1071,6460.0
2020-01-01 03:56:00,99.8978,99.9627,99.8466,99.9046,1947.0
2020-01-01 03:57:00,100.0223,99.9325,99.914,99.9233,1141.0
2020-01-01 03:58:00,99.8858,99.9324,99.7818,99.8571,4939.0
2020-01-01 03:59:00,99.9689,99.9843,99.9003,99.9423,7451.0
2020-01-01 04:00:00,99.7809,99.9474,99.7788,99.8631,7885.0
2020-01-01 04:01:00,99.8334,99.8839,99.8193,99.8516,342.0
2020-01-01 04:02:00,99.8778,99.926,99.8782,99.9021,5645.0
2020-01-01 04:03:00,99.9494,100.0145,99.9629,99.9887,2200.0
2020-01-01 04:04:00,99.8287,99.9498,99.7876,99.8687,9541.0
2020-01-01 04:05:00,99.7448,99.8612,99.8092,99.8352,1837.0
2020-01-01 04:06:00,99.7239,99.8543,99.7211,99.7877,2854.0
2020-01-01 04:07:00,99.7661,99.754,99.6908,99.7224,1492.0
2020-01-01 04:08:00,99.8918,99.9389,99.859,99.8989,8539.0
2020-01-01 04:09:00,99.9141,99.9397,99.9391,99.9394,7835.0
2020-01-01 04:10:00,99.8131,99.8412,99.7854,99.8133,7743.0
2020-01-01 04:11:00,99.9635,99.9548,99.8554,99.9051,9977.0
2020-01-01 04:12:00,100.1176,100.1437,100.0909,100.1173,4116.0
2020-01-01 04:13:00,100.2476,100.259,100.1822,100.2206,3532.0
2020-01-01 04:14:00,100.0263,100.0711,100.0662,100.0687,4626.0
2020-01-01 04:15:00,99.9893,100.0878,99.9526,100.0202,7884.0
2020-01-01 04:16:00,100.1646,100.1812,100.1126,100.1469,2181.0
2020-01-01 04:17:00,100.1708,100.0893,100.063,100.0762,9639.0
2020-01-01 04:18:00,100.192,100.1423,100.0987,100.1205,5675.0
2020-01-01 04:19:00,100.2271,100.1996,100.1964,100.198,5444.0
2020-01-01 04:20:00,100.1129,100.1073,100.1033,100.1053,4836.0
2020-01-01 04:21:00,100.1694,100.1441,100.0546,100.0994,232.0
2020-01-01 04:22:00,99.815,99.8048,99.7457,99.7752,1954.0
2020-01-01 04:23:00,99.5581,99.6806,99.665,99.6728,6150.0
2020-01-01 04:24:00,99.5948,99.6857,99.6093,99.6475,5177.0
2020-01-01 04:25:00,99.5397,99.5428,99.5027,99.5228,5440.0
2020-01-01 04:26:00,99.5966,99.7073,99.6647,99.686,8692.0
2020-01-01 04:27:00,99.4981,99.5492,99.5367,99.543,705.0
2020-01-01 04:28:00,99.464,99.5064,99.4916,99.499,231.0
2020-01-01 04:29:00,99.4992,99.5373,99.4868,99.512,7171.0
2020-01-01 04:30:00,99.6418,99.6745,99.6378,99.6562,6257.0
2020-01-01 04:31:00,99.4981,99.5321,99.4931,99.5126,6678.0
2020-01-01 04:32:00,99.6702,99.7273,99.5305,99.6289,6713.0
2020-01-01 04:33:00,99.6167,99.6769,99.5829,99.6299,4606.0
2020-01-01 04:34:00,99.5125,99.5698,99.4937,99.5318,903.0
2020-01-01 04:35:00,99.5105,99.6065,99.5494,99.578,5292.0
2020-01-01 04:36:00,99.6491,99.6038,99.592,99.5979,4389.0
2020-01-01 04:37:00,99.5043,99.5574,99.5183,99.5379,3733.0
2020-01-01 04:38:00,99.4905,99.5517,99.538,99.5449,2776.0
2020-01-01 04:39:00,99.517,99.5658,99.4468,99.5063,1315.0
2020-01-01 04:40:00,99.4793,99.535,99.5004,99.5177,2577.0
2020-01-01 04:41:00,99.5576,99.587,99.5808,99.5839,2364.0
2020-01-01 04:42:00,99.7554,99.7946,99.6904,99.7425,7890.0
2020-01-01 04:43:00,99.6024,99.6304,99.607,99.6187,1069.0
2020-01-01 04:44:00,99.9476,99.8381,99.8259,99.832,6728.0
2020-01-01 04:45:00,99.6331,99.6525,99.6211,99.6368,700.0
2020-01-01 04:46:00,99.6525,99.6263,99.6169,99.6216,4555.0
2020-01-01 04:47:00,99.5834,99.6809,99.68,99.6805,6041.0
2020-01-01 04:48:00,99.6655,99.7379,99.6792,99.7086,9624.0
2020-01-01 04:49:00,99.5919,99.6838,99.6087,99.6463,2816.0
2020-01-01 04:50:00,99.5778,99.6754,99.5755,99.6255,881.0
2020-01-01 04:51:00,99.5969,99.6458,99.5066,99.5762,1534.0
2020-01-01 04:52:00,99.569,99.5612,99.4732,99.5172,4438.0
2020-01-01 04:53:00,99.6194,99.6109,99.5935,99.6022,9308.0
2020-01-01 04:54:00,99.6266,99.6431,99.6327,99.6379,2802.0
2020-01-01 04:55:00,99.5371,99.5822,99.555,99.5686,4091.0
2020-01-01 04:56:00,99.7142,99.7763,99.5408,99.6586,8751.0
2020-01-01 04:57:00,99.7929,99.768,99.6106,99.6893,7632.0
2020-01-01 04:58:00,99.7773,99.8249,99.7163,99.7706,7345.0
2020-01-01 04:59:00,99.8805,99.8558,99.8113,99.8335,3740.0
2020-01-01 05:00:00,99.7678,99.846,99.6553,99.7506,631.0
2020-01-01 05:01:00,99.7324,99.7435,99.6458,99.6946,2077.0
2020-01-01 05:02:00,99.7111,99.8637,99.675,99.7694,3864.0
2020-01-01 05:03:00,99.806,99.8787,99.7821,99.8304,390.0
2020-01-01 05:04:00,99.8481,99.8402,99.8164,99.8283,6177.0
2020-01-01 05:05:00,99.9007,99.9037,99.7763,99.84,7968.0
2020-01-01 05:06:00,99.9269,99.9685,99.9671,99.9678,3675.0
2020-01-01 05:07:00,99.807,99.928,99.8893,99.9086,4749.0
2020-01-01 05:08:00,99.9384,99.9711,99.9556,99.9634,6714.0
2020-01-01 05:09:00,99.9936,99.9788,99.9074,99.9431,612.0
2020-01-01 05:10:00,99.8422,99.9263,99.9164,99.9214,1739.0
2020-01-01 05:11:00,99.9724,100.0574,100.0051,100.0312,8546.0
2020-01-01 05:12:00,100.1216,100.1421,100.0854,100.1138,4916.0
2020-01-01 05:13:00,100.1893,100.2357,100.1546,100.1951,5949.0
2020-01-01 05:14:00,100.3554,100.3584,100.293,100.3257,2737.0
2020-01-01 05:15:00,100.2663,100.3736,100.282,100.3278,2065.0
2020-01-01 05:16:00,100.3797,100.4571,100.3348,100.396,150.0
2020-01-01 05:17:00,100.4247,100.4484,100.2815,100.365,899.0
2020-01-01 05:18:00,100.3377,100.454,100.3407,100.3974,8391.0
2020-01-01 05:19:00,100.4582,100.4874,100.2813,100.3844,6742.0
2020-01-01 05:20:00,100.3407,100.4067,100.3815,100.3941,336.0
2020-01-01 05:21:00,100.496,100.4835,100.4236,100.4536,571.0
2020-01-01 05:22:00,100.3531,100.4236,100.3199,100.3717,2304.0
2020-01-01 05:23:00,100.5237,100.5948,100.5672,100.581,7281.0
2020-01-01 05:24:00,100.4555,100.4895,100.4713,100.4804,6359.0
2020-01-01 05:25:00,100.3862,100.4247,100.2933,100.359,8430.0
2020-01-01 05:26:00,100.4744,100.4817,100.4678,100.4748,1483.0
2020-01-01 05:27:00,100.6099,100.5789,100.529,100.5539,4601.0
2020-01-01 05:28:00,100.6881,100.6422,100.5905,100.6164,1812.0
2020-01-01 05:29:00,100.62,100.7325,100.6259,100.6792,9242.0
2020-01-01 05:30:00,100.6152,100.7167,100.6392,100.678,6810.0
2020-01-01 05:31:00,100.523,100.6149,100.5616,100.5882,3896.0
2020-01-01 05:32:00,100.5509,100.6906,100.501,100.5958,2473.0
2020-01-01 05:33:00,100.5833,100.5356,100.5206,100.5281,9649.0
2020-01-01 05:34:00,100.6536,100.6356,100.6156,100.6256,4524.0
2020-01-01 05:35:00,100.5837,100.6143,100.6076,100.6109,5519.0
2020-01-01 05:36:00,100.5278,100.5694,100.4873,100.5284,1799.0
2020-01-01 05:37:00,100.5664,100.5774,100.415,100.4962,4210.0
2020-01-01 05:38:00,100.6329,100.5639,100.5111,100.5375,3472.0
2020-01-01 05:39:00,100.4941,100.5375,100.4248,100.4811,8925.0
2020-01-01 05:40:00,100.266,100.4215,100.3764,100.3989,5681.0
2020-01-01 05:41:00,100.4382,100.5234,100.3232,100.4233,9420.0
2020-01-01 05:42:00,100.4945,100.4804,100.4152,100.4478,2486.0
2020-01-01 05:43:00,100.4083,100.4455,100.3487,100.3971,8683.0
2020-01-01 05:44:00,100.3863,100.3809,100.3191,100.35,268.0
2020-01-01 05:45:00,100.391,100.4069,100.3395,100.3732,4065.0
2020-01-01 05:46:00,100.1667,100.2728,100.184,100.2284,3308.0
2020-01-01 05:47:00,100.0433,100.1576,100.0177,100.0876,9477.0
2020-01-01 05:48:00,99.9997,100.0549,99.9767,100.0158,8272.0
2020-01-01 05:49:00,100.0477,100.0052,99.9837,99.9945,2827.0
2020-01-01 05:50:00,99.9872,100.0326,100.0185,100.0255,3609.0
2020-01-01 05:51:00,100.1959,100.2493,100.0968,100.1731,7649.0
2020-01-01 05:52:00,100.274,100.2655,100.2522,100.2588,4577.0
2020-01-01 05:53:00,100.3222,100.2859,100.1998,100.2428,4820.0
2020-01-01 05:54:00,100.2389,100.2757,100.2062,100.2409,1813.0
2020-01-01 05:55:00,100.053,100.2693,100.0121,100.1407,6719.0
2020-01-01 05:56:00,100.1712,100.1638,100.1139,100.1388,2612.0
2020-01-01 05:57:00,100.2169,100.2095,100.0104,100.11,4689.0
2020-01-01 05:58:00,100.1779,100.1603,100.1242,100.1422,6778.0
2020-01-01 05:59:00,100.0201,100.0657,100.0534,100.0595,2778.0
2020-01-01 06:00:00,100.0574,100.1158,100.1071,100.1115,381.0
2020-01-01 06:01:00,100.2171,100.3013,100.2282,100.2647,5026.0
2020-01-01 06:02:00,100.354,100.2661,100.2416,100.2539,529.0
2020-01-01 06:03:00,100.2777,100.3562,100.2319,100.294,4758.0
2020-01-01 06:04:00,100.3299,100.4103,100.3158,100.363,5262.0
2020-01-01 06:05:00,100.315,100.3552,100.2906,100.3229,8205.0
2020-01-01 06:06:00,100.3295,100.3961,100.2945,100.3453,3312.0
2020-01-01 06:07:00,100.425,100.3735,100.3197,100.3466,4732.0
2020-01-01 06:08:00,100.3056,100.4248,100.2879,100.3564,2763.0
2020-01-01 06:09:00,100.3381,100.3673,100.1908,100.2791,9227.0
2020-01-01 06:10:00,100.2876,100.3202,100.2428,100.2815,1788.0
2020-01-01 06:11:00,100.3917,100.3425,100.3201,100.3313,5694.0
2020-01-01 06:12:00,100.5556,100.493,100.4599,100.4764,6035.0
2020-01-01 06:13:00,100.5766,100.6006,100.5441,100.5723,9174.0
2020-01-01 06:14:00,100.7719,100.7948,100.7805,100.7877,916.0
2020-01-01 06:15:00,100.7142,100.7397,100.6822,100.7109,3966.0
2020-01-01 06:16:00,100.7934,100.8462,100.7501,100.7982,6288.0
2020-01-01 06:17:00,100.7337,100.8561,100.7769,100.8165,777.0
2020-01-01 06:18:00,101.1131,101.0441,101.0269,101.0355,2589.0
2020-01-01 06:19:00,100.9669,100.962,100.9473,100.9546,7332.0
2020-01-01 06:20:00,100.8125,100.9881,100.7532,100.8707,2546.0
2020-01-01 06:21:00,100.7074,100.8582,100.7632,100.8107,1988.0
2020-01-01 06:22:00,100.482,100.6444,100.5523,100.5983,1820.0
2020-01-01 06:23:00,100.5843,100.5508,100.5408,100.5458,323.0
2020-01-01 06:24:00,100.4389,100.4866,100.4531,100.4699,1034.0
2020-01-01 06:25:00,100.4622,100.4917,100.4781,100.4849,9604.0
2020-01-01 06:26:00,100.5435,100.5805,100.4576,100.5191,1408.0
2020-01-01 06:27:00,100.6809,100.7273,100.6861,100.7067,8517.0
2020-01-01 06:28:00,100.8291,100.8923,100.7112,100.8017,299.0
2020-01-01 06:29:00,100.7488,100.773,100.7151,100.744,4206.0
2020-01-01 06:30:00,100.65,100.7788,100.5296,100.6542,5174.0
2020-01-01 06:31:00,100.6248,100.7642,100.6426,100.7034,4093.0
2020-01-01 06:32:00,100.5304,100.6259,100.5169,100.5714,7172.0
2020-01-01 06:33:00,100.7846,100.7725,100.7366,100.7545,4033.0
2020-01-01 06:34:00,100.8384,100.9083,100.8366,100.8725,7033.0
2020-01-01 06:35:00,100.8858,100.8685,100.7826,100.8255,1697.0
2020-01-01 06:36:00,100.7715,100.6777,100.6307,100.6542,104.0
2020-01-01 06:37:00,100.8224,100.8645,100.7147,100.7896,8571.0
2020-01-01 06:38:00,100.8528,100.7917,100.7646,100.7782,7690.0
2020-01-01 06:39:00,100.938,100.9954,100.8085,100.9019,3119.0
2020-01-01 06:40:00,100.7158,100.7457,100.7393,100.7425,5457.0
2020-01-01 06:41:00,100.6926,100.6865,100.6786,100.6826,2464.0
2020-01-01 06:42:00,100.7838,100.743,100.6232,100.6831,226.0
2020-01-01 06:43:00,100.6616,100.6885,100.6871,100.6878,4926.0
2020-01-01 06:44:00,100.5908,100.6639,100.6217,100.6428,3349.0
2020-01-01 06:45:00,100.6484,100.7573,100.6528,100.7051,4001.0
2020-01-01 06:46:00,100.5874,100.6043,100.5923,100.5983,5257.0
2020-01-01 06:47:00,100.5339,100.6216,100.5466,100.5841,8774.0
2020-01-01 06:48:00,100.6798,100.6538,100.5383,100.5961,3139.0
2020-01-01 06:49:00,100.6584,100.6572,100.6379,100.6475,4510.0
2020-01-01 06:50:00,100.7673,100.7188,100.7186,100.7187,9799.0
2020-01-01 06:51:00,100.5913,100.6151,100.5973,100.6062,9230.0
2020-01-01 06:52:00,100.3958,100.5064,100.3993,100.4528,116.0
2020-01-01 06:53:00,100.5151,100.607,100.5542,100.5806,8104.0
2020-01-01 06:54:00,100.5684,100.614,100.6136,100.6138,7183.0
2020-01-01 06:55:00,100.5564,100.5487,100.5292,100.539,5175.0
2020-01-01 06:56:00,100.7201,100.7577,100.6305,100.6941,4042.0
2020-01-01 06:57:00,100.7358,100.7165,100.6948,100.7057,6272.0
2020-01-01 06:58:00,100.7492,100.8663,100.7808,100.8236,3717.0
2020-01-01 06:59:00,100.8303,100.8308,100.8299,100.8303,9325.0
2020-01-01 07:00:00,100.9851,101.0892,100.9836,101.0364,6330.0
2020-01-01 07:01:00,101.232,101.2318,101.1921,101.2119,8761.0
2020-01-01 07:02:00,101.211,101.1877,101.1864,101.1871,1424.0
2020-01-01 07:03:00,101.2256,101.2849,101.2835,101.2842,3377.0
2020-01-01 07:04:00,101.3971,101.3965,101.301,101.3487,1724.0
2020-01-01 07:05:00,101.6026,101.511,101.4603,101.4856,7349.0
2020-01-01 07:06:00,101.4309,101.3911,101.3871,101.3891,9527.0
2020-01-01 07:07:00,101.4496,101.4828,101.4326,101.4577,218.0
2020-01-01 07:08:00,101.5477,101.6189,101.5082,101.5636,7403.0
2020-01-01 07:09:00,101.3772,101.4502,101.3252,101.3877,8040.0
2020-01-01 07:10:00,101.2313,101.2905,101.2482,101.2694,9079.0
2020-01-01 07:11:00,101.0781,101.1168,101.0141,101.0654,6620.0
2020-01-01 07:12:00,100.9816,101.0543,101.0227,101.0385,2575.0
2020-01-01 07:13:00,101.0158,101.1126,101.1079,101.1103,2867.0
2020-01-01 07:14:00,101.2715,101.273,101.2479,101.2605,9719.0
2020-01-01 07:15:00,101.269,101.2769,101.2589,101.2679,342.0
2020-01-01 07:16:00,101.4022,101.5066,101.3549,101.4308,5180.0
2020-01-01 07:17:00,101.2286,101.3102,101.2753,101.2928,5564.0
2020-01-01 07:18:00,101.1369,101.2032,101.0416,101.1224,4822.0
2020-01-01 07:19:00,101.0673,101.1498,101.0839,101.1169,8307.0
2020-01-01 07:20:00,101.1483,101.1712,101.1394,101.1553,4711.0
2020-01-01 07:21:00,101.2402,101.1791,101.1249,101.152,6509.0
2020-01-01 07:22:00,100.9778,100.9496,100.9409,100.9453,8214.0
2020-01-01 07:23:00,100.8679,100.9655,100.9072,100.9363,6803.0
2020-01-01 07:24:00,100.7422,100.8302,100.7816,100.8059,2882.0
2020-01-01 07:25:00,100.8805,100.8827,100.863,100.8729,6959.0
2020-01-01 07:26:00,100.8408,100.9482,100.8708,100.9095,6263.0
2020-01-01 07:27:00,100.7154,100.8681,100.763,100.8155,1923.0
2020-01-01 07:28:00,100.7908,100.7812,100.7471,100.7641,5023.0
2020-01-01 07:29:00,100.6743,100.6695,100.6469,100.6582,8302.0
2020-01-01 07:30:00,100.6745,100.6747,100.6292,100.652,5239.0
2020-01-01 07:31:00,100.7606,100.7871,100.7078,100.7475,8570.0
2020-01-01 07:32:00,100.6456,100.6947,100.6031,100.6489,5766.0
2020-01-01 07:33:00,100.6662,100.7586,100.64,100.6993,5620.0
2020-01-01 07:34:00,100.6721,100.6957,100.5968,100.6463,7021.0
2020-01-01 07:35:00,100.6435,100.5915,100.5424,100.567,2185.0
2020-01-01 07:36:00,100.5312,100.5829,100.5297,100.5563,5169.0
2020-01-01 07:37:00,100.4017,100.5844,100.3211,100.4528,1206.0
2020-01-01 07:38:00,100.3406,100.4189,100.3759,100.3974,8323.0
2020-01-01 07:39:00,100.2343,100.3615,100.1937,100.2776,9028.0
2020-01-01 07:40:00,100.4842,100.5374,100.4107,100.4741,1948.0
2020-01-01 07:41:00,100.3706,100.5271,100.4281,100.4776,3708.0
2020-01-01 07:42:00,100.4296,100.442,100.3733,100.4076,8207.0
2020-01-01 07:43:00,100.4612,100.4713,100.3867,100.429,2777.0
2020-01-01 07:44:00,100.3279,100.4312,100.4044,100.4178,393.0
2020-01-01 07:45:00,100.3467,100.4311,100.3603,100.3957,3296.0
2020-01-01 07:46:00,100.4611,100.4981,100.4162,100.4571,1671.0
2020-01-01 07:47:00,100.5257,100.5908,100.4749,100.5329,6666.0
2020-01-01 07:48:00,100.5058,100.541,100.4186,100.4798,368.0
2020-01-01 07:49:00,100.4152,100.4697,100.3748,100.4222,7173.0
2020-01-01 07:50:00,100.458,100.4209,100.3685,100.3947,9439.0
2020-01-01 07:51:00,100.1485,100.1692,100.1599,100.1645,3442.0
2020-01-01 07:52:00,99.9639,100.0379,99.9882,100.013,5277.0
2020-01-01 07:53:00,100.0965,100.1974,100.1021,100.1497,979.0
2020-01-01 07:54:00,100.351,100.3324,100.2961,100.3142,158.0
2020-01-01 07:55:00,100.2908,100.348,100.2306,100.2893,3991.0
2020-01-01 07:56:00,100.3786,100.3967,100.2973,100.347,316.0
2020-01-01 07:57:00,100.4087,100.4357,100.3204,100.3781,5800.0
2020-01-01 07:58:00,100.585,100.781,100.5909,100.686,7749.0
2020-01-01 07:59:00,100.7409,100.8176,100.7783,100.7979,6346.0
2020-01-01 08:00:00,100.7341,100.8405,100.7298,100.7851,8078.0
2020-01-01 08:01:00,100.6488,100.7019,100.6773,100.6896,6484.0
2020-01-01 08:02:00,100.5079,100.5958,100.4621,100.5289,5056.0
2020-01-01 08:03:00,100.5992,100.5799,100.5187,100.5493,833.0
2020-01-01 08:04:00,100.5336,100.5021,100.4452,100.4737,6050.0
2020-01-01 08:05:00,100.3168,100.335,100.3278,100.3314,5448.0
2020-01-01 08:06:00,100.2542,100.2789,100.2546,100.2668,5671.0
2020-01-01 08:07:00,100.1233,100.2067,100.1105,100.1586,7174.0
2020-01-01 08:08:00,100.3318,100.3766,100.278,100.3273,2521.0
2020-01-01 08:09:00,100.4256,100.4542,100.3768,100.4155,3477.0
2020-01-01 08:10:00,100.455,100.4651,100.3643,100.4147,8665.0
2020-01-01 08:11:00,100.6026,100.5669,100.5584,100.5627,7204.0
2020-01-01 08:12:00,100.4553,100.6248,100.516,100.5704,6883.0
2020-01-01 08:13:00,100.4767,100.5185,100.4501,100.4843,211.0
2020-01-01 08:14:00,100.7058,100.6719,100.6013,100.6366,8585.0
2020-01-01 08:15:00,100.6686,100.7035,100.6775,100.6905,2569.0
2020-01-01 08:16:00,100.6437,100.6611,100.5124,100.5868,2298.0
2020-01-01 08:17:00,100.5524,100.5721,100.5634,100.5677,5393.0
2020-01-01 08:18:00,100.4889,100.5425,100.4178,100.4802,7681.0
2020-01-01 08:19:00,100.2851,100.3487,100.3351,100.3419,8459.0
2020-01-01 08:20:00,100.3796,100.5116,100.3575,100.4345,169.0
2020-01-01 08:21:00,100.6617,100.6922,100.5588,100.6255,6056.0
2020-01-01 08:22:00,100.5297,100.5245,100.4467,100.4856,9717.0
2020-01-01 08:23:00,100.5432,100.5456,100.5382,100.5419,6174.0
2020-01-01 08:24:00,100.4155,100.478,100.4757,100.4768,2672.0
2020-01-01 08:25:00,100.4303,100.4663,100.3899,100.4281,1754.0
2020-01-01 08:26:00,100.4317,100.3885,100.3493,100.3689,2359.0
2020-01-01 08:27:00,100.3696,100.3766,100.1884,100.2825,201.0
2020-01-01 08:28:00,100.2715,100.3119,100.2627,100.2873,6008.0
2020-01-01 08:29:00,100.1212,100.2608,100.1477,100.2042,5808.0
2020-01-01 08:30:00,100.2733,100.2794,100.1832,100.2313,1461.0
2020-01-01 08:31:00,100.2125,100.2263,100.2263,100.2263,8624.0
2020-01-01 08:32:00,100.2495,100.2071,100.1976,100.2024,3360.0
2020-01-01 08:33:00,100.1257,100.1822,100.041,100.1116,1222.0
2020-01-01 08:34:00,100.0098,100.0622,100.0457,100.0539,2057.0
2020-01-01 08:35:00,100.1324,100.1778,100.0812,100.1295,8751.0
2020-01-01 08:36:00,100.245,100.236,100.1231,100.1796,9509.0
2020-01-01 08:37:00,100.0744,100.1454,100.0182,100.0818,6798.0
2020-01-01 08:38:00,100.04,100.1698,100.0137,100.0917,5085.0
2020-01-01 08:39:00,100.0874,100.2727,100.061,100.1669,6879.0
2020-01-01 08:40:00,99.9613,100.0205,99.9794,99.9999,1030.0
2020-01-01 08:41:00,100.0338,100.0616,100.047,100.0543,8602.0
2020-01-01 08:42:00,100.029,100.0826,99.8934,99.988,2989.0
2020-01-01 08:43:00,99.989,100.0482,100.042,100.0451,6059.0
2020-01-01 08:44:00,100.0464,99.9802,99.9573,99.9687,7239.0
2020-01-01 08:45:00,99.7214,99.7926,99.784,99.7883,1858.0
2020-01-01 08:46:00,99.7421,99.6537,99.5974,99.6255,8181.0
2020-01-01 08:47:00,99.7166,99.6776,99.583,99.6303,4441.0
2020-01-01 08:48:00,99.6633,99.7128,99.5998,99.6563,8246.0
2020-01-01 08:49:00,99.4835,99.5674,99.5643,99.5659,571.0
2020-01-01 08:50:00,99.6269,99.7068,99.5527,99.6297,4517.0
2020-01-01 08:51:00,99.4442,99.4899,99.4372,99.4636,3280.0
2020-01-01 08:52:00,99.3932,99.4787,99.4352,99.457,7916.0
2020-01-01 08:53:00,99.3504,99.3766,99.2951,99.3359,1244.0
2020-01-01 08:54:00,99.2295,99.3518,99.1895,99.2707,198.0
2020-01-01 08:55:00,99.2397,99.3361,99.2147,99.2754,3749.0
2020-01-01 08:56:00,99.1792,99.2442,99.1345,99.1894,593.0
2020-01-01 08:57:00,99.1222,99.2095,99.0923,99.1509,2257.0
2020-01-01 08:58:00,99.3554,99.3425,99.1606,99.2515,4679.0
2020-01-01 08:59:00,99.1671,99.2873,99.1004,99.1939,2277.0
2020-01-01 09:00:00,99.2995,99.3471,99.2077,99.2774,9715.0
2020-01-01 09:01:00,99.1717,99.1737,99.1552,99.1645,8797.0
2020-01-01 09:02:00,99.2351,99.2209,99.214,99.2174,7012.0
2020-01-01 09:03:00,99.383,99.5021,99.2211,99.3616,8652.0
2020-01-01 09:04:00,99.1585,99.1278,99.1011,99.1144,8445.0
2020-01-01 09:05:00,99.0481,99.0572,99.0123,99.0347,8207.0
2020-01-01 09:06:00,99.1037,99.1102,99.0747,99.0924,632.0
2020-01-01 09:07:00,99.0751,99.1173,99.027,99.0721,5766.0
2020-01-01 09:08:00,99.1023,99.1286,99.0899,99.1093,2457.0
2020-01-01 09:09:00,99.0033,99.0845,99.0132,99.0489,6879.0
2020-01-01 09:10:00,99.0545,99.092,99.023,99.0575,2069.0
2020-01-01 09:11:00,99.054,99.1125,98.9714,99.0419,5071.0
2020-01-01 09:12:00,99.1788,99.2236,99.0938,99.1587,7271.0
2020-01-01 09:13:00,99.1932,99.2573,99.1111,99.1842,734.0
2020-01-01 09:14:00,99.2063,99.2684,99.1674,99.2179,2701.0
2020-01-01 09:15:00,99.1739,99.2525,99.101,99.1767,1292.0
2020-01-01 09:16:00,99.1003,99.1417,99.1143,99.128,9028.0
2020-01-01 09:17:00,99.1004,99.098,99.0714,99.0847,9500.0
2020-01-01 09:18:00,99.1131,99.1293,99.119,99.1242,5904.0
2020-01-01 09:19:00,99.0911,99.1502,99.0139,99.0821,707.0
2020-01-01 09:20:00,99.1611,99.133,99.0891,99.111,6521.0
2020-01-01 09:21:00,99.2831,99.3492,99.288,99.3186,5358.0
2020-01-01 09:22:00,99.4355,99.4076,99.4038,99.4057,3165.0
2020-01-01 09:23:00,99.3748,99.3807,99.3655,99.3731,7966.0
2020-01-01 09:24:00,99.5943,99.6082,99.3782,99.4932,7353.0
2020-01-01 09:25:00,99.4416,99.5245,99.3803,99.4524,4426.0
2020-01-01 09:26:00,99.2834,99.3131,99.1841,99.2486,5670.0
2020-01-01 09:27:00,99.1486,99.1806,99.115,99.1478,2137.0
2020-01-01 09:28:00,98.8913,98.9847,98.9367,98.9607,2285.0
2020-01-01 09:29:00,98.8995,99.007,98.8441,98.9256,9288.0
2020-01-01 09:30:00,98.9714,99.0198,98.835,98.9274,7605.0
2020-01-01 09:31:00,99.0734,99.1211,99.069,99.095,1279.0
2020-01-01 09:32:00,99.0167,99.1882,99.0673,99.1277,4802.0
2020-01-01 09:33:00,99.1043,99.1264,99.0852,99.1058,7035.0
2020-01-01 09:34:00,99.1341,99.2444,99.1331,99.1888,9624.0
2020-01-01 09:35:00,98.9742,98.9893,98.946,98.9677,2844.0
2020-01-01 09:36:00,99.0688,99.0005,98.9819,98.9912,2360.0
2020-01-01 09:37:00,99.1068,99.0923,99.0443,99.0683,6220.0
2020-01-01 09:38:00,98.9973,98.9399,98.901,98.9204,3598.0
2020-01-01 09:39:00,99.0067,99.0482,99.0214,99.0348,3513.0
2020-01-01 09:40:00,99.0615,99.1231,99.0142,99.0687,5578.0
2020-01-01 09:41:00,98.9749,99.1672,98.8871,99.0271,5898.0
2020-01-01 09:42:00,99.0562,99.1148,99.0661,99.0904,8197.0
2020-01-01 09:43:00,99.2711,99.4284,99.2066,99.3175,305.0
2020-01-01 09:44:00,99.2703,99.3778,99.2936,99.3357,5480.0
2020-01-01 09:45:00,99.4288,99.4239,99.2971,99.3605,1909.0
2020-01-01 09:46:00,99.21,99.3559,99.2733,99.3146,9191.0
2020-01-01 09:47:00,99.2981,99.2457,99.2135,99.2296,9039.0
2020-01-01 09:48:00,99.3749,99.3325,99.2927,99.3126,7042.0
2020-01-01 09:49:00,99.252,99.2455,99.2085,99.227,2396.0
2020-01-01 09:50:00,99.1784,99.2481,99.2202,99.2342,5028.0
2020-01-01 09:51:00,99.1073,99.2049,99.1678,99.1864,5249.0
2020-01-01 09:52:00,99.2069,99.2383,99.2302,99.2343,4098.0
2020-01-01 09:53:00,99.2989,99.3094,99.2259,99.2677,6034.0
2020-01-01 09:54:00,99.3716,99.3882,99.3546,99.3714,1038.0
2020-01-01 09:55:00,99.2682,99.3454,99.2954,99.3204,5350.0
2020-01-01 09:56:00,99.3508,99.3184,99.2684,99.2934,4655.0
2020-01-01 09:57:00,99.2798,99.2398,99.1513,99.1955,6638.0
2020-01-01 09:58:00,99.1398,99.1655,99.1367,99.1511,7795.0
2020-01-01 09:59:00,99.1943,99.2068,99.1709,99.1888,6656.0
2020-01-01 10:00:00,99.1891,99.324,99.2051,99.2645,2264.0
2020-01-01 10:01:00,99.1516,99.2056,99.1391,99.1723,5368.0
2020-01-01 10:02:00,99.2848,99.3021,99.2165,99.2593,6352.0
2020-01-01 10:03:00,99.4126,99.4541,99.3356,99.3949,6221.0
2020-01-01 10:04:00,99.4108,99.4453,99.427,99.4362,2973.0
2020-01-01 10:05:00,99.6102,99.7166,99.5312,99.6239,1550.0
2020-01-01 10:06:00,99.5241,99.5696,99.5234,99.5465,5205.0
2020-01-01 10:07:00,99.4081,99.4275,99.4166,99.422,5736.0
2020-01-01 10:08:00,99.2653,99.3009,99.1874,99.2442,1303.0
2020-01-01 10:09:00,99.2954,99.4274,99.3602,99.3938,7152.0
2020-01-01 10:10:00,99.4555,99.4694,99.449,99.4592,4591.0
2020-01-01 10:11:00,99.4711,99.5097,99.3975,99.4536,3124.0
2020-01-01 10:12:00,99.4531,99.5508,99.4125,99.4816,6244.0
2020-01-01 10:13:00,99.3451,99.4031,99.3351,99.3691,2155.0
2020-01-01 10:14:00,99.5911,99.6228,99.6046,99.6137,2291.0
2020-01-01 10:15:00,99.6026,99.6413,99.6119,99.6266,9970.0
2020-01-01 10:16:00,99.6378,99.6562,99.6188,99.6375,7932.0
2020-01-01 10:17:00,99.7166,99.7232,99.697,99.7101,9957.0
2020-01-01 10:18:00,99.6532,99.8223,99.6941,99.7582,4828.0
2020-01-01 10:19:00,99.8132,99.8751,99.6861,99.7806,5790.0
2020-01-01 10:20:00,99.687,99.7226,99.6805,99.7015,4924.0
2020-01-01 10:21:00,99.8453,99.7711,99.7263,99.7487,3111.0
2020-01-01 10:22:00,99.8773,99.9598,99.914,99.9369,7719.0
2020-01-01 10:23:00,100.0281,100.1391,100.0038,100.0714,8535.0
2020-01-01 10:24:00,100.2206,100.2907,100.1708,100.2308,8431.0
2020-01-01 10:25:00,100.2003,100.1939,100.1654,100.1796,2548.0
2020-01-01 10:26:00,99.9831,100.1457,100.0157,100.0807,824.0
2020-01-01 10:27:00,100.0266,100.1038,100.0324,100.0681,9856.0
2020-01-01 10:28:00,100.1032,100.1202,100.0271,100.0737,203.0
2020-01-01 10:29:00,100.1357,100.2736,100.0926,100.1831,4147.0
2020-01-01 10:30:00,100.0823,100.0746,99.9531,100.0138,162.0
2020-01-01 10:31:00,100.1441,100.1721,100.1615,100.1668,2162.0
2020-01-01 10:32:00,100.106,100.1676,100.1344,100.151,3665.0
2020-01-01 10:33:00,100.1388,100.1847,100.0319,100.1083,9838.0
2020-01-01 10:34:00,100.0875,100.0226,99.9916,100.0071,6684.0
2020-01-01 10:35:00,99.8624,99.8974,99.7858,99.8416,6768.0
2020-01-01 10:36:00,99.9869,99.9636,99.8843,99.9239,4922.0
2020-01-01 10:37:00,100.0151,99.9908,99.8717,99.9313,4933.0
2020-01-01 10:38:00,99.7562,99.8253,99.7792,99.8023,3746.0
2020-01-01 10:39:00,99.7197,99.6742,99.6714,99.6728,229.0
2020-01-01 10:40:00,99.563,99.6529,99.6255,99.6392,3115.0
2020-01-01 10:41:00,99.8273,99.8361,99.7761,99.8061,7769.0
2020-01-01 10:42:00,99.7766,99.8336,99.7267,99.7801,5390.0
2020-01-01 10:43:00,99.692,99.6402,99.6194,99.6298,1026.0
2020-01-01 10:44:00,99.6638,99.6446,99.5658,99.6052,2080.0
2020-01-01 10:45:00,99.6064,99.5893,99.5666,99.578,5625.0
2020-01-01 10:46:00,99.3232,99.4064,99.2101,99.3083,1919.0
2020-01-01 10:47:00,99.3283,99.3196,99.2861,99.3028,5207.0
2020-01-01 10:48:00,99.2828,99.2979,99.2616,99.2797,4883.0
2020-01-01 10:49:00,99.3463,99.4257,99.273,99.3494,2995.0
2020-01-01 10:50:00,99.6064,99.5452,99.5233,99.5343,1856.0
2020-01-01 10:51:00,99.7251,99.6587,99.6352,99.6469,2427.0
2020-01-01 10:52:00,99.6129,99.6394,99.6006,99.62,3296.0
2020-01-01 10:53:00,99.5213,99.5926,99.4261,99.5094,3753.0
2020-01-01 10:54:00,99.7708,99.8092,99.7242,99.7667,6354.0
2020-01-01 10:55:00,99.692,99.8454,99.6999,99.7726,4359.0
2020-01-01 10:56:00,99.7572,99.8457,99.7023,99.774,514.0
2020-01-01 10:57:00,99.8516,99.8159,99.7273,99.7716,6437.0
2020-01-01 10:58:00,99.7539,99.8251,99.7578,99.7914,8246.0
2020-01-01 10:59:00,99.8827,99.8359,99.7181,99.777,2970.0
2020-01-01 11:00:00,99.7782,99.7898,99.6494,99.7196,9314.0
2020-01-01 11:01:00,99.685,99.6772,99.6527,99.6649,6352.0
2020-01-01 11:02:00,99.6897,99.7091,99.6142,99.6617,498.0
2020-01-01 11:03:00,99.5615,99.6931,99.5216,99.6073,4070.0
2020-01-01 11:04:00,99.5228,99.5699,99.5021,99.536,8420.0
2020-01-01 11:05:00,99.6187,99.5471,99.5463,99.5467,9824.0
2020-01-01 11:06:00,99.4905,99.5638,99.4786,99.5212,6670.0
2020-01-01 11:07:00,99.7246,99.7173,99.6258,99.6716,1150.0
2020-01-01 11:08:00,99.3376,99.4098,99.4032,99.4065,3052.0
2020-01-01 11:09:00,99.4557,99.5457,99.4856,99.5156,443.0
2020-01-01 11:10:00,99.7353,99.6792,99.6013,99.6402,9716.0
2020-01-01 11:11:00,99.4323,99.4359,99.4299,99.4329,703.0
2020-01-01 11:12:00,99.3717,99.4423,99.355,99.3986,9882.0
2020-01-01 11:13:00,99.4296,99.4075,99.3155,99.3615,7136.0
2020-01-01 11:14:00,99.283,99.2946,99.1469,99.2207,4928.0
2020-01-01 11:15:00,99.189,99.1685,99.1174,99.143,6032.0
2020-01-01 11:16:00,99.0034,99.087,98.9768,99.0319,4351.0
2020-01-01 11:17:00,99.1928,99.216,99.1982,99.2071,6683.0
2020-01-01 11:18:00,99.3163,99.3272,99.2742,99.3007,2248.0
2020-01-01 11:19:00,99.4626,99.4681,99.3876,99.4278,6144.0
2020-01-01 11:20:00,99.4746,99.5416,99.4584,99.5,847.0
2020-01-01 11:21:00,99.3956,99.3919,99.3823,99.3871,8791.0
2020-01-01 11:22:00,99.348,99.3436,99.3257,99.3347,3456.0
2020-01-01 11:23:00,99.4479,99.4226,99.3446,99.3836,5288.0
2020-01-01 11:24:00,99.2991,99.3402,99.1825,99.2614,5998.0
2020-01-01 11:25:00,99.2573,99.3752,99.2902,99.3327,485.0
2020-01-01 11:26:00,99.298,99.3906,99.2267,99.3086,4333.0
2020-01-01 11:27:00,99.2247,99.2841,99.2582,99.2712,6346.0
2020-01-01 11:28:00,99.3707,99.4028,99.2817,99.3423,1835.0
2020-01-01 11:29:00,99.4328,99.412,99.3614,99.3867,2657.0
2020-01-01 11:30:00,99.3557,99.3761,99.3251,99.3506,4922.0
2020-01-01 11:31:00,99.4531,99.5101,99.4229,99.4665,1278.0
2020-01-01 11:32:00,99.3619,99.4118,99.305,99.3584,979.0
2020-01-01 11:33:00,99.4305,99.4244,99.4156,99.42,1605.0
2020-01-01 11:34:00,99.4473,99.5136,99.4451,99.4793,5428.0
2020-01-01 11:35:00,99.3874,99.5022,99.3945,99.4484,1106.0
2020-01-01 11:36:00,99.3785,99.5499,99.4121,99.481,5397.0
2020-01-01 11:37:00,99.4192,99.4633,99.2484,99.3559,3757.0
2020-01-01 11:38:00,99.4731,99.4743,99.4222,99.4483,5209.0
2020-01-01 11:39:00,99.4479,99.534,99.3256,99.4298,372.0
2020-01-01 11:40:00,99.4408,99.4054,99.3496,99.3775,2995.0
2020-01-01 11:41:00,99.4196,99.5131,99.4518,99.4824,3195.0
2020-01-01 11:42:00,99.3252,99.4331,99.3909,99.412,1706.0
2020-01-01 11:43:00,99.2903,99.3347,99.2075,99.2711,2547.0
2020-01-01 11:44:00,99.1301,99.1449,99.0861,99.1155,6596.0
2020-01-01 11:45:00,99.0895,99.2114,99.1407,99.1761,1424.0
2020-01-01 11:46:00,99.066,99.0496,99.0464,99.048,4002.0
2020-01-01 11:47:00,99.2035,99.2682,99.1788,99.2235,7310.0
2020-01-01 11:48:00,98.975,99.0244,99.0062,99.0153,3222.0
2020-01-01 11:49:00,99.1683,99.2127,99.1572,99.185,4966.0
2020-01-01 11:50:00,99.084,99.2648,99.1473,99.2061,1829.0
2020-01-01 11:51:00,99.1668,99.3022,99.0906,99.1964,5454.0
2020-01-01 11:52:00,99.1067,99.2135,99.0703,99.1419,4685.0
2020-01-01 11:53:00,99.2097,99.278,99.0856,99.1818,2822.0
2020-01-01 11:54:00,99.1701,99.1903,99.1658,99.178,4776.0
2020-01-01 11:55:00,99.3203,99.3643,99.2125,99.2884,2994.0
2020-01-01 11:56:00,99.1723,99.3021,99.2975,99.2998,7748.0
2020-01-01 11:57:00,99.2729,99.3523,99.2774,99.3148,2061.0
2020-01-01 11:58:00,99.3063,99.3532,99.2038,99.2785,6668.0
2020-01-01 11:59:00,99.2573,99.2828,99.2627,99.2728,4962.0
2020-01-01 12:00:00,99.3458,99.3132,99.2939,99.3036,2775.0
2020-01-01 12:01:00,99.0423,99.2315,99.0336,99.1325,2039.0
2020-01-01 12:02:00,99.0343,98.999,98.9964,98.9977,113.0
2020-01-01 12:03:00,99.0401,99.0756,99.0685,99.072,845.0
2020-01-01 12:04:00,99.0523,99.1211,99.0572,99.0891,8262.0
2020-01-01 12:05:00,99.1203,99.1062,99.0353,99.0707,4670.0
2020-01-01 12:06:00,99.1307,99.0943,99.0508,99.0726,7809.0
2020-01-01 12:07:00,99.1591,99.1812,99.0334,99.1073,3046.0
2020-01-01 12:08:00,99.1553,99.1679,98.9388,99.0534,3282.0
2020-01-01 12:09:00,99.0389,99.031,98.9201,98.9755,3586.0
2020-01-01 12:10:00,98.9553,99.0736,98.9166,98.9951,6664.0
2020-01-01 12:11:00,98.9044,98.9141,98.8804,98.8973,4606.0
2020-01-01 12:12:00,98.9201,98.964,98.9122,98.9381,4178.0
2020-01-01 12:13:00,98.8693,98.7948,98.7409,98.7678,2007.0
2020-01-01 12:14:00,98.926,98.92,98.8215,98.8708,4091.0
2020-01-01 12:15:00,98.9086,99.0796,98.7564,98.918,1747.0
2020-01-01 12:16:00,98.9875,99.019,98.8682,98.9436,4876.0
2020-01-01 12:17:00,98.9803,99.0919,98.9919,99.0419,2763.0
2020-01-01 12:18:00,99.221,99.2291,99.1878,99.2084,8227.0
2020-01-01 12:19:00,99.263,99.3826,99.2371,99.3099,1982.0
2020-01-01 12:20:00,99.0414,99.1744,99.0772,99.1258,428.0
2020-01-01 12:21:00,99.0371,99.005,98.9907,98.9978,4467.0
2020-01-01 12:22:00,98.9808,98.9767,98.894,98.9353,4817.0
2020-01-01 12:23:00,98.9608,98.9576,98.9183,98.938,9979.0
2020-01-01 12:24:00,98.9806,99.0736,98.9058,98.9897,5700.0
2020-01-01 12:25:00,98.8538,98.9208,98.9135,98.9171,2266.0
2020-01-01 12:26:00,98.8778,98.9449,98.9267,98.9358,481.0
2020-01-01 12:27:00,98.8118,98.9074,98.8132,98.8603,9725.0
2020-01-01 12:28:00,98.7875,98.8939,98.7044,98.7991,4244.0
2020-01-01 12:29:00,98.7123,98.6665,98.6505,98.6585,3981.0
2020-01-01 12:30:00,98.6192,98.5824,98.5499,98.5661,8208.0
2020-01-01 12:31:00,98.3485,98.486,98.376,98.431,6847.0
2020-01-01 12:32:00,98.2987,98.4458,98.221,98.3334,2299.0
2020-01-01 12:33:00,98.4027,98.495,98.3825,98.4388,3632.0
2020-01-01 12:34:00,98.2172,98.3729,98.3148,98.3438,2829.0
2020-01-01 12:35:00,98.6354,98.6072,98.6069,98.6071,8887.0
2020-01-01 12:36:00,98.6441,98.6636,98.6491,98.6564,8138.0
2020-01-01 12:37:00,98.6692,98.681,98.6688,98.6749,4010.0
2020-01-01 12:38:00,98.6563,98.6094,98.5686,98.589,3596.0
2020-01-01 12:39:00,98.6635,98.7042,98.6139,98.6591,7602.0
2020-01-01 12:40:00,98.58,98.6482,98.5548,98.6015,3900.0
2020-01-01 12:41:00,98.6423,98.6354,98.592,98.6137,8262.0
2020-01-01 12:42:00,98.9227,98.8857,98.8537,98.8697,2736.0
2020-01-01 12:43:00,98.8749,98.9401,98.7801,98.8601,2923.0
2020-01-01 12:44:00,99.0095,99.0529,98.8972,98.975,1592.0
2020-01-01 12:45:00,98.8974,98.9514,98.8581,98.9047,3416.0
2020-01-01 12:46:00,98.8971,99.0521,98.7503,98.9012,6875.0
2020-01-01 12:47:00,99.0839,99.1572,98.9993,99.0783,4002.0
2020-01-01 12:48:00,98.9779,99.0553,98.9759,99.0156,5037.0
2020-01-01 12:49:00,99.1684,99.2972,99.0965,99.1968,7517.0
2020-01-01 12:50:00,99.3365,99.3295,99.2057,99.2676,4684.0
2020-01-01 12:51:00,99.3118,99.2903,99.1325,99.2114,6494.0
2020-01-01 12:52:00,99.3542,99.3185,99.2307,99.2746,8272.0
2020-01-01 12:53:00,99.3057,99.4393,99.3044,99.3719,6557.0
2020-01-01 12:54:00,99.3631,99.5338,99.3343,99.434,3396.0
2020-01-01 12:55:00,99.2175,99.2879,99.2662,99.277,5884.0
2020-01-01 12:56:00,99.211,99.2829,99.1257,99.2043,7323.0
2020-01-01 12:57:00,99.0391,99.1949,99.1642,99.1796,9815.0
2020-01-01 12:58:00,99.1427,99.1916,99.1526,99.1721,8264.0
2020-01-01 12:59:00,99.3045,99.2379,99.2304,99.2342,5660.0
2020-01-01 13:00:00,99.3011,99.3143,99.1896,99.252,1074.0
2020-01-01 13:01:00,99.093,99.2,99.0369,99.1184,6376.0
2020-01-01 13:02:00,99.1348,99.1935,99.1194,99.1564,6324.0
2020-01-01 13:03:00,99.2459,99.2579,99.1771,99.2175,6593.0
2020-01-01 13:04:00,99.3202,99.3525,99.1945,99.2735,1770.0
2020-01-01 13:05:00,99.3549,99.4274,99.3357,99.3816,7218.0
2020-01-01 13:06:00,99.4532,99.5178,99.4121,99.4649,8284.0
2020-01-01 13:07:00,99.4826,99.5149,99.5068,99.5109,5271.0
2020-01-01 13:08:00,99.4373,99.591,99.4167,99.5038,6737.0
2020-01-01 13:09:00,99.3268,99.3605,99.315,99.3378,4905.0
2020-01-01 13:10:00,99.3659,99.3937,99.3678,99.3807,6861.0
2020-01-01 13:11:00,99.3384,99.4263,99.3766,99.4015,2903.0
2020-01-01 13:12:00,99.4609,99.4314,99.4259,99.4286,9823.0
2020-01-01 13:13:00,99.3251,99.323,99.2789,99.301,3916.0
2020-01-01 13:14:00,99.2276,99.2355,99.1502,99.1929,5233.0
2020-01-01 13:15:00,99.2598,99.3121,99.2843,99.2982,4179.0
2020-01-01 13:16:00,99.195,99.3894,99.199,99.2942,8175.0
2020-01-01 13:17:00,99.3857,99.3865,99.3382,99.3624,8873.0
2020-01-01 13:18:00,99.332,99.3674,99.363,99.3652,6362.0
2020-01-01 13:19:00,99.3236,99.4293,99.307,99.3682,7918.0
2020-01-01 13:20:00,99.3992,99.4904,99.4336,99.462,3657.0
2020-01-01 13:21:00,99.3966,99.436,99.3848,99.4104,7450.0
2020-01-01 13:22:00,99.4989,99.4345,99.4055,99.42,2482.0
2020-01-01 13:23:00,99.3485,99.376,99.3716,99.3738,5781.0
2020-01-01 13:24:00,99.2758,99.3769,99.2838,99.3303,330.0
2020-01-01 13:25:00,99.332,99.3325,99.2664,99.2994,6554.0
2020-01-01 13:26:00,99.3303,99.3504,99.2929,99.3216,1983.0
2020-01-01 13:27:00,99.1678,99.2744,99.2732,99.2738,6131.0
2020-01-01 13:28:00,99.4324,99.4313,99.3673,99.3993,8976.0
2020-01-01 13:29:00,99.4163,99.3353,99.2845,99.3099,4276.0
2020-01-01 13:30:00,99.1612,99.3268,99.2555,99.2912,9590.0
2020-01-01 13:31:00,99.1854,99.2585,99.2359,99.2472,4583.0
2020-01-01 13:32:00,99.2495,99.3969,99.3869,99.3919,5022.0
2020-01-01 13:33:00,99.4078,99.4223,99.4008,99.4116,1468.0
2020-01-01 13:34:00,99.5643,99.5377,99.4918,99.5147,2366.0
2020-01-01 13:35:00,99.3715,99.3831,99.3492,99.3662,751.0
2020-01-01 13:36:00,99.4625,99.3977,99.3881,99.3929,2210.0
2020-01-01 13:37:00,99.5234,99.492,99.4718,99.4819,3198.0
2020-01-01 13:38:00,99.5752,99.4903,99.4899,99.4901,2855.0
2020-01-01 13:39:00,99.6546,99.6819,99.5114,99.5966,7648.0
2020-01-01 13:40:00,99.5248,99.5944,99.4954,99.5449,4148.0
2020-01-01 13:41:00,99.6892,99.6891,99.6826,99.6858,1277.0
2020-01-01 13:42:00,99.8723,99.9944,99.8371,99.9157,7849.0
2020-01-01 13:43:00,99.8679,99.8981,99.8608,99.8794,9334.0
2020-01-01 13:44:00,99.838,99.8907,99.7791,99.8349,2656.0
2020-01-01 13:45:00,99.976,99.9942,99.9663,99.9802,6894.0
2020-01-01 13:46:00,100.2053,100.1568,100.1196,100.1382,9915.0
2020-01-01 13:47:00,100.0694,100.1,100.0719,100.0859,7696.0
2020-01-01 13:48:00,99.9973,100.0715,100.0163,100.0439,2184.0
2020-01-01 13:49:00,99.9722,100.0455,99.9859,100.0157,2571.0
2020-01-01 13:50:00,99.914,99.9531,99.8095,99.8813,4878.0
2020-01-01 13:51:00,99.7192,99.8036,99.7752,99.7894,2485.0
2020-01-01 13:52:00,99.6789,99.717,99.6609,99.689,8257.0
2020-01-01 13:53:00,99.6786,99.6247,99.5997,99.6122,9586.0
2020-01-01 13:54:00,99.6234,99.691,99.5265,99.6087,1018.0
2020-01-01 13:55:00,99.6284,99.6439,99.6204,99.6322,4847.0
2020-01-01 13:56:00,99.7854,99.8217,99.7527,99.7872,9895.0
2020-01-01 13:57:00,99.6359,99.7216,99.6531,99.6874,5836.0
2020-01-01 13:58:00,99.743,99.8133,99.7584,99.7858,5681.0
2020-01-01 13:59:00,99.7546,99.7941,99.7347,99.7644,1181.0
2020-01-01 14:00:00,99.773,99.8234,99.6955,99.7595,8667.0
2020-01-01 14:01:00,99.8744,99.8832,99.7707,99.8269,7966.0
2020-01-01 14:02:00,99.7193,99.7561,99.6732,99.7147,7723.0
2020-01-01 14:03:00,99.8206,99.7825,99.7233,99.7529,6650.0
2020-01-01 14:04:00,99.8498,99.7886,99.7505,99.7696,9700.0
2020-01-01 14:05:00,99.8586,99.8292,99.8084,99.8188,2203.0
2020-01-01 14:06:00,99.909,99.9112,99.7842,99.8477,5735.0
2020-01-01 14:07:00,100.0437,100.158,100.0285,100.0933,6016.0
2020-01-01 14:08:00,99.972,100.0436,100.0154,100.0295,8308.0
2020-01-01 14:09:00,100.0023,100.0079,99.9448,99.9764,532.0
2020-01-01 14:10:00,99.847,99.9573,99.8708,99.9141,4150.0
2020-01-01 14:11:00,99.844,99.8932,99.8239,99.8585,336.0
2020-01-01 14:12:00,99.8333,99.805,99.7845,99.7948,406.0
2020-01-01 14:13:00,99.9843,99.933,99.8944,99.9137,5981.0
2020-01-01 14:14:00,100.043,100.0964,100.015,100.0557,123.0
2020-01-01 14:15:00,99.9662,100.0371,99.9602,99.9987,5519.0
2020-01-01 14:16:00,99.9314,99.9314,99.8994,99.9154,9305.0
2020-01-01 14:17:00,99.9089,100.0283,99.8968,99.9626,780.0
2020-01-01 14:18:00,99.8987,99.9571,99.8576,99.9073,1615.0
2020-01-01 14:19:00,99.9702,99.9973,99.9439,99.9706,1051.0
2020-01-01 14:20:00,99.9895,99.9984,99.9834,99.9909,5507.0
2020-01-01 14:21:00,99.8438,99.9062,99.7725,99.8393,514.0
2020-01-01 14:22:00,99.9524,99.9947,99.9935,99.9941,4948.0
2020-01-01 14:23:00,100.1373,100.1901,100.1573,100.1737,9715.0
2020-01-01 14:24:00,100.0751,100.1149,100.1099,100.1124,4611.0
2020-01-01 14:25:00,99.9926,100.1472,100.0001,100.0736,5071.0
2020-01-01 14:26:00,100.1193,100.1111,100.0933,100.1022,5085.0
2020-01-01 14:27:00,100.1804,100.1754,100.0959,100.1357,8069.0
2020-01-01 14:28:00,100.2413,100.2371,100.166,100.2015,7750.0
2020-01-01 14:29:00,100.3894,100.4323,100.3728,100.4025,5470.0
2020-01-01 14:30:00,100.3443,100.4498,100.3199,100.3848,6621.0
2020-01-01 14:31:00,100.3422,100.3191,100.2909,100.305,5557.0
2020-01-01 14:32:00,100.199,100.2015,100.1327,100.1671,549.0
2020-01-01 14:33:00,100.1049,100.1245,100.0635,100.094,7428.0
2020-01-01 14:34:00,100.1779,100.1616,100.0197,100.0907,8383.0
2020-01-01 14:35:00,100.2688,100.3676,100.1727,100.2701,6728.0
2020-01-01 14:36:00,100.2055,100.2517,100.185,100.2184,7686.0
2020-01-01 14:37:00,100.2208,100.2899,100.1916,100.2408,3051.0
2020-01-01 14:38:00,100.1611,100.306,100.1722,100.2391,3225.0
2020-01-01 14:39:00,100.391,100.4022,100.3137,100.358,6844.0
2020-01-01 14:40:00,100.6054,100.6532,100.5681,100.6106,1637.0
2020-01-01 14:41:00,100.5831,100.594,100.5211,100.5576,3268.0
2020-01-01 14:42:00,100.6007,100.5327,100.4845,100.5086,5787.0
2020-01-01 14:43:00,100.5935,100.6252,100.6009,100.613,1995.0
2020-01-01 14:44:00,100.5643,100.7245,100.6379,100.6812,7903.0
2020-01-01 14:45:00,100.8899,100.92,100.8118,100.8659,8476.0
2020-01-01 14:46:00,100.9326,100.9662,100.8824,100.9243,1556.0
2020-01-01 14:47:00,100.8517,100.9306,100.8461,100.8884,1594.0
2020-01-01 14:48:00,100.9673,101.0132,100.8816,100.9474,5160.0
2020-01-01 14:49:00,101.0976,101.0906,101.026,101.0583,9440.0
2020-01-01 14:50:00,101.093,101.1445,101.1362,101.1403,9579.0
2020-01-01 14:51:00,101.176,101.2147,101.1674,101.1911,1850.0
2020-01-01 14:52:00,101.3716,101.2992,101.2962,101.2977,9536.0
2020-01-01 14:53:00,101.3786,101.4409,101.3884,101.4147,6587.0
2020-01-01 14:54:00,101.5562,101.5697,101.5361,101.5529,273.0
2020-01-01 14:55:00,101.4865,101.6312,101.6043,101.6178,4412.0
2020-01-01 14:56:00,101.5269,101.6766,101.5255,101.601,3377.0
2020-01-01 14:57:00,101.6236,101.6501,101.5813,101.6157,2121.0
2020-01-01 14:58:00,101.7978,101.7702,101.7025,101.7364,5798.0
2020-01-01 14:59:00,101.5866,101.6734,101.6359,101.6547,1496.0
2020-01-01 15:00:00,101.6953,101.7379,101.6452,101.6915,273.0
2020-01-01 15:01:00,101.6334,101.6789,101.6255,101.6522,6321.0
2020-01-01 15:02:00,101.7027,101.7308,101.5794,101.6551,7651.0
2020-01-01 15:03:00,101.722,101.8104,101.7555,101.7829,2346.0
2020-01-01 15:04:00,101.8235,101.8062,101.7979,101.802,6845.0
2020-01-01 15:05:00,101.774,101.8919,101.7214,101.8067,3178.0
2020-01-01 15:06:00,101.6818,101.7124,101.6289,101.6707,3151.0
2020-01-01 15:07:00,101.7488,101.7621,101.7285,101.7453,4829.0
2020-01-01 15:08:00,101.7973,101.837,101.7827,101.8099,1799.0
2020-01-01 15:09:00,102.0501,102.061,101.9913,102.0262,6768.0
2020-01-01 15:10:00,101.9976,101.9991,101.9917,101.9954,9254.0
2020-01-01 15:11:00,102.0107,102.0345,102.0001,102.0173,3191.0
2020-01-01 15:12:00,102.0244,102.1141,101.9704,102.0423,3884.0
2020-01-01 15:13:00,102.2039,102.2275,102.1725,102.2,1944.0
2020-01-01 15:14:00,102.2016,102.2305,102.1505,102.1905,6497.0
2020-01-01 15:15:00,102.1689,102.2193,102.2175,102.2184,3351.0
2020-01-01 15:16:00,102.2617,102.2809,102.2774,102.2792,7620.0
2020-01-01 15:17:00,102.2451,102.3242,102.2715,102.2978,992.0
2020-01-01 15:18:00,102.2512,102.3044,102.202,102.2532,8506.0
2020-01-01 15:19:00,102.243,102.2869,102.2583,102.2726,3529.0
2020-01-01 15:20:00,102.4185,102.4612,102.2987,102.38,6845.0
2020-01-01 15:21:00,102.3109,102.3454,102.2092,102.2773,3744.0
2020-01-01 15:22:00,102.2445,102.3752,102.206,102.2906,5439.0
2020-01-01 15:23:00,102.2205,102.2336,102.2076,102.2206,705.0
2020-01-01 15:24:00,102.372,102.3419,102.3383,102.3401,8843.0
2020-01-01 15:25:00,102.179,102.2421,102.1334,102.1878,4514.0
2020-01-01 15:26:00,102.0955,102.1705,102.0933,102.1319,2613.0
2020-01-01 15:27:00,102.115,102.1948,102.1445,102.1696,7143.0
2020-01-01 15:28:00,102.3689,102.3784,102.2739,102.3262,1277.0
2020-01-01 15:29:00,102.3647,102.33,102.3091,102.3196,5281.0
2020-01-01 15:30:00,102.2537,102.2844,102.2437,102.2641,1583.0
2020-01-01 15:31:00,102.4905,102.5447,102.3596,102.4522,3411.0
2020-01-01 15:32:00,102.1591,102.3657,102.2491,102.3074,4385.0
2020-01-01 15:33:00,102.1539,102.0926,102.0824,102.0875,7413.0
2020-01-01 15:34:00,102.1237,102.1439,102.1191,102.1315,9837.0
2020-01-01 15:35:00,102.0884,102.1348,102.0278,102.0813,9788.0
2020-01-01 15:36:00,101.9631,102.0135,101.9448,101.9792,8364.0
2020-01-01 15:37:00,102.1198,102.0699,102.0301,102.05,5458.0
2020-01-01 15:38:00,102.0214,102.199,101.9498,102.0744,6659.0
2020-01-01 15:39:00,102.0917,102.051,101.985,102.018,1190.0
2020-01-01 15:40:00,101.9098,101.9458,101.8341,101.89,9908.0
2020-01-01 15:41:00,102.0083,102.0296,101.9248,101.9772,4902.0
2020-01-01 15:42:00,102.0258,102.0766,102.0078,102.0422,9279.0
2020-01-01 15:43:00,101.9669,102.0497,102.0149,102.0323,1691.0
2020-01-01 15:44:00,102.2635,102.2629,102.1711,102.217,6001.0
2020-01-01 15:45:00,102.1255,102.1705,102.0494,102.11,8179.0
2020-01-01 15:46:00,102.0255,101.9896,101.9252,101.9574,8879.0
2020-01-01 15:47:00,101.8785,101.9279,101.8485,101.8882,9134.0
2020-01-01 15:48:00,101.8627,101.9214,101.8459,101.8837,3749.0
2020-01-01 15:49:00,101.9774,102.0196,101.7963,101.908,1665.0
2020-01-01 15:50:00,101.9795,101.9185,101.8492,101.8839,3709.0
2020-01-01 15:51:00,101.9195,101.9704,101.8678,101.9191,3029.0
2020-01-01 15:52:00,101.7563,101.8361,101.7517,101.7939,821.0
2020-01-01 15:53:00,101.9788,101.9541,101.9225,101.9383,1904.0
2020-01-01 15:54:00,101.9174,101.9636,101.8965,101.9301,754.0
2020-01-01 15:55:00,102.0718,102.0494,102.0342,102.0418,8436.0
2020-01-01 15:56:00,102.0631,102.1838,101.9684,102.0761,7784.0
2020-01-01 15:57:00,102.2,102.133,102.1105,102.1218,9988.0
2020-01-01 15:58:00,102.1438,102.1962,102.1612,102.1787,6553.0
2020-01-01 15:59:00,102.2475,102.2302,102.2168,102.2235,4339.0
2020-01-01 16:00:00,102.2633,102.4364,102.1391,102.2878,992.0
2020-01-01 16:01:00,102.4066,102.484,102.3574,102.4207,4390.0
2020-01-01 16:02:00,102.4197,102.4777,102.4029,102.4403,1760.0
2020-01-01 16:03:00,102.5482,102.5258,102.4967,102.5112,5013.0
2020-01-01 16:04:00,102.5482,102.5167,102.4878,102.5023,7436.0
2020-01-01 16:05:00,102.6742,102.6548,102.6378,102.6463,7450.0
2020-01-01 16:06:00,102.5732,102.6104,102.5469,102.5786,4020.0
2020-01-01 16:07:00,102.7657,102.81,102.7074,102.7587,9428.0
2020-01-01 16:08:00,102.7996,102.7852,102.7242,102.7547,1399.0
2020-01-01 16:09:00,102.6581,102.6354,102.5879,102.6116,2623.0
2020-01-01 16:10:00,102.4899,102.6433,102.6056,102.6245,1760.0
2020-01-01 16:11:00,102.5427,102.5654,102.5472,102.5563,9606.0
2020-01-01 16:12:00,102.6292,102.7319,102.5489,102.6404,8725.0
2020-01-01 16:13:00,102.6086,102.5998,102.5505,102.5751,7730.0
2020-01-01 16:14:00,102.5272,102.5789,102.4821,102.5305,4612.0
2020-01-01 16:15:00,102.3775,102.354,102.3292,102.3416,1958.0
2020-01-01 16:16:00,102.2424,102.334,102.2587,102.2963,9002.0
2020-01-01 16:17:00,102.067,102.0834,102.0246,102.054,8429.0
2020-01-01 16:18:00,101.9406,101.95,101.8411,101.8956,1853.0
2020-01-01 16:19:00,101.8979,101.9907,101.9525,101.9716,7435.0
2020-01-01 16:20:00,102.1759,102.1673,101.9331,102.0502,6377.0
2020-01-01 16:21:00,102.1523,102.1077,102.0777,102.0927,1284.0
2020-01-01 16:22:00,101.9961,102.0163,101.9757,101.996,7027.0
2020-01-01 16:23:00,101.9498,102.0181,101.9644,101.9913,833.0
2020-01-01 16:24:00,101.9821,102.0381,101.9437,101.9909,1951.0
2020-01-01 16:25:00,101.8793,101.8848,101.8653,101.8751,6620.0
2020-01-01 16:26:00,102.0474,102.1087,101.9421,102.0254,9645.0
2020-01-01 16:27:00,102.1882,102.1221,102.1042,102.1131,8686.0
2020-01-01 16:28:00,102.0672,102.1223,102.0598,102.091,5391.0
2020-01-01 16:29:00,102.1219,102.134,102.0535,102.0937,2617.0
2020-01-01 16:30:00,102.05,102.1194,102.1097,102.1146,7689.0
2020-01-01 16:31:00,101.8897,101.9493,101.8715,101.9104,3427.0
2020-01-01 16:32:00,101.9045,101.9154,101.8559,101.8857,6224.0
2020-01-01 16:33:00,101.852,101.8386,101.7964,101.8175,2166.0
2020-01-01 16:34:00,101.6797,101.7829,101.6517,101.7173,346.0
2020-01-01 16:35:00,101.6672,101.7013,101.6771,101.6892,5424.0
2020-01-01 16:36:00,101.942,101.8852,101.8527,101.869,7687.0
2020-01-01 16:37:00,101.9912,101.992,101.8741,101.9331,3238.0
2020-01-01 16:38:00,101.8864,101.9155,101.8364,101.8759,441.0
2020-01-01 16:39:00,101.8214,101.9474,101.919,101.9332,2534.0
2020-01-01 16:40:00,102.1987,102.1321,102.0142,102.0731,441.0
2020-01-01 16:41:00,102.1646,102.1872,102.144,102.1656,207.0
2020-01-01 16:42:00,102.1559,102.2271,102.116,102.1716,6920.0
2020-01-01 16:43:00,102.0808,102.1446,102.0691,102.1069,4828.0
2020-01-01 16:44:00,102.1955,102.2309,102.1225,102.1767,5193.0
2020-01-01 16:45:00,102.2354,102.2266,102.2055,102.216,5621.0
2020-01-01 16:46:00,102.3531,102.3289,102.2822,102.3056,5326.0
2020-01-01 16:47:00,102.3228,102.4059,102.3322,102.3691,7902.0
2020-01-01 16:48:00,102.4584,102.4768,102.4712,102.474,2484.0
2020-01-01 16:49:00,102.522,102.4244,102.4166,102.4205,6020.0
2020-01-01 16:50:00,102.5635,102.5626,102.5419,102.5523,8900.0
2020-01-01 16:51:00,102.5634,102.5785,102.5655,102.572,6023.0
2020-01-01 16:52:00,102.7325,102.7862,102.7729,102.7795,5568.0
2020-01-01 16:53:00,102.7359,102.7495,102.6718,102.7106,7796.0
2020-01-01 16:54:00,102.9358,102.9313,102.8371,102.8842,2839.0
2020-01-01 16:55:00,102.9477,102.9078,102.9002,102.904,4923.0
2020-01-01 16:56:00,102.8259,102.8476,102.8301,102.8389,5160.0
2020-01-01 16:57:00,102.8085,102.8278,102.7531,102.7905,7140.0
2020-01-01 16:58:00,102.842,102.825,102.6918,102.7584,8502.0
2020-01-01 16:59:00,102.8544,102.8663,102.7355,102.8009,8577.0
2020-01-01 17:00:00,102.8139,102.8809,102.8254,102.8531,5938.0
2020-01-01 17:01:00,102.6685,102.877,102.7146,102.7958,8785.0
2020-01-01 17:02:00,102.8082,102.8315,102.7552,102.7933,1117.0
2020-01-01 17:03:00,103.0475,103.0537,102.9614,103.0076,3590.0
2020-01-01 17:04:00,103.1259,103.1865,103.1741,103.1803,2984.0
2020-01-01 17:05:00,103.2235,103.3039,103.144,103.224,2914.0
2020-01-01 17:06:00,103.2146,103.2386,103.2169,103.2278,8814.0
2020-01-01 17:07:00,103.245,103.3106,103.1689,103.2398,5014.0
2020-01-01 17:08:00,103.2739,103.3194,103.2828,103.3011,9948.0
2020-01-01 17:09:00,103.2634,103.2111,103.1866,103.1988,8015.0
2020-01-01 17:10:00,103.1805,103.2033,103.1429,103.1731,3164.0
2020-01-01 17:11:00,102.9623,103.0349,102.9776,103.0062,689.0
2020-01-01 17:12:00,103.092,103.1295,102.9628,103.0462,8926.0
2020-01-01 17:13:00,103.0477,103.1604,103.0613,103.1109,8499.0
2020-01-01 17:14:00,103.1268,103.1065,103.0186,103.0626,2333.0
2020-01-01 17:15:00,103.2695,103.2692,103.1707,103.22,9268.0
2020-01-01 17:16:00,103.1669,103.1031,103.0917,103.0974,1413.0
2020-01-01 17:17:00,102.943,102.9726,102.9293,102.9509,8269.0
2020-01-01 17:18:00,102.9486,102.9816,102.9652,102.9734,1070.0
2020-01-01 17:19:00,103.0823,103.1152,103.041,103.0781,4806.0
2020-01-01 17:20:00,103.2423,103.2718,103.2212,103.2465,6689.0
2020-01-01 17:21:00,103.168,103.2572,103.1439,103.2006,9771.0
2020-01-01 17:22:00,103.2808,103.3197,103.2972,103.3085,9462.0
2020-01-01 17:23:00,103.2863,103.3584,103.2509,103.3046,3285.0
2020-01-01 17:24:00,103.2289,103.2876,103.2871,103.2874,7364.0
2020-01-01 17:25:00,103.4096,103.4187,103.3327,103.3757,9691.0
2020-01-01 17:26:00,103.4383,103.5137,103.3682,103.441,7226.0
2020-01-01 17:27:00,103.2679,103.3127,103.2539,103.2833,2475.0
2020-01-01 17:28:00,103.3754,103.4403,103.4216,103.431,4544.0
2020-01-01 17:29:00,103.511,103.6775,103.4604,103.569,6550.0
2020-01-01 17:30:00,103.6032,103.5786,103.4342,103.5064,298.0
2020-01-01 17:31:00,103.5146,103.6296,103.4624,103.546,3348.0
2020-01-01 17:32:00,103.6259,103.6148,103.576,103.5954,1247.0
2020-01-01 17:33:00,103.6296,103.6215,103.6214,103.6215,5376.0
2020-01-01 17:34:00,103.4277,103.6078,103.5251,103.5664,6850.0
2020-01-01 17:35:00,103.5889,103.5365,103.462,103.4993,4806.0
2020-01-01 17:36:00,103.5309,103.5387,103.4547,103.4967,4135.0
2020-01-01 17:37:00,103.5756,103.6478,103.5802,103.614,9609.0
2020-01-01 17:38:00,103.6669,103.6969,103.6398,103.6684,4068.0
2020-01-01 17:39:00,103.5738,103.6721,103.5905,103.6313,5154.0
2020-01-01 17:40:00,103.7998,103.7675,103.6494,103.7085,1526.0
2020-01-01 17:41:00,103.3782,103.4547,103.3925,103.4236,1941.0
2020-01-01 17:42:00,103.5123,103.6279,103.449,103.5385,7387.0
2020-01-01 17:43:00,103.328,103.4149,103.3142,103.3645,4963.0
2020-01-01 17:44:00,103.3323,103.3918,103.2647,103.3283,6274.0
2020-01-01 17:45:00,103.2848,103.2327,103.1999,103.2163,2244.0
2020-01-01 17:46:00,103.1763,103.1017,103.0719,103.0868,9785.0
2020-01-01 17:47:00,103.183,103.2256,103.1803,103.2029,804.0
2020-01-01 17:48:00,103.1751,103.2299,103.0824,103.1561,1169.0
2020-01-01 17:49:00,103.1949,103.2112,103.1704,103.1908,7828.0
2020-01-01 17:50:00,103.137,103.221,103.1512,103.1861,6580.0
2020-01-01 17:51:00,103.3549,103.3147,103.1529,103.2338,6917.0
2020-01-01 17:52:00,103.3096,103.2972,103.1857,103.2415,6528.0
2020-01-01 17:53:00,103.1226,103.1169,103.1095,103.1132,6377.0
2020-01-01 17:54:00,103.2919,103.2456,103.1801,103.2128,9060.0
2020-01-01 17:55:00,103.224,103.1732,103.1537,103.1634,8551.0
2020-01-01 17:56:00,103.0119,103.0354,102.9801,103.0078,6746.0
2020-01-01 17:57:00,102.9813,103.0179,102.9121,102.965,6835.0
2020-01-01 17:58:00,103.1907,103.1739,103.0562,103.115,3043.0
2020-01-01 17:59:00,103.1528,103.2782,103.122,103.2001,9879.0
2020-01-01 18:00:00,103.2489,103.2097,103.1208,103.1652,8375.0
2020-01-01 18:01:00,103.119,103.2168,103.0438,103.1303,4605.0
2020-01-01 18:02:00,103.1744,103.1251,103.0711,103.0981,5375.0
2020-01-01 18:03:00,103.3055,103.3273,103.2843,103.3058,3661.0
2020-01-01 18:04:00,103.3609,103.4102,103.2778,103.344,6571.0
2020-01-01 18:05:00,103.3853,103.3886,103.3853,103.387,9931.0
2020-01-01 18:06:00,103.4634,103.5011,103.479,103.49,2493.0
2020-01-01 18:07:00,103.5004,103.516,103.5118,103.5139,6340.0
2020-01-01 18:08:00,103.5569,103.6353,103.3406,103.488,2784.0
2020-01-01 18:09:00,103.3526,103.5486,103.3881,103.4684,2330.0
2020-01-01 18:10:00,103.3992,103.4857,103.4366,103.4612,9105.0
2020-01-01 18:11:00,103.4212,103.474,103.441,103.4575,3847.0
2020-01-01 18:12:00,103.4763,103.5333,103.5271,103.5302,995.0
2020-01-01 18:13:00,103.6109,103.5436,103.5273,103.5354,8952.0
2020-01-01 18:14:00,103.6716,103.6386,103.5788,103.6087,5140.0
2020-01-01 18:15:00,103.6302,103.6315,103.5698,103.6006,1210.0
2020-01-01 18:16:00,103.5766,103.6738,103.5431,103.6085,3845.0
2020-01-01 18:17:00,103.4754,103.418,103.3994,103.4087,6923.0
2020-01-01 18:18:00,103.4209,103.5284,103.4722,103.5003,9450.0
2020-01-01 18:19:00,103.642,103.5449,103.525,103.5349,2237.0
2020-01-01 18:20:00,103.6005,103.6533,103.6162,103.6348,1940.0
2020-01-01 18:21:00,103.332,103.3947,103.2956,103.3451,2010.0
2020-01-01 18:22:00,103.5325,103.6023,103.5057,103.554,842.0
2020-01-01 18:23:00,103.4863,103.5518,103.5282,103.54,3260.0
2020-01-01 18:24:00,103.7471,103.6847,103.6169,103.6508,1416.0
2020-01-01 18:25:00,103.5863,103.6406,103.4531,103.5468,4641.0
2020-01-01 18:26:00,103.6689,103.6342,103.582,103.6081,7666.0
2020-01-01 18:27:00,103.4416,103.5299,103.4756,103.5028,7781.0
2020-01-01 18:28:00,103.4494,103.45,103.4308,103.4404,7107.0
2020-01-01 18:29:00,103.6578,103.6988,103.5648,103.6318,3905.0
2020-01-01 18:30:00,103.6263,103.6553,103.5701,103.6127,9332.0
2020-01-01 18:31:00,103.5764,103.6828,103.5862,103.6345,8208.0
2020-01-01 18:32:00,103.7753,103.7231,103.7198,103.7215,1831.0
2020-01-01 18:33:00,103.7771,103.7902,103.7519,103.771,9947.0
2020-01-01 18:34:00,103.7383,103.7919,103.7803,103.7861,7509.0
2020-01-01 18:35:00,103.7298,103.847,103.7981,103.8226,1667.0
2020-01-01 18:36:00,104.0933,104.0849,104.0409,104.0629,1910.0
2020-01-01 18:37:00,104.1797,104.0609,104.0534,104.0572,7974.0
2020-01-01 18:38:00,104.0265,104.1319,104.0226,104.0773,5223.0
2020-01-01 18:39:00,104.1909,104.2309,104.1338,104.1823,9786.0
2020-01-01 18:40:00,104.3484,104.3136,104.2722,104.2929,8896.0
2020-01-01 18:41:00,104.3481,104.4143,104.4089,104.4116,8769.0
2020-01-01 18:42:00,104.4515,104.5083,104.4426,104.4755,7380.0
2020-01-01 18:43:00,104.3182,104.3769,104.3455,104.3612,5952.0
2020-01-01 18:44:00,104.5737,104.5775,104.4715,104.5245,4805.0
2020-01-01 18:45:00,104.4761,104.4549,104.3649,104.4099,241.0
2020-01-01 18:46:00,104.4481,104.491,104.3892,104.4401,4755.0
2020-01-01 18:47:00,104.3226,104.419,104.3104,104.3647,2198.0
2020-01-01 18:48:00,104.3362,104.3934,104.3232,104.3583,5489.0
2020-01-01 18:49:00,104.3596,104.44,104.3424,104.3912,1386.0
2020-01-01 18:50:00,104.3744,104.5021,104.3445,104.4233,9501.0
2020-01-01 18:51:00,104.4604,104.4852,104.4458,104.4655,907.0
2020-01-01 18:52:00,104.6556,104.645,104.6087,104.6269,7488.0
2020-01-01 18:53:00,104.6967,104.7304,104.6141,104.6722,3905.0
2020-01-01 18:54:00,104.6474,104.6568,104.6388,104.6478,4604.0
2020-01-01 18:55:00,104.7471,104.8114,104.6771,104.7442,1073.0
2020-01-01 18:56:00,104.8591,104.9111,104.8152,104.8632,3038.0
2020-01-01 18:57:00,104.6755,104.7995,104.6813,104.7404,185.0
2020-01-01 18:58:00,104.8082,104.827,104.7732,104.8001,7823.0
2020-01-01 18:59:00,104.8411,104.8794,104.8611,104.8703,9599.0
2020-01-01 19:00:00,104.7731,104.8988,104.7822,104.8405,8751.0
2020-01-01 19:01:00,104.9966,105.0516,104.9045,104.9781,2608.0
2020-01-01 19:02:00,104.9325,105.0293,104.8968,104.9631,1244.0
2020-01-01 19:03:00,104.987,105.0429,104.9083,104.9756,7928.0
2020-01-01 19:04:00,105.0007,105.0176,104.8991,104.9583,4764.0
2020-01-01 19:05:00,104.9124,105.0048,104.915,104.9599,4745.0
2020-01-01 19:06:00,104.8549,104.8849,104.8156,104.8503,5932.0
2020-01-01 19:07:00,104.6157,104.7234,104.6891,104.7062,9701.0
2020-01-01 19:08:00,104.9423,104.9296,104.8018,104.8657,4366.0
2020-01-01 19:09:00,104.713,104.8265,104.7355,104.781,9645.0
2020-01-01 19:10:00,104.6561,104.6856,104.6782,104.6819,4230.0
2020-01-01 19:11:00,104.5334,104.487,104.4461,104.4665,9516.0
2020-01-01 19:12:00,104.3909,104.4638,104.3414,104.4026,1291.0
2020-01-01 19:13:00,104.2104,104.3942,104.1464,104.2703,9824.0
2020-01-01 19:14:00,104.4702,104.4864,104.3826,104.4345,9539.0
2020-01-01 19:15:00,104.57,104.5911,104.4799,104.5355,6021.0
2020-01-01 19:16:00,104.435,104.4868,104.4465,104.4667,2125.0
2020-01-01 19:17:00,104.6657,104.7004,104.6835,104.6919,3611.0
2020-01-01 19:18:00,104.7683,104.8229,104.7573,104.7901,5841.0
2020-01-01 19:19:00,104.7473,104.8479,104.6673,104.7576,8124.0
2020-01-01 19:20:00,104.413,104.5739,104.4414,104.5077,7972.0
2020-01-01 19:21:00,104.7277,104.7854,104.6882,104.7368,3792.0
2020-01-01 19:22:00,104.687,104.6949,104.5007,104.5978,6599.0
2020-01-01 19:23:00,104.3885,104.5513,104.3153,104.4333,8259.0
2020-01-01 19:24:00,104.5064,104.649,104.4221,104.5355,4728.0
2020-01-01 19:25:00,104.7203,104.7889,104.7701,104.7795,6616.0
2020-01-01 19:26:00,104.9485,104.9815,104.8544,104.9179,3583.0
2020-01-01 19:27:00,105.0345,105.0225,104.9262,104.9743,1115.0
2020-01-01 19:28:00,105.0928,105.0392,105.0284,105.0338,6257.0
2020-01-01 19:29:00,105.0567,105.1248,105.1135,105.1191,6458.0
2020-01-01 19:30:00,105.22,105.2398,105.1503,105.195,2683.0
2020-01-01 19:31:00,105.2948,105.2399,105.2064,105.2232,5239.0
2020-01-01 19:32:00,105.2591,105.2929,105.1743,105.2336,1027.0
2020-01-01 19:33:00,105.2512,105.2436,105.2111,105.2273,9803.0
2020-01-01 19:34:00,105.1283,105.185,105.1189,105.1519,1837.0
2020-01-01 19:35:00,105.1349,105.1494,105.0983,105.1239,6679.0
2020-01-01 19:36:00,105.0164,104.9677,104.9415,104.9546,3138.0
2020-01-01 19:37:00,104.9611,104.9914,104.8981,104.9447,7319.0
2020-01-01 19:38:00,104.7835,104.864,104.8278,104.8459,6600.0
2020-01-01 19:39:00,104.7127,104.7444,104.7266,104.7355,1821.0
2020-01-01 19:40:00,104.814,104.9223,104.5847,104.7535,2866.0
2020-01-01 19:41:00,104.9089,104.9152,104.8702,104.8927,2925.0
2020-01-01 19:42:00,104.9905,105.0227,104.9463,104.9845,6770.0
2020-01-01 19:43:00,104.7998,104.847,104.808,104.8275,8510.0
2020-01-01 19:44:00,104.7879,104.7518,104.7052,104.7285,8813.0
2020-01-01 19:45:00,104.9057,104.8747,104.7705,104.8226,504.0
2020-01-01 19:46:00,104.7875,104.7745,104.6742,104.7243,5238.0
2020-01-01 19:47:00,104.774,104.7293,104.6745,104.7019,8871.0
2020-01-01 19:48:00,104.7389,104.7982,104.7156,104.7569,6258.0
2020-01-01 19:49:00,104.635,104.7464,104.5737,104.6601,4521.0
2020-01-01 19:50:00,104.6628,104.6786,104.6626,104.6706,3797.0
2020-01-01 19:51:00,104.5391,104.5512,104.5232,104.5372,5166.0
2020-01-01 19:52:00,104.5486,104.4911,104.463,104.477,257.0
2020-01-01 19:53:00,104.5673,104.5398,104.4782,104.509,3275.0
2020-01-01 19:54:00,104.3767,104.367,104.3324,104.3497,6011.0
2020-01-01 19:55:00,104.3222,104.4363,104.3513,104.3938,9913.0
2020-01-01 19:56:00,104.3074,104.4875,104.2962,104.3918,7143.0
2020-01-01 19:57:00,104.4591,104.5359,104.3582,104.4471,8021.0
2020-01-01 19:58:00,104.5135,104.4936,104.4453,104.4695,905.0
2020-01-01 19:59:00,104.6019,104.608,104.6037,104.6059,9597.0
2020-01-01 20:00:00,104.7141,104.6637,104.573,104.6184,8805.0
2020-01-01 20:01:00,104.5213,104.648,104.5029,104.5754,7335.0
2020-01-01 20:02:00,104.5273,104.6209,104.5544,104.5877,603.0
2020-01-01 20:03:00,104.6088,104.6481,104.636,104.642,7336.0
2020-01-01 20:04:00,104.6118,104.7152,104.5786,104.6469,7826.0
2020-01-01 20:05:00,104.6773,104.6533,104.6486,104.651,6086.0
2020-01-01 20:06:00,104.5597,104.6033,104.5583,104.5808,5283.0
2020-01-01 20:07:00,104.4371,104.5439,104.485,104.5145,2739.0
2020-01-01 20:08:00,104.4188,104.3985,104.3499,104.3742,9057.0
2020-01-01 20:09:00,104.4612,104.633,104.4653,104.5492,336.0
2020-01-01 20:10:00,104.3712,104.4746,104.375,104.4248,4591.0
2020-01-01 20:11:00,104.2743,104.3596,104.3514,104.3555,6060.0
2020-01-01 20:12:00,104.294,104.3174,104.2499,104.2836,1899.0
2020-01-01 20:13:00,104.3824,104.402,104.3443,104.3731,3487.0
2020-01-01 20:14:00,104.4395,104.369,104.3183,104.3436,4099.0
2020-01-01 20:15:00,104.5141,104.524,104.4128,104.4684,1546.0
2020-01-01 20:16:00,104.4731,104.4563,104.3458,104.4011,231.0
2020-01-01 20:17:00,104.4434,104.4353,104.4226,104.429,6469.0
2020-01-01 20:18:00,104.2966,104.3775,104.3133,104.3454,5692.0
2020-01-01 20:19:00,104.5664,104.5791,104.5408,104.5599,4313.0
2020-01-01 20:20:00,104.4708,104.4873,104.395,104.4412,6159.0
2020-01-01 20:21:00,104.5074,104.4856,104.4587,104.4722,1558.0
2020-01-01 20:22:00,104.5119,104.5394,104.5317,104.5355,5398.0
2020-01-01 20:23:00,104.6014,104.66,104.4938,104.5769,2122.0
2020-01-01 20:24:00,104.5117,104.6014,104.5154,104.5584,2048.0
2020-01-01 20:25:00,104.4933,104.6838,104.407,104.5454,6705.0
2020-01-01 20:26:00,104.494,104.6855,104.4141,104.5498,9912.0
2020-01-01 20:27:00,104.5363,104.6102,104.46,104.5351,6961.0
2020-01-01 20:28:00,104.5726,104.6445,104.6184,104.6315,7371.0
2020-01-01 20:29:00,104.8313,104.853,104.8521,104.8525,7967.0
2020-01-01 20:30:00,104.8419,104.8119,104.7816,104.7968,4818.0
2020-01-01 20:31:00,104.6083,104.6893,104.6303,104.6598,4250.0
2020-01-01 20:32:00,104.6258,104.6606,104.6413,104.651,623.0
2020-01-01 20:33:00,104.9125,104.9161,104.9017,104.9089,2581.0
2020-01-01 20:34:00,104.8409,104.8333,104.8239,104.8286,4584.0
2020-01-01 20:35:00,104.9675,105.0016,104.9834,104.9925,6910.0
2020-01-01 20:36:00,105.1996,105.2259,105.0946,105.1603,7602.0
2020-01-01 20:37:00,105.1344,105.1069,105.1029,105.1049,8637.0
2020-01-01 20:38:00,105.2188,105.17,105.1536,105.1618,2412.0
2020-01-01 20:39:00,105.3206,105.3311,105.3182,105.3246,7115.0
2020-01-01 20:40:00,105.2611,105.2975,105.2759,105.2867,7371.0
2020-01-01 20:41:00,105.2322,105.3233,105.2095,105.2664,9990.0
2020-01-01 20:42:00,105.2236,105.2259,105.1905,105.2082,240.0
2020-01-01 20:43:00,105.0879,105.1181,105.0954,105.1067,6992.0
2020-01-01 20:44:00,105.0133,105.1067,104.9769,105.0418,7876.0
2020-01-01 20:45:00,104.897,104.9234,104.9154,104.9194,9413.0
2020-01-01 20:46:00,104.8886,104.9335,104.9121,104.9228,2983.0
2020-01-01 20:47:00,104.8558,104.8506,104.841,104.8458,7728.0
2020-01-01 20:48:00,104.7986,104.9311,104.8073,104.8692,9326.0
2020-01-01 20:49:00,104.7288,104.7265,104.7007,104.7136,7561.0
2020-01-01 20:50:00,104.7805,104.8109,104.6825,104.7467,9274.0
2020-01-01 20:51:00,104.801,104.8352,104.8249,104.83,3560.0
2020-01-01 20:52:00,104.7268,104.6736,104.5877,104.6307,2684.0
2020-01-01 20:53:00,104.669,104.702,104.6341,104.6681,4833.0
2020-01-01 20:54:00,104.7128,104.8061,104.7756,104.7908,9448.0
2020-01-01 20:55:00,104.6558,104.7009,104.6389,104.6699,9869.0
2020-01-01 20:56:00,104.8403,104.9736,104.7007,104.8371,6647.0
2020-01-01 20:57:00,104.9015,104.8793,104.8788,104.879,1407.0
2020-01-01 20:58:00,104.7957,104.8315,104.7856,104.8085,2952.0
2020-01-01 20:59:00,104.7524,104.8561,104.7498,104.803,2324.0
2020-01-01 21:00:00,104.804,104.8865,104.8311,104.8588,3544.0
2020-01-01 21:01:00,104.8337,104.8951,104.8377,104.8664,1351.0
2020-01-01 21:02:00,104.8924,104.9227,104.9179,104.9203,9963.0
2020-01-01 21:03:00,104.7715,104.8966,104.7598,104.8282,1495.0
2020-01-01 21:04:00,104.8085,104.861,104.8293,104.8451,9306.0
2020-01-01 21:05:00,104.7367,104.7721,104.6355,104.7038,4841.0
2020-01-01 21:06:00,104.7751,104.7067,104.6786,104.6926,856.0
2020-01-01 21:07:00,104.64,104.6427,104.5618,104.6023,7404.0
2020-01-01 21:08:00,104.594,104.5834,104.474,104.5287,2720.0
2020-01-01 21:09:00,104.701,104.7141,104.5905,104.6523,2529.0
2020-01-01 21:10:00,104.8031,104.8549,104.6679,104.7614,9523.0
2020-01-01 21:11:00,104.8055,104.8473,104.7974,104.8224,7905.0
2020-01-01 21:12:00,104.7202,104.749,104.6772,104.7131,4124.0
2020-01-01 21:13:00,104.6605,104.7207,104.6423,104.6815,134.0
2020-01-01 21:14:00,104.7918,104.8382,104.7674,104.8028,7533.0
2020-01-01 21:15:00,104.8204,104.8557,104.7782,104.817,120.0
2020-01-01 21:16:00,105.0846,105.1434,104.9544,105.0489,2412.0
2020-01-01 21:17:00,105.1094,105.0888,105.0877,105.0882,556.0
2020-01-01 21:18:00,105.0993,105.1287,105.0861,105.1074,7387.0
2020-01-01 21:19:00,105.0793,105.1255,105.0275,105.0765,8000.0
2020-01-01 21:20:00,105.1116,105.1966,104.9831,105.0899,4578.0
2020-01-01 21:21:00,105.108,105.0915,105.0578,105.0746,1162.0
2020-01-01 21:22:00,105.0695,105.1609,105.13,105.1454,8020.0
2020-01-01 21:23:00,105.1872,105.2584,105.2238,105.2411,7227.0
2020-01-01 21:24:00,105.2179,105.1948,105.1303,105.1625,7289.0
2020-01-01 21:25:00,105.0263,105.0659,104.9929,105.0294,9882.0
2020-01-01 21:26:00,104.8246,104.872,104.8196,104.8458,8194.0
2020-01-01 21:27:00,104.8834,104.9649,104.8283,104.8966,8338.0
2020-01-01 21:28:00,104.773,104.8255,104.747,104.7862,4941.0
2020-01-01 21:29:00,104.5988,104.6684,104.4735,104.5709,4734.0
2020-01-01 21:30:00,104.5544,104.6466,104.573,104.6098,7749.0
2020-01-01 21:31:00,104.8603,104.9054,104.8128,104.8591,5267.0
2020-01-01 21:32:00,104.8708,104.9174,104.7996,104.8585,4874.0
2020-01-01 21:33:00,104.9622,105.034,104.8506,104.9423,5179.0
2020-01-01 21:34:00,104.9617,105.0391,104.862,104.9505,7348.0
2020-01-01 21:35:00,104.9664,105.0021,104.8791,104.9406,1753.0
2020-01-01 21:36:00,105.0039,105.0727,104.9924,105.0325,144.0
2020-01-01 21:37:00,104.9564,105.027,104.98,105.0035,4470.0
2020-01-01 21:38:00,105.1531,105.0453,105.0152,105.0303,3864.0
2020-01-01 21:39:00,105.0474,105.0848,105.0401,105.0624,3132.0
2020-01-01 21:40:00,104.9864,105.0066,104.9847,104.9956,4427.0
2020-01-01 21:41:00,105.1287,105.0966,105.0931,105.0948,185.0
2020-01-01 21:42:00,105.1571,105.1135,105.0412,105.0773,1713.0
2020-01-01 21:43:00,104.9745,105.1105,104.893,105.0018,6881.0
2020-01-01 21:44:00,105.0055,105.105,105.0058,105.0554,7327.0
2020-01-01 21:45:00,104.9034,104.993,104.9381,104.9656,3391.0
2020-01-01 21:46:00,105.048,104.9807,104.956,104.9684,8879.0
2020-01-01 21:47:00,104.9156,105.0239,104.911,104.9675,8894.0
2020-01-01 21:48:00,105.0747,105.1006,105.0515,105.0761,6881.0
2020-01-01 21:49:00,105.0747,105.1801,105.067,105.1235,3616.0
2020-01-01 21:50:00,105.0486,105.1273,105.1147,105.121,1356.0
2020-01-01 21:51:00,105.1882,105.2564,105.1491,105.2028,3135.0
2020-01-01 21:52:00,105.2949,105.3843,105.2994,105.3418,7616.0
2020-01-01 21:53:00,105.363,105.463,105.3322,105.3976,5386.0
2020-01-01 21:54:00,105.4989,105.4063,105.391,105.3986,5055.0
2020-01-01 21:55:00,105.2887,105.3108,105.2241,105.2674,9101.0
2020-01-01 21:56:00,105.2075,105.2063,105.1156,105.1609,737.0
2020-01-01 21:57:00,105.1716,105.1507,105.1101,105.1304,252.0
2020-01-01 21:58:00,105.0644,105.073,105.066,105.0695,6009.0
2020-01-01 21:59:00,105.0288,105.0906,105.0109,105.0508,2838.0
2020-01-01 22:00:00,105.0689,105.0755,105.0374,105.0564,238.0
2020-01-01 22:01:00,105.1178,105.1439,105.0749,105.1094,6339.0
2020-01-01 22:02:00,105.0739,105.1095,105.0952,105.1023,825.0
2020-01-01 22:03:00,105.1575,105.2312,105.0708,105.151,5800.0
2020-01-01 22:04:00,105.1221,105.1804,105.1345,105.1574,2465.0
2020-01-01 22:05:00,104.9513,105.0056,104.9142,104.9599,118.0
2020-01-01 22:06:00,104.8492,104.8726,104.8593,104.866,9728.0
2020-01-01 22:07:00,104.7881,104.8853,104.8178,104.8516,2061.0
2020-01-01 22:08:00,104.613,104.7704,104.6907,104.7306,1951.0
2020-01-01 22:09:00,104.7436,104.8135,104.7677,104.7906,7212.0
2020-01-01 22:10:00,105.0339,104.9611,104.9262,104.9437,5621.0
2020-01-01 22:11:00,105.05,105.0826,105.0484,105.0655,9154.0
2020-01-01 22:12:00,105.083,105.0696,105.0188,105.0442,200.0
2020-01-01 22:13:00,105.087,105.2483,105.1382,105.1933,8884.0
2020-01-01 22:14:00,105.1577,105.2794,105.1369,105.2081,6938.0
2020-01-01 22:15:00,105.1067,105.2231,105.1257,105.1744,7235.0
2020-01-01 22:16:00,105.103,105.1246,105.1016,105.1131,6129.0
2020-01-01 22:17:00,105.2039,105.1191,105.0466,105.0828,2609.0
2020-01-01 22:18:00,105.067,105.2129,104.8751,105.044,2055.0
2020-01-01 22:19:00,105.1458,105.0868,105.0353,105.0611,9946.0
2020-01-01 22:20:00,105.0644,105.081,105.0732,105.0771,7178.0
2020-01-01 22:21:00,105.1457,105.1032,105.0516,105.0774,7643.0
2020-01-01 22:22:00,105.2248,105.1451,105.0971,105.1211,4880.0
2020-01-01 22:23:00,105.2347,105.2417,105.2387,105.2402,9980.0
2020-01-01 22:24:00,105.3082,105.3407,105.3295,105.3351,1010.0
2020-01-01 22:25:00,105.1208,105.2095,105.1638,105.1866,6263.0
2020-01-01 22:26:00,104.9158,104.9449,104.9176,104.9313,8093.0
2020-01-01 22:27:00,105.0288,105.0919,104.9575,105.0247,6815.0
2020-01-01 22:28:00,104.9895,104.9572,104.8188,104.888,6242.0
2020-01-01 22:29:00,104.8008,104.8781,104.8529,104.8655,6705.0
2020-01-01 22:30:00,104.7515,104.8156,104.6814,104.7485,1281.0
2020-01-01 22:31:00,104.4776,104.5952,104.5414,104.5683,7631.0
2020-01-01 22:32:00,104.6011,104.7002,104.5447,104.6225,704.0
2020-01-01 22:33:00,104.7139,104.7669,104.6299,104.6984,5949.0
2020-01-01 22:34:00,104.6663,104.6774,104.604,104.6407,2470.0
2020-01-01 22:35:00,104.4111,104.4527,104.3105,104.3816,302.0
2020-01-01 22:36:00,104.3469,104.3297,104.3243,104.327,342.0
2020-01-01 22:37:00,104.3952,104.3976,104.3348,104.3662,9821.0
2020-01-01 22:38:00,104.2206,104.2523,104.1842,104.2183,6331.0
2020-01-01 22:39:00,104.1842,104.2512,104.222,104.2366,3840.0
2020-01-01 22:40:00,104.1425,104.3016,104.1686,104.2351,2821.0
2020-01-01 22:41:00,104.2657,104.3225,104.2635,104.293,6126.0
2020-01-01 22:42:00,104.2982,104.348,104.2619,104.305,8951.0
2020-01-01 22:43:00,104.2704,104.2125,104.2028,104.2077,9004.0
2020-01-01 22:44:00,104.3223,104.3387,104.316,104.3273,9466.0
2020-01-01 22:45:00,104.3016,104.3439,104.279,104.3115,5319.0
2020-01-01 22:46:00,104.328,104.3314,104.2861,104.3087,8538.0
2020-01-01 22:47:00,104.2019,104.3013,104.1295,104.2154,830.0
2020-01-01 22:48:00,104.2116,104.2356,104.1066,104.1711,1660.0
2020-01-01 22:49:00,104.1816,104.1453,104.0199,104.0826,9276.0
2020-01-01 22:50:00,104.1748,104.1036,104.0271,104.0653,8787.0
2020-01-01 22:51:00,104.2413,104.3263,104.1467,104.2365,5508.0
2020-01-01 22:52:00,104.1161,104.1112,104.0874,104.0993,6658.0
2020-01-01 22:53:00,104.0169,103.9507,103.9252,103.9379,2675.0
2020-01-01 22:54:00,104.0776,104.1405,104.0296,104.0851,7608.0
2020-01-01 22:55:00,104.0981,104.1482,103.98,104.0641,1182.0
2020-01-01 22:56:00,103.9405,103.9976,103.9968,103.9972,2853.0
2020-01-01 22:57:00,104.0857,104.15,104.0524,104.1012,3058.0
2020-01-01 22:58:00,104.0984,104.0699,104.0114,104.0406,8835.0
2020-01-01 22:59:00,104.1873,104.2261,104.2204,104.2232,6933.0
2020-01-01 23:00:00,104.2846,104.315,104.2671,104.291,4414.0
2020-01-01 23:01:00,104.1635,104.2436,104.2409,104.2422,5190.0
2020-01-01 23:02:00,104.5583,104.5295,104.3865,104.458,2250.0
2020-01-01 23:03:00,104.4606,104.4684,104.3264,104.3974,6203.0
2020-01-01 23:04:00,104.481,104.4818,104.4615,104.4716,983.0
2020-01-01 23:05:00,104.5269,104.5096,104.4935,104.5015,2777.0
2020-01-01 23:06:00,104.6515,104.6743,104.5892,104.6317,5338.0
2020-01-01 23:07:00,104.8571,104.8257,104.75,104.7879,4075.0
2020-01-01 23:08:00,104.7651,104.8213,104.7608,104.7911,106.0
2020-01-01 23:09:00,104.7523,104.7297,104.7017,104.7157,7745.0
2020-01-01 23:10:00,104.8156,104.8308,104.6927,104.7617,9837.0
2020-01-01 23:11:00,104.7547,104.7146,104.6733,104.6939,5500.0
2020-01-01 23:12:00,104.7823,104.9215,104.869,104.8953,2189.0
2020-01-01 23:13:00,104.879,105.0284,104.7895,104.9089,4291.0
2020-01-01 23:14:00,104.8215,104.9141,104.8307,104.8724,5723.0
2020-01-01 23:15:00,104.8984,104.9254,104.8563,104.8909,2393.0
2020-01-01 23:16:00,104.6554,104.7621,104.7502,104.7562,7491.0
2020-01-01 23:17:00,104.5567,104.6992,104.6188,104.659,4309.0
2020-01-01 23:18:00,104.8875,104.781,104.7771,104.779,4525.0
2020-01-01 23:19:00,104.7442,104.7239,104.7028,104.7134,3324.0
2020-01-01 23:20:00,104.6147,104.6166,104.6007,104.6087,1340.0
2020-01-01 23:21:00,104.6805,104.6981,104.6265,104.6623,7617.0
2020-01-01 23:22:00,104.7882,104.8128,104.749,104.7809,3593.0
2020-01-01 23:23:00,104.9027,104.9068,104.7988,104.8528,3690.0
2020-01-01 23:24:00,104.9208,104.9714,104.9334,104.9524,9008.0
2020-01-01 23:25:00,104.8861,104.9053,104.8482,104.8767,8555.0
2020-01-01 23:26:00,104.7459,104.7731,104.696,104.7345,7044.0
2020-01-01 23:27:00,104.8323,104.9607,104.8086,104.8847,417.0
2020-01-01 23:28:00,104.9163,104.8681,104.8367,104.8524,2307.0
2020-01-01 23:29:00,104.805,104.9038,104.7508,104.8273,740.0
2020-01-01 23:30:00,105.011,104.9922,104.928,104.9601,958.0
2020-01-01 23:31:00,105.0215,105.1171,104.9144,105.0158,4343.0
2020-01-01 23:32:00,105.143,105.0815,105.0412,105.0614,9762.0
2020-01-01 23:33:00,105.2258,105.2903,105.2654,105.2779,9266.0
2020-01-01 23:34:00,105.1593,105.2152,105.2118,105.2135,9577.0
2020-01-01 23:35:00,105.261,105.3384,105.2742,105.3063,8343.0
2020-01-01 23:36:00,105.3187,105.3137,105.3103,105.312,1119.0
2020-01-01 23:37:00,105.4159,105.3644,105.3133,105.3388,8000.0
2020-01-01 23:38:00,105.5713,105.5068,105.4766,105.4917,8579.0
2020-01-01 23:39:00,105.427,105.5846,105.5004,105.5425,5473.0
2020-01-01 23:40:00,105.6088,105.6055,105.5871,105.5963,6457.0
2020-01-01 23:41:00,105.5429,105.7341,105.6731,105.7036,5311.0
2020-01-01 23:42:00,105.7068,105.6787,105.6555,105.6671,7872.0
2020-01-01 23:43:00,105.639,105.6002,105.566,105.5831,4838.0
2020-01-01 23:44:00,105.4766,105.5363,105.421,105.4787,4001.0
2020-01-01 23:45:00,105.2862,105.3005,105.2635,105.282,8002.0
2020-01-01 23:46:00,105.4913,105.6537,105.3216,105.4876,5033.0
2020-01-01 23:47:00,105.3381,105.4068,105.3478,105.3773,7770.0
2020-01-01 23:48:00,105.3768,105.3593,105.3511,105.3552,1649.0
2020-01-01 23:49:00,105.3159,105.3557,105.2993,105.3275,5034.0
2020-01-01 23:50:00,105.4048,105.3717,105.3448,105.3583,2766.0
2020-01-01 23:51:00,105.4342,105.4572,105.4224,105.4398,2553.0
2020-01-01 23:52:00,105.4828,105.6349,105.4169,105.5259,1667.0
2020-01-01 23:53:00,105.3908,105.4704,105.4647,105.4676,3852.0
2020-01-01 23:54:00,105.3577,105.5348,105.3669,105.4509,8579.0
2020-01-01 23:55:00,105.5447,105.5395,105.4187,105.4791,2573.0
2020-01-01 23:56:00,105.4314,105.4636,105.4449,105.4542,535.0
2020-01-01 23:57:00,105.6319,105.6788,105.5512,105.615,9281.0
2020-01-01 23:58:00,105.7532,105.6826,105.6455,105.6641,6324.0
2020-01-01 23:59:00,105.7094,105.7385,105.7367,105.7376,2505.0
2020-01-02 00:00:00,105.7725,105.8048,105.8029,105.8039,8546.0
2020-01-02 00:01:00,105.9146,105.9569,105.8855,105.9212,1934.0
2020-01-02 00:02:00,105.9408,105.9665,105.9121,105.9393,7142.0
2020-01-02 00:03:00,105.904,105.831,105.7883,105.8096,8756.0
2020-01-02 00:04:00,105.9279,105.9189,105.7803,105.8496,4451.0
2020-01-02 00:05:00,105.8155,105.8141,105.7548,105.7845,522.0
2020-01-02 00:06:00,105.8041,105.751,105.7122,105.7316,6033.0
2020-01-02 00:07:00,105.7813,105.8315,105.749,105.7902,9580.0
2020-01-02 00:08:00,105.929,105.9621,105.866,105.9141,6172.0
2020-01-02 00:09:00,105.9011,105.9998,105.8325,105.9162,9640.0
2020-01-02 00:10:00,105.8826,105.9761,105.918,105.9471,654.0
2020-01-02 00:11:00,106.1775,106.1601,106.0745,106.1173,106.0
2020-01-02 00:12:00,106.168,106.232,106.0507,106.1414,1865.0
2020-01-02 00:13:00,106.4024,106.4532,106.3499,106.4015,2191.0
2020-01-02 00:14:00,106.458,106.5801,106.336,106.4581,4930.0
2020-01-02 00:15:00,106.2067,106.3125,106.2515,106.282,1757.0
2020-01-02 00:16:00,106.3085,106.4532,106.2615,106.3573,9103.0
2020-01-02 00:17:00,106.4123,106.4369,106.354,106.3955,6194.0
2020-01-02 00:18:00,106.498,106.5615,106.4873,106.5244,7563.0
2020-01-02 00:19:00,106.5809,106.6108,106.5727,106.5918,9520.0
2020-01-02 00:20:00,106.5727,106.6073,106.5485,106.5779,2062.0
2020-01-02 00:21:00,106.4214,106.4774,106.4336,106.4555,590.0
2020-01-02 00:22:00,106.3862,106.4634,106.4057,106.4346,8609.0
2020-01-02 00:23:00,106.2689,106.425,106.274,106.3495,8182.0
2020-01-02 00:24:00,106.2841,106.4559,106.1271,106.2915,2648.0
2020-01-02 00:25:00,106.3813,106.3574,106.3433,106.3503,9508.0
2020-01-02 00:26:00,106.4351,106.5336,106.501,106.5173,8624.0
2020-01-02 00:27:00,106.5556,106.5625,106.5511,106.5568,1276.0
2020-01-02 00:28:00,106.4513,106.4493,106.4251,106.4372,6199.0
2020-01-02 00:29:00,106.4322,106.4878,106.4755,106.4817,2700.0
2020-01-02 00:30:00,106.6724,106.6657,106.537,106.6013,3194.0
2020-01-02 00:31:00,106.5211,106.5466,106.5341,106.5403,2363.0
2020-01-02 00:32:00,106.5219,106.5851,106.4688,106.5269,1166.0
2020-01-02 00:33:00,106.5203,106.5365,106.5203,106.5284,5844.0
2020-01-02 00:34:00,106.3614,106.4731,106.4267,106.4499,2890.0
2020-01-02 00:35:00,106.5652,106.5859,106.4436,106.5147,7179.0
2020-01-02 00:36:00,106.4549,106.5612,106.4441,106.5027,1773.0
2020-01-02 00:37:00,106.5328,106.55,106.5392,106.5446,2463.0
2020-01-02 00:38:00,106.4857,106.5198,106.3919,106.4559,3823.0
2020-01-02 00:39:00,106.4852,106.4734,106.3508,106.4121,3601.0
2020-01-02 00:40:00,106.4304,106.4851,106.4836,106.4843,2914.0
2020-01-02 00:41:00,106.4247,106.4639,106.4302,106.4471,6742.0
2020-01-02 00:42:00,106.6889,106.6385,106.601,106.6198,448.0
2020-01-02 00:43:00,106.603,106.6038,106.5558,106.5798,2222.0
2020-01-02 00:44:00,106.6358,106.6319,106.5726,106.6023,4233.0
2020-01-02 00:45:00,106.643,106.6967,106.6944,106.6955,311.0
2020-01-02 00:46:00,106.5347,106.6728,106.4346,106.5537,3629.0
2020-01-02 00:47:00,106.3692,106.4327,106.3225,106.3776,7837.0
2020-01-02 00:48:00,106.1821,106.2564,106.1937,106.225,6449.0
2020-01-02 00:49:00,106.2676,106.4117,106.2909,106.3513,4200.0
2020-01-02 00:50:00,106.2706,106.3368,106.2554,106.2961,9558.0
2020-01-02 00:51:00,106.6196,106.561,106.5429,106.5519,247.0
2020-01-02 00:52:00,106.4985,106.5068,106.4842,106.4955,1809.0
2020-01-02 00:53:00,106.5827,106.5789,106.4491,106.514,3122.0
2020-01-02 00:54:00,106.6771,106.7313,106.605,106.6682,4090.0
2020-01-02 00:55:00,106.8306,106.8717,106.8659,106.8688,7954.0
2020-01-02 00:56:00,107.1388,107.0987,107.0512,107.0749,3936.0
2020-01-02 00:57:00,107.2064,107.229,107.1626,107.1958,8283.0
2020-01-02 00:58:00,107.3463,107.3102,107.2861,107.2982,4623.0
2020-01-02 00:59:00,107.304,107.3791,107.3357,107.3574,468.0
2020-01-02 01:00:00,107.4872,107.4629,107.4076,107.4353,7244.0
2020-01-02 01:01:00,107.4336,107.4012,107.3591,107.3801,1570.0
2020-01-02 01:02:00,107.3128,107.3279,107.2687,107.2983,2697.0
2020-01-02 01:03:00,107.2576,107.361,107.235,107.298,1402.0
2020-01-02 01:04:00,107.2787,107.3741,107.1878,107.281,1994.0
2020-01-02 01:05:00,107.2662,107.2419,107.2294,107.2357,2624.0
2020-01-02 01:06:00,107.317,107.3603,107.2503,107.3053,1188.0
2020-01-02 01:07:00,107.4309,107.4184,107.3832,107.4008,5805.0
2020-01-02 01:08:00,107.4603,107.4689,107.3504,107.4097,1426.0
2020-01-02 01:09:00,107.525,107.6105,107.5043,107.5574,7584.0
2020-01-02 01:10:00,107.3855,107.4937,107.3928,107.4432,4369.0
2020-01-02 01:11:00,107.422,107.4286,107.4192,107.4239,7682.0
2020-01-02 01:12:00,107.3357,107.3856,107.3188,107.3522,9575.0
2020-01-02 01:13:00,107.2048,107.2353,107.0958,107.1655,3456.0
2020-01-02 01:14:00,107.1036,107.1593,107.1553,107.1573,6316.0
2020-01-02 01:15:00,107.1961,107.2218,107.0684,107.1451,1202.0
2020-01-02 01:16:00,107.3641,107.3119,107.281,107.2964,1167.0
2020-01-02 01:17:00,107.3595,107.3988,107.3203,107.3595,844.0
2020-01-02 01:18:00,107.2601,107.2993,107.2149,107.2571,3174.0
2020-01-02 01:19:00,107.4041,107.4567,107.4283,107.4425,2590.0
2020-01-02 01:20:00,107.5375,107.6304,107.4988,107.5646,7644.0
2020-01-02 01:21:00,107.6024,107.7683,107.4774,107.6228,3864.0
2020-01-02 01:22:00,107.6723,107.6613,107.539,107.6002,6121.0
2020-01-02 01:23:00,107.5006,107.55,107.4585,107.5042,2962.0
2020-01-02 01:24:00,107.4009,107.508,107.426,107.467,9174.0
2020-01-02 01:25:00,107.5887,107.5927,107.5591,107.5759,6055.0
2020-01-02 01:26:00,107.8057,107.7789,107.7498,107.7644,6968.0
2020-01-02 01:27:00,107.9174,107.9384,107.899,107.9187,2660.0
2020-01-02 01:28:00,107.9433,107.8996,107.84,107.8698,4891.0
2020-01-02 01:29:00,107.7967,107.8053,107.7103,107.7578,3934.0
2020-01-02 01:30:00,107.7195,107.8328,107.711,107.7719,2874.0
2020-01-02 01:31:00,107.5675,107.6149,107.5753,107.5951,8368.0
2020-01-02 01:32:00,107.6387,107.6589,107.5959,107.6274,3214.0
2020-01-02 01:33:00,107.5293,107.6912,107.5341,107.6126,5804.0
2020-01-02 01:34:00,107.5828,107.6146,107.5175,107.566,1112.0
2020-01-02 01:35:00,107.3185,107.4763,107.3368,107.4066,4385.0
2020-01-02 01:36:00,107.5091,107.5358,107.3801,107.4579,9166.0
2020-01-02 01:37:00,107.45,107.414,107.3953,107.4046,4457.0
2020-01-02 01:38:00,107.3129,107.319,107.2564,107.2877,3656.0
2020-01-02 01:39:00,106.9666,107.0689,106.9319,107.0004,2425.0
2020-01-02 01:40:00,107.0062,107.0297,106.9656,106.9977,7057.0
2020-01-02 01:41:00,107.1492,107.2304,107.1194,107.1749,4088.0
2020-01-02 01:42:00,107.2895,107.3548,107.3273,107.341,2454.0
2020-01-02 01:43:00,107.2784,107.341,107.2496,107.2953,6793.0
2020-01-02 01:44:00,107.27,107.2444,107.2258,107.2351,2494.0
2020-01-02 01:45:00,107.2842,107.3468,107.2172,107.282,5642.0
2020-01-02 01:46:00,107.2547,107.1933,107.171,107.1821,4621.0
2020-01-02 01:47:00,107.2506,107.2865,107.1381,107.2123,141.0
2020-01-02 01:48:00,107.3219,107.3615,107.2163,107.2889,1948.0
2020-01-02 01:49:00,107.3312,107.459,107.3642,107.4116,4291.0
2020-01-02 01:50:00,107.3873,107.4643,107.3389,107.4016,7530.0
2020-01-02 01:51:00,107.328,107.3857,107.3767,107.3812,2966.0
2020-01-02 01:52:00,107.2843,107.3522,107.2346,107.2934,9938.0
2020-01-02 01:53:00,107.1761,107.2675,107.154,107.2107,6993.0
2020-01-02 01:54:00,107.1692,107.2096,107.1666,107.1881,8496.0
2020-01-02 01:55:00,107.2779,107.2503,107.1994,107.2248,3434.0
2020-01-02 01:56:00,107.34,107.3373,107.2951,107.3162,3759.0
2020-01-02 01:57:00,107.2862,107.3366,107.1352,107.2359,7179.0
2020-01-02 01:58:00,107.3051,107.3911,107.3792,107.3851,754.0
2020-01-02 01:59:00,107.3609,107.4138,107.3022,107.358,2462.0
2020-01-02 02:00:00,107.4042,107.3645,107.3473,107.3559,9684.0
2020-01-02 02:01:00,107.3565,107.3383,107.224,107.2812,8175.0
2020-01-02 02:02:00,106.9613,107.098,106.9795,107.0388,5471.0
2020-01-02 02:03:00,107.1096,107.2074,107.0469,107.1272,5552.0
2020-01-02 02:04:00,107.2526,107.2543,107.1474,107.2008,4939.0
2020-01-02 02:05:00,107.1631,107.1729,107.1725,107.1727,7693.0
2020-01-02 02:06:00,107.1339,107.1886,107.1702,107.1794,384.0
2020-01-02 02:07:00,107.1535,107.2434,107.2186,107.231,9632.0
2020-01-02 02:08:00,107.0273,107.1032,107.0463,107.0747,611.0
2020-01-02 02:09:00,106.9374,107.0556,106.988,107.0218,4224.0
2020-01-02 02:10:00,107.1042,107.151,107.0516,107.1013,3178.0
2020-01-02 02:11:00,107.0207,106.9885,106.9632,106.9758,4737.0
2020-01-02 02:12:00,106.9421,107.0262,106.9842,107.0052,8506.0
2020-01-02 02:13:00,106.8824,106.8706,106.8684,106.8695,5219.0
2020-01-02 02:14:00,106.9584,106.9457,106.8866,106.9162,3431.0
2020-01-02 02:15:00,106.9125,106.929,106.8962,106.9126,2408.0
2020-01-02 02:16:00,106.6706,106.778,106.7242,106.7511,1937.0
2020-01-02 02:17:00,106.8869,106.891,106.8441,106.8676,8110.0
2020-01-02 02:18:00,106.7914,106.8549,106.7333,106.7941,5219.0
2020-01-02 02:19:00,106.7053,106.7491,106.6771,106.7131,5836.0
2020-01-02 02:20:00,106.7058,106.7397,106.7266,106.7331,665.0
2020-01-02 02:21:00,106.8524,106.8711,106.8249,106.848,7739.0
2020-01-02 02:22:00,106.7719,106.7682,106.7246,106.7464,9092.0
2020-01-02 02:23:00,106.8721,106.7758,106.7294,106.7526,1378.0
2020-01-02 02:24:00,106.8011,106.8232,106.7677,106.7955,9593.0
2020-01-02 02:25:00,106.9403,106.919,106.8106,106.8648,7291.0
2020-01-02 02:26:00,106.9003,106.9127,106.8521,106.8824,5184.0
2020-01-02 02:27:00,106.8408,106.8929,106.7986,106.8457,3604.0
2020-01-02 02:28:00,106.7704,106.7784,106.7476,106.763,9283.0
2020-01-02 02:29:00,106.7105,106.82,106.7232,106.7716,5713.0
2020-01-02 02:30:00,106.6797,106.6926,106.6361,106.6644,6617.0
2020-01-02 02:31:00,106.2726,106.4303,106.3141,106.3722,7005.0
2020-01-02 02:32:00,106.3728,106.5325,106.2992,106.4159,476.0
2020-01-02 02:33:00,106.5118,106.5711,106.4415,106.5063,8242.0
2020-01-02 02:34:00,106.3297,106.2706,106.2694,106.27,1204.0
2020-01-02 02:35:00,106.2406,106.2124,106.1257,106.169,6846.0
2020-01-02 02:36:00,106.2191,106.3128,106.1491,106.2309,9905.0
2020-01-02 02:37:00,106.4445,106.5629,106.3105,106.4367,5774.0
2020-01-02 02:38:00,106.488,106.4683,106.4093,106.4388,5342.0
2020-01-02 02:39:00,106.2995,106.372,106.3599,106.366,2947.0
2020-01-02 02:40:00,106.3679,106.4405,106.2549,106.3477,8314.0
2020-01-02 02:41:00,106.4438,106.5095,106.4608,106.4852,2803.0
2020-01-02 02:42:00,106.412,106.4759,106.3652,106.4206,4965.0
2020-01-02 02:43:00,106.3177,106.3457,106.3356,106.3406,6762.0
2020-01-02 02:44:00,106.3141,106.3196,106.2652,106.2924,3448.0
2020-01-02 02:45:00,106.2246,106.2509,106.1432,106.197,9210.0
2020-01-02 02:46:00,106.2539,106.2495,106.1691,106.2093,476.0
2020-01-02 02:47:00,106.3892,106.3831,106.3605,106.3718,6534.0
2020-01-02 02:48:00,106.4127,106.4682,106.34,106.4041,9542.0
2020-01-02 02:49:00,106.4715,106.4163,106.3414,106.3788,9488.0
2020-01-02 02:50:00,106.2734,106.3828,106.3165,106.3497,9962.0
2020-01-02 02:51:00,106.2781,106.3235,106.0632,106.1933,7720.0
2020-01-02 02:52:00,106.2672,106.3055,106.2578,106.2817,6585.0
2020-01-02 02:53:00,106.3024,106.3197,106.228,106.2739,1456.0
2020-01-02 02:54:00,106.2395,106.2742,106.2375,106.2558,1866.0
2020-01-02 02:55:00,106.54,106.5767,106.5736,106.5751,5605.0
2020-01-02 02:56:00,106.6292,106.6225,106.5875,106.605,9657.0
2020-01-02 02:57:00,106.5819,106.575,106.4847,106.5298,5526.0
2020-01-02 02:58:00,106.5108,106.4981,106.4763,106.4872,3941.0
2020-01-02 02:59:00,106.5749,106.6474,106.5566,106.602,3344.0
2020-01-02 03:00:00,106.7939,106.6291,106.5976,106.6134,643.0
2020-01-02 03:01:00,106.5295,106.5358,106.4033,106.4695,6147.0
2020-01-02 03:02:00,106.6081,106.5698,106.5531,106.5615,9067.0
2020-01-02 03:03:00,106.477,106.5432,106.4461,106.4946,1720.0
2020-01-02 03:04:00,106.6507,106.7908,106.5731,106.682,4412.0
2020-01-02 03:05:00,106.776,106.8812,106.6987,106.79,8823.0
2020-01-02 03:06:00,106.7993,106.7822,106.7083,106.7453,7928.0
2020-01-02 03:07:00,106.8238,106.9047,106.842,106.8734,988.0
2020-01-02 03:08:00,106.8267,107.0056,106.7547,106.8801,492.0
2020-01-02 03:09:00,106.9924,107.0558,106.8751,106.9654,9913.0
2020-01-02 03:10:00,107.0298,107.0886,106.9392,107.0139,3557.0
2020-01-02 03:11:00,106.8907,106.9458,106.9127,106.9293,7768.0
2020-01-02 03:12:00,106.8103,106.9862,106.7436,106.8649,2463.0
2020-01-02 03:13:00,107.0398,106.9863,106.9495,106.9679,7454.0
2020-01-02 03:14:00,106.9523,106.9833,106.8856,106.9344,9640.0
2020-01-02 03:15:00,106.8259,106.903,106.8851,106.8941,417.0
2020-01-02 03:16:00,106.7339,106.801,106.7961,106.7985,6637.0
2020-01-02 03:17:00,106.8228,106.8535,106.8283,106.8409,8996.0
2020-01-02 03:18:00,107.0838,107.0576,107.0367,107.0472,3871.0
2020-01-02 03:19:00,106.9701,106.9708,106.91,106.9404,9333.0
2020-01-02 03:20:00,106.9994,106.9612,106.9245,106.9428,4344.0
2020-01-02 03:21:00,107.0095,107.0856,107.0825,107.084,4753.0
2020-01-02 03:22:00,107.0873,107.1516,107.0006,107.0761,6985.0
2020-01-02 03:23:00,107.1926,107.2697,106.973,107.1213,4106.0
2020-01-02 03:24:00,107.0817,107.0406,106.9896,107.0151,4742.0
2020-01-02 03:25:00,107.0759,107.0938,107.022,107.0579,2227.0
2020-01-02 03:26:00,107.1566,107.0965,106.9818,107.0392,4713.0
2020-01-02 03:27:00,107.1682,107.141,107.1345,107.1378,2849.0
2020-01-02 03:28:00,107.3086,107.2669,107.2461,107.2565,8535.0
2020-01-02 03:29:00,107.5177,107.5648,107.4662,107.5155,8300.0
2020-01-02 03:30:00,107.5344,107.648,107.4989,107.5734,3754.0
2020-01-02 03:31:00,107.5622,107.621,107.591,107.606,9615.0
2020-01-02 03:32:00,107.6345,107.6388,107.6121,107.6254,5539.0
2020-01-02 03:33:00,107.5796,107.6741,107.5062,107.5901,2470.0
2020-01-02 03:34:00,107.5355,107.7302,107.5178,107.624,2703.0
2020-01-02 03:35:00,107.5431,107.6289,107.5599,107.5944,5847.0
2020-01-02 03:36:00,107.5954,107.6846,107.538,107.6113,3633.0
2020-01-02 03:37:00,107.7794,107.7977,107.6884,107.743,7665.0
2020-01-02 03:38:00,107.6416,107.6685,107.6163,107.6424,8684.0
2020-01-02 03:39:00,107.7528,107.7788,107.7339,107.7564,1351.0
2020-01-02 03:40:00,107.8387,107.9322,107.844,107.8881,3066.0
2020-01-02 03:41:00,107.8774,107.9058,107.8467,107.8763,9458.0
2020-01-02 03:42:00,107.73,107.7415,107.5867,107.6641,7671.0
2020-01-02 03:43:00,107.6111,107.6347,107.5719,107.6033,3107.0
2020-01-02 03:44:00,107.6576,107.7381,107.7279,107.733,7913.0
2020-01-02 03:45:00,107.6681,107.7684,107.693,107.7307,7306.0
2020-01-02 03:46:00,107.6602,107.6729,107.5887,107.6308,8484.0
2020-01-02 03:47:00,107.5691,107.6073,107.5534,107.5803,8618.0
2020-01-02 03:48:00,107.6606,107.6693,107.6595,107.6644,4220.0
2020-01-02 03:49:00,107.6884,107.8032,107.6349,107.7191,4297.0
2020-01-02 03:50:00,107.7203,107.7758,107.6145,107.6952,8954.0
2020-01-02 03:51:00,107.6434,107.6589,107.6581,107.6585,4937.0
2020-01-02 03:52:00,107.61,107.6856,107.553,107.6193,4125.0
2020-01-02 03:53:00,107.4845,107.6323,107.4218,107.5271,4357.0
2020-01-02 03:54:00,107.7347,107.7917,107.5855,107.6886,4873.0
2020-01-02 03:55:00,107.6453,107.6964,107.6164,107.6564,9177.0
2020-01-02 03:56:00,107.8085,107.7789,107.7772,107.7781,4053.0
2020-01-02 03:57:00,107.8705,107.9485,107.912,107.9302,2394.0
2020-01-02 03:58:00,108.1167,108.0852,107.9748,108.03,6417.0
2020-01-02 03:59:00,108.0507,108.0348,107.939,107.9869,3567.0
2020-01-02 04:00:00,107.9318,108.0768,107.9777,108.0273,1132.0
2020-01-02 04:01:00,107.9847,108.0392,108.0105,108.0248,1571.0
2020-01-02 04:02:00,107.9583,108.0321,107.8369,107.9345,5213.0
2020-01-02 04:03:00,107.9009,107.9708,107.963,107.9669,5790.0
2020-01-02 04:04:00,107.8424,107.9081,107.7899,107.849,6905.0
2020-01-02 04:05:00,107.9891,107.9931,107.9424,107.9678,4171.0
2020-01-02 04:06:00,107.9121,107.977,107.8656,107.9213,7839.0
2020-01-02 04:07:00,107.9684,108.0814,107.8014,107.9414,1248.0
2020-01-02 04:08:00,107.9351,107.985,107.9545,107.9697,8332.0
2020-01-02 04:09:00,107.8316,108.0092,107.8785,107.9439,6580.0
2020-01-02 04:10:00,108.0516,108.0311,107.9739,108.0025,3856.0
2020-01-02 04:11:00,108.0038,108.0432,107.8669,107.955,7508.0
2020-01-02 04:12:00,108.1673,108.1164,107.968,108.0422,7361.0
2020-01-02 04:13:00,107.7972,107.931,107.8841,107.9076,6763.0
2020-01-02 04:14:00,107.9577,107.9454,107.895,107.9202,3896.0
2020-01-02 04:15:00,108.0157,108.1648,108.0634,108.1141,3547.0
2020-01-02 04:16:00,108.1019,108.0455,107.9826,108.0141,8376.0
2020-01-02 04:17:00,107.9707,108.0079,107.8847,107.9463,7932.0
2020-01-02 04:18:00,107.9501,108.0191,107.9762,107.9977,4557.0
2020-01-02 04:19:00,108.0547,108.0884,107.9428,108.0156,5470.0
2020-01-02 04:20:00,108.023,108.0809,108.0205,108.0507,2739.0
2020-01-02 04:21:00,108.1146,108.131,108.0682,108.0996,9322.0
2020-01-02 04:22:00,108.1734,108.2462,108.08,108.1631,7787.0
2020-01-02 04:23:00,108.3613,108.3516,108.1966,108.2741,1030.0
2020-01-02 04:24:00,108.4058,108.3407,108.2894,108.315,1921.0
2020-01-02 04:25:00,108.2611,108.3284,108.2534,108.2909,6002.0
2020-01-02 04:26:00,108.4111,108.3961,108.3202,108.3582,5927.0
2020-01-02 04:27:00,108.5659,108.5793,108.517,108.5482,3909.0
2020-01-02 04:28:00,108.4643,108.5912,108.4786,108.5349,9885.0
2020-01-02 04:29:00,108.4026,108.4424,108.4325,108.4374,5631.0
2020-01-02 04:30:00,108.665,108.6483,108.4481,108.5482,9412.0
2020-01-02 04:31:00,108.554,108.5383,108.5339,108.5361,9973.0
2020-01-02 04:32:00,108.3688,108.3759,108.2618,108.3189,2024.0
2020-01-02 04:33:00,108.393,108.4182,108.3889,108.4036,2540.0
2020-01-02 04:34:00,108.3231,108.3793,108.3208,108.3501,7113.0
2020-01-02 04:35:00,108.3424,108.4246,108.2574,108.341,3542.0
2020-01-02 04:36:00,108.3609,108.3928,108.3557,108.3742,1307.0
2020-01-02 04:37:00,108.3186,108.43,108.3565,108.3933,9458.0
2020-01-02 04:38:00,108.414,108.5065,108.4219,108.4642,5682.0
2020-01-02 04:39:00,108.456,108.5079,108.3334,108.4207,8353.0
2020-01-02 04:40:00,108.4529,108.4827,108.4613,108.472,8454.0
2020-01-02 04:41:00,108.4473,108.4962,108.3958,108.446,4747.0
2020-01-02 04:42:00,108.5316,108.5378,108.5019,108.5199,7502.0
2020-01-02 04:43:00,108.5971,108.6464,108.5164,108.5814,9375.0
2020-01-02 04:44:00,108.5452,108.5596,108.4162,108.4879,338.0
2020-01-02 04:45:00,108.5415,108.6313,108.5617,108.5965,3886.0
2020-01-02 04:46:00,108.5714,108.5693,108.5164,108.5429,8729.0
2020-01-02 04:47:00,108.6614,108.6915,108.5559,108.6237,8820.0
2020-01-02 04:48:00,108.7097,108.6854,108.6354,108.6604,8396.0
2020-01-02 04:49:00,108.7736,108.8708,108.8176,108.8442,7360.0
2020-01-02 04:50:00,108.8346,108.8734,108.7704,108.8219,9530.0
2020-01-02 04:51:00,108.8728,108.9092,108.6647,108.787,6732.0
2020-01-02 04:52:00,108.7801,108.8318,108.7382,108.785,8442.0
2020-01-02 04:53:00,108.7789,108.7643,108.7451,108.7547,1893.0
2020-01-02 04:54:00,108.8737,108.8733,108.7961,108.8347,7056.0
2020-01-02 04:55:00,108.6218,108.6788,108.6674,108.6731,8922.0
2020-01-02 04:56:00,108.6594,108.5847,108.5507,108.5677,8207.0
2020-01-02 04:57:00,108.4859,108.5586,108.3633,108.4609,306.0
2020-01-02 04:58:00,108.5819,108.6172,108.4947,108.5559,2922.0
2020-01-02 04:59:00,108.6439,108.7337,108.7203,108.727,9125.0
2020-01-02 05:00:00,108.7563,108.7175,108.7156,108.7166,1600.0
2020-01-02 05:01:00,108.725,108.7055,108.6938,108.6997,6807.0
2020-01-02 05:02:00,108.7879,108.7121,108.7013,108.7067,4421.0
2020-01-02 05:03:00,108.8073,108.8287,108.8171,108.8229,9095.0
2020-01-02 05:04:00,108.6808,108.7738,108.6865,108.7301,6933.0
2020-01-02 05:05:00,108.7199,108.7844,108.7235,108.754,6349.0
2020-01-02 05:06:00,108.8262,108.8724,108.8305,108.8515,3247.0
2020-01-02 05:07:00,108.8457,109.0533,108.7499,108.9016,4711.0
2020-01-02 05:08:00,108.9851,108.9355,108.9056,108.9206,1946.0
2020-01-02 05:09:00,109.087,109.1034,108.9379,109.0207,8234.0
2020-01-02 05:10:00,108.7406,108.7827,108.718,108.7503,6518.0
2020-01-02 05:11:00,108.7985,108.8919,108.7444,108.8181,3819.0
2020-01-02 05:12:00,108.6619,108.799,108.7064,108.7527,6194.0
2020-01-02 05:13:00,108.6045,108.5827,108.5566,108.5697,2165.0
2020-01-02 05:14:00,108.7035,108.6507,108.5908,108.6208,4480.0
2020-01-02 05:15:00,108.7263,108.8199,108.6964,108.7581,4845.0
2020-01-02 05:16:00,108.7386,108.7492,108.7396,108.7444,8285.0
2020-01-02 05:17:00,108.8614,108.9261,108.7533,108.8397,6500.0
2020-01-02 05:18:00,109.0871,109.0216,108.9802,109.0009,9534.0
2020-01-02 05:19:00,109.1424,109.1445,109.1203,109.1324,2504.0
2020-01-02 05:20:00,109.3062,109.2998,109.293,109.2964,355.0
2020-01-02 05:21:00,109.3796,109.4115,109.3297,109.3706,6577.0
2020-01-02 05:22:00,109.3069,109.465,109.2913,109.3782,7635.0
2020-01-02 05:23:00,109.1456,109.2222,109.2137,109.218,6240.0
2020-01-02 05:24:00,109.153,109.1969,109.1899,109.1934,6258.0
2020-01-02 05:25:00,109.1597,109.1453,109.0728,109.109,278.0
2020-01-02 05:26:00,109.3094,109.3355,109.3167,109.3261,7712.0
2020-01-02 05:27:00,109.2821,109.3605,109.2566,109.3085,8039.0
2020-01-02 05:28:00,109.2935,109.3212,109.3205,109.3209,5622.0
2020-01-02 05:29:00,109.3691,109.4301,109.3219,109.376,4283.0
2020-01-02 05:30:00,109.4655,109.4766,109.2841,109.3804,6337.0
2020-01-02 05:31:00,109.5423,109.5862,109.5135,109.5499,5040.0
2020-01-02 05:32:00,109.4483,109.5166,109.4587,109.4876,127.0
2020-01-02 05:33:00,109.5083,109.5304,109.4837,109.5071,8345.0
2020-01-02 05:34:00,109.5206,109.498,109.3677,109.4328,8612.0
2020-01-02 05:35:00,109.2757,109.3341,109.2676,109.3008,3730.0
2020-01-02 05:36:00,109.1806,109.3112,109.1681,109.2396,7003.0
2020-01-02 05:37:00,109.2109,109.2394,109.2324,109.2359,6873.0
2020-01-02 05:38:00,109.1994,109.2104,109.1756,109.193,6021.0
2020-01-02 05:39:00,109.1582,109.1659,109.0816,109.1238,431.0
2020-01-02 05:40:00,109.0335,108.9871,108.9791,108.9831,1817.0
2020-01-02 05:41:00,108.9225,109.0054,108.9442,108.9748,416.0
2020-01-02 05:42:00,108.7768,108.9162,108.7325,108.8244,6344.0
2020-01-02 05:43:00,108.8842,108.9224,108.8783,108.9004,3651.0
2020-01-02 05:44:00,108.9428,108.9654,108.8518,108.9086,6198.0
2020-01-02 05:45:00,108.6998,108.7744,108.7513,108.7628,3017.0
2020-01-02 05:46:00,108.7016,108.7647,108.6991,108.7319,7892.0
2020-01-02 05:47:00,108.6271,108.7123,108.6011,108.6567,9654.0
2020-01-02 05:48:00,108.7357,108.7688,108.6084,108.6886,8439.0
2020-01-02 05:49:00,108.8491,108.8566,108.7887,108.8227,7563.0
2020-01-02 05:50:00,108.6803,108.7127,108.5576,108.6352,7674.0
2020-01-02 05:51:00,108.7136,108.7219,108.5714,108.6467,2728.0
2020-01-02 05:52:00,108.6154,108.7094,108.5519,108.6306,4673.0
2020-01-02 05:53:00,108.6384,108.6987,108.6968,108.6978,8148.0
2020-01-02 05:54:00,108.66,108.7852,108.6529,108.7191,1309.0
2020-01-02 05:55:00,108.552,108.6715,108.6163,108.6439,269.0
2020-01-02 05:56:00,108.5891,108.7053,108.5187,108.612,9859.0
2020-01-02 05:57:00,108.5132,108.5704,108.4944,108.5324,4496.0
2020-01-02 05:58:00,108.6794,108.7265,108.5535,108.64,3535.0
2020-01-02 05:59:00,108.643,108.7167,108.5676,108.6421,1977.0
2020-01-02 06:00:00,108.8077,108.8323,108.8322,108.8322,4152.0
2020-01-02 06:01:00,108.8204,108.8279,108.8245,108.8262,3135.0
2020-01-02 06:02:00,108.7034,108.781,108.7297,108.7553,3348.0
2020-01-02 06:03:00,108.6552,108.6261,108.5818,108.604,3973.0
2020-01-02 06:04:00,108.3844,108.4273,108.42,108.4237,8814.0
2020-01-02 06:05:00,108.2082,108.2933,108.2371,108.2652,3652.0
2020-01-02 06:06:00,108.3328,108.3631,108.2208,108.2919,5705.0
2020-01-02 06:07:00,108.3715,108.3536,108.3321,108.3428,2806.0
2020-01-02 06:08:00,108.0985,108.2384,108.131,108.1847,2632.0
2020-01-02 06:09:00,108.317,108.3177,108.2307,108.2742,921.0
2020-01-02 06:10:00,108.1888,108.2664,108.1854,108.2259,3608.0
2020-01-02 06:11:00,108.2219,108.3031,108.178,108.2406,294.0
2020-01-02 06:12:00,108.4112,108.416,108.3876,108.4018,565.0
2020-01-02 06:13:00,108.5208,108.5699,108.4131,108.4915,3125.0
2020-01-02 06:14:00,108.4869,108.4969,108.4324,108.4646,8245.0
2020-01-02 06:15:00,108.373,108.4107,108.3403,108.3755,2637.0
2020-01-02 06:16:00,108.1391,108.2048,108.1158,108.1603,199.0
2020-01-02 06:17:00,108.109,108.1095,108.0674,108.0884,8407.0
2020-01-02 06:18:00,108.0614,108.0733,108.0613,108.0673,5814.0
2020-01-02 06:19:00,108.0589,108.0017,107.9355,107.9686,6375.0
2020-01-02 06:20:00,107.9848,107.9828,107.9282,107.9555,9563.0
2020-01-02 06:21:00,107.917,108.0339,107.8924,107.9631,2790.0
2020-01-02 06:22:00,107.9168,107.9768,107.9045,107.9407,1534.0
2020-01-02 06:23:00,107.8781,107.9375,107.8138,107.8757,2002.0
2020-01-02 06:24:00,107.9575,107.9484,107.8366,107.8925,3123.0
2020-01-02 06:25:00,108.0073,107.9778,107.8956,107.9367,7157.0
2020-01-02 06:26:00,107.8079,107.9117,107.7436,107.8277,6913.0
2020-01-02 06:27:00,107.9221,107.9689,107.9687,107.9688,6162.0
2020-01-02 06:28:00,107.9058,107.9998,107.918,107.9589,2693.0
2020-01-02 06:29:00,107.9734,107.9669,107.9546,107.9608,6618.0
2020-01-02 06:30:00,108.1468,108.0591,108.0041,108.0316,5039.0
2020-01-02 06:31:00,108.0819,108.0858,108.0241,108.0549,4493.0
2020-01-02 06:32:00,108.0706,108.1719,108.1286,108.1503,7239.0
2020-01-02 06:33:00,108.1427,108.2592,108.0988,108.179,7324.0
2020-01-02 06:34:00,108.0865,108.1899,108.0455,108.1177,3026.0
2020-01-02 06:35:00,108.1128,108.1548,108.1529,108.1539,6962.0
2020-01-02 06:36:00,108.0201,108.0406,108.0384,108.0395,6104.0
2020-01-02 06:37:00,108.0688,108.0675,108.0332,108.0504,1926.0
2020-01-02 06:38:00,108.0811,108.1408,107.9533,108.047,6652.0
2020-01-02 06:39:00,108.0808,108.0314,108.021,108.0262,1125.0
2020-01-02 06:40:00,108.0396,108.0433,107.9835,108.0134,885.0
2020-01-02 06:41:00,107.7275,107.874,107.7764,107.8252,1900.0
2020-01-02 06:42:00,107.7174,107.8087,107.7319,107.7703,5286.0
2020-01-02 06:43:00,107.7717,107.8059,107.7533,107.7796,7336.0
2020-01-02 06:44:00,107.8029,107.7992,107.792,107.7956,8652.0
2020-01-02 06:45:00,107.7359,107.6983,107.6874,107.6928,6701.0
2020-01-02 06:46:00,107.8215,107.871,107.7677,107.8194,3497.0
2020-01-02 06:47:00,107.7353,107.7983,107.6673,107.7328,1326.0
2020-01-02 06:48:00,107.8416,107.9439,107.7156,107.8297,2740.0
2020-01-02 06:49:00,107.8597,107.8831,107.8618,107.8724,5150.0
2020-01-02 06:50:00,107.8122,107.8312,107.7844,107.8078,3749.0
2020-01-02 06:51:00,108.0416,107.993,107.9777,107.9853,6011.0
2020-01-02 06:52:00,107.8618,107.9276,107.8044,107.866,5737.0
2020-01-02 06:53:00,107.9564,107.9798,107.936,107.9579,3303.0
2020-01-02 06:54:00,108.0563,108.0861,108.0298,108.058,7335.0
2020-01-02 06:55:00,108.0558,108.1072,107.8746,107.9909,7393.0
2020-01-02 06:56:00,108.0747,108.142,108.1183,108.1301,9708.0
2020-01-02 06:57:00,108.1939,108.1565,108.0537,108.1051,7950.0
2020-01-02 06:58:00,108.0752,108.1536,108.1144,108.134,8627.0
2020-01-02 06:59:00,108.1273,108.1614,108.1586,108.16,7955.0
2020-01-02 07:00:00,108.1838,108.1677,108.1255,108.1466,6038.0
2020-01-02 07:01:00,108.2792,108.2784,108.1769,108.2277,2061.0
2020-01-02 07:02:00,108.2369,108.3382,108.2759,108.307,7047.0
2020-01-02 07:03:00,108.0775,108.214,108.0503,108.1322,943.0
2020-01-02 07:04:00,108.2765,108.2713,108.254,108.2626,9932.0
2020-01-02 07:05:00,108.2136,108.1528,108.0399,108.0964,4240.0
2020-01-02 07:06:00,108.2619,108.2029,108.1963,108.1996,1224.0
2020-01-02 07:07:00,108.2999,108.4235,108.2011,108.3123,6662.0
2020-01-02 07:08:00,108.0822,108.22,108.1863,108.2032,4811.0
2020-01-02 07:09:00,108.1662,108.1847,108.1395,108.1621,864.0
2020-01-02 07:10:00,108.0697,108.1353,107.9678,108.0515,9992.0
2020-01-02 07:11:00,108.0109,108.0397,108.0203,108.03,5675.0
2020-01-02 07:12:00,107.9567,108.0197,107.9788,107.9992,7503.0
2020-01-02 07:13:00,108.0852,108.1203,108.0341,108.0772,4729.0
2020-01-02 07:14:00,108.1611,108.2261,108.1904,108.2082,9384.0
2020-01-02 07:15:00,108.4414,108.4241,108.2715,108.3478,1704.0
2020-01-02 07:16:00,108.3674,108.3013,108.2819,108.2916,9561.0
2020-01-02 07:17:00,108.3036,108.2859,108.2554,108.2707,6606.0
2020-01-02 07:18:00,108.1068,108.1173,108.0874,108.1023,630.0
2020-01-02 07:19:00,107.9887,108.0529,107.9906,108.0217,2890.0
2020-01-02 07:20:00,108.1172,108.1224,108.1141,108.1182,1352.0
2020-01-02 07:21:00,108.3617,108.2965,108.2631,108.2798,4041.0
2020-01-02 07:22:00,108.1998,108.1729,108.1398,108.1563,5728.0
2020-01-02 07:23:00,108.1073,108.1011,108.0931,108.0971,8949.0
2020-01-02 07:24:00,108.1407,108.0965,108.0924,108.0945,5333.0
2020-01-02 07:25:00,108.1498,108.1605,108.0844,108.1225,6486.0
2020-01-02 07:26:00,108.0613,108.0475,108.0355,108.0415,9460.0
2020-01-02 07:27:00,108.133,108.1014,108.0664,108.0839,5892.0
2020-01-02 07:28:00,108.0624,108.0456,108.0275,108.0365,2586.0
2020-01-02 07:29:00,108.078,108.0708,107.9994,108.0351,2943.0
2020-01-02 07:30:00,108.0978,108.1077,108.0717,108.0897,7889.0
2020-01-02 07:31:00,108.0777,108.1919,107.9888,108.0904,3338.0
2020-01-02 07:32:00,108.0193,108.0924,108.0011,108.0467,7800.0
2020-01-02 07:33:00,108.0024,108.0497,108.0218,108.0358,5384.0
2020-01-02 07:34:00,107.9467,108.0463,108.0076,108.0269,2789.0
2020-01-02 07:35:00,107.9443,108.0023,107.9776,107.9899,3432.0
2020-01-02 07:36:00,107.917,107.9806,107.9475,107.964,1298.0
2020-01-02 07:37:00,108.0985,108.1379,108.11,108.1239,7054.0
2020-01-02 07:38:00,108.2581,108.2655,108.0945,108.18,7363.0
2020-01-02 07:39:00,108.1426,108.2023,108.0986,108.1505,9672.0
2020-01-02 07:40:00,108.2322,108.2518,108.1885,108.2202,7150.0
2020-01-02 07:41:00,108.2004,108.2489,108.1246,108.1868,5361.0
2020-01-02 07:42:00,108.3835,108.4175,108.1906,108.3041,9482.0
2020-01-02 07:43:00,108.3123,108.3899,108.2922,108.341,7970.0
2020-01-02 07:44:00,108.3192,108.3424,108.3182,108.3303,1442.0
2020-01-02 07:45:00,108.3698,108.5041,108.2461,108.3751,1754.0
2020-01-02 07:46:00,108.2748,108.2452,108.1908,108.218,4853.0
2020-01-02 07:47:00,108.1725,108.1957,108.0149,108.1053,7236.0
2020-01-02 07:48:00,108.0097,108.0204,107.9514,107.9859,6081.0
2020-01-02 07:49:00,108.0619,108.0029,107.9976,108.0002,9280.0
2020-01-02 07:50:00,108.1824,108.1862,108.1608,108.1735,1177.0
2020-01-02 07:51:00,108.388,108.4623,108.3309,108.3966,221.0
2020-01-02 07:52:00,108.5193,108.4672,108.4537,108.4604,3295.0
2020-01-02 07:53:00,108.5349,108.5464,108.4746,108.5105,2314.0
2020-01-02 07:54:00,108.2936,108.3856,108.2752,108.3304,3091.0
2020-01-02 07:55:00,108.326,108.2891,108.2631,108.2761,9125.0
2020-01-02 07:56:00,108.1869,108.236,108.1587,108.1973,9970.0
2020-01-02 07:57:00,108.1187,108.1773,108.0932,108.1353,2169.0
2020-01-02 07:58:00,108.1631,108.1472,108.0897,108.1184,5495.0
2020-01-02 07:59:00,108.0668,108.0961,108.0464,108.0712,2062.0
2020-01-02 08:00:00,107.8928,107.909,107.8376,107.8733,4123.0
2020-01-02 08:01:00,107.9812,107.9636,107.9326,107.9481,8699.0
2020-01-02 08:02:00,107.8017,107.8475,107.8341,107.8408,6542.0
2020-01-02 08:03:00,107.884,107.8953,107.8342,107.8647,6520.0
2020-01-02 08:04:00,108.1396,108.097,108.0473,108.0722,2469.0
2020-01-02 08:05:00,107.9324,107.9839,107.9765,107.9802,2419.0
2020-01-02 08:06:00,107.7497,107.8492,107.6052,107.7272,3339.0
2020-01-02 08:07:00,107.6571,107.7137,107.6835,107.6986,8056.0
2020-01-02 08:08:00,107.8598,107.8392,107.7781,107.8087,5655.0
2020-01-02 08:09:00,108.0551,108.0461,107.9629,108.0045,1992.0
2020-01-02 08:10:00,107.8638,107.9062,107.857,107.8816,6507.0
2020-01-02 08:11:00,108.0417,108.0401,107.8224,107.9312,3938.0
2020-01-02 08:12:00,107.94,107.9047,107.8647,107.8847,7609.0
2020-01-02 08:13:00,107.9095,107.9195,107.8288,107.8741,1589.0
2020-01-02 08:14:00,108.1711,108.1573,108.1197,108.1385,4109.0
2020-01-02 08:15:00,108.0374,108.0013,107.9752,107.9882,1921.0
2020-01-02 08:16:00,107.9638,108.0532,107.974,108.0136,1372.0
2020-01-02 08:17:00,108.0701,108.089,108.0318,108.0604,8988.0
2020-01-02 08:18:00,108.1881,108.201,108.1369,108.169,4936.0
2020-01-02 08:19:00,108.1588,108.2617,108.0958,108.1788,4314.0
2020-01-02 08:20:00,108.2328,108.2588,108.1603,108.2096,1869.0
2020-01-02 08:21:00,108.232,108.2099,108.1309,108.1704,2941.0
2020-01-02 08:22:00,108.1762,108.2367,108.158,108.1973,8041.0
2020-01-02 08:23:00,108.1603,108.186,108.14,108.163,2464.0
2020-01-02 08:24:00,108.1841,108.326,108.1243,108.2252,5463.0
2020-01-02 08:25:00,108.0988,108.1904,108.186,108.1882,1217.0
2020-01-02 08:26:00,108.2649,108.2548,108.197,108.2259,7547.0
2020-01-02 08:27:00,108.2217,108.2955,108.1504,108.223,912.0
2020-01-02 08:28:00,108.338,108.3768,108.2943,108.3356,137.0
2020-01-02 08:29:00,108.2811,108.3905,108.2704,108.3304,2560.0
2020-01-02 08:30:00,108.1439,108.2168,108.0894,108.1531,4438.0
2020-01-02 08:31:00,108.3342,108.407,108.1517,108.2793,5583.0
2020-01-02 08:32:00,108.1888,108.2089,108.1686,108.1888,3819.0
2020-01-02 08:33:00,108.1248,108.2731,107.9737,108.1234,7331.0
2020-01-02 08:34:00,108.0742,108.1054,108.0223,108.0638,9146.0
2020-01-02 08:35:00,108.1394,108.2258,108.1767,108.2013,2454.0
2020-01-02 08:36:00,108.0189,108.0569,107.9185,107.9877,4142.0
2020-01-02 08:37:00,108.2387,108.3213,108.2816,108.3015,274.0
2020-01-02 08:38:00,108.3601,108.4487,108.3654,108.4071,6840.0
2020-01-02 08:39:00,108.3769,108.4827,108.3761,108.4294,771.0
2020-01-02 08:40:00,108.4151,108.4248,108.423,108.4239,793.0
2020-01-02 08:41:00,108.4348,108.4543,108.4506,108.4525,8839.0
2020-01-02 08:42:00,108.5045,108.5647,108.4444,108.5046,6076.0
2020-01-02 08:43:00,108.5238,108.6186,108.5196,108.5691,1222.0
2020-01-02 08:44:00,108.6749,108.6659,108.5834,108.6247,3397.0
2020-01-02 08:45:00,108.6753,108.6359,108.6313,108.6336,4086.0
2020-01-02 08:46:00,108.6052,108.6178,108.61,108.6139,2696.0
2020-01-02 08:47:00,108.5748,108.676,108.5216,108.5988,4468.0
2020-01-02 08:48:00,108.5503,108.5985,108.56,108.5793,3123.0
2020-01-02 08:49:00,108.6771,108.828,108.5573,108.6926,9075.0
2020-01-02 08:50:00,108.682,108.7651,108.7389,108.752,9501.0
2020-01-02 08:51:00,108.41,108.5305,108.3855,108.458,9231.0
2020-01-02 08:52:00,108.5666,108.5718,108.4753,108.5235,1628.0
2020-01-02 08:53:00,108.5581,108.5836,108.5024,108.543,193.0
2020-01-02 08:54:00,108.6229,108.5743,108.508,108.5412,9622.0
2020-01-02 08:55:00,108.4873,108.5711,108.4335,108.5023,6760.0
2020-01-02 08:56:00,108.5966,108.6249,108.6045,108.6147,5149.0
2020-01-02 08:57:00,108.6891,108.78,108.6389,108.7095,2321.0
2020-01-02 08:58:00,108.6162,108.65,108.6143,108.6322,2842.0
2020-01-02 08:59:00,108.6399,108.7847,108.561,108.6729,1196.0
2020-01-02 09:00:00,108.5893,108.6422,108.5092,108.5757,8291.0
2020-01-02 09:01:00,108.4392,108.452,108.4235,108.4378,5103.0
2020-01-02 09:02:00,108.3496,108.5013,108.2489,108.3751,2203.0
2020-01-02 09:03:00,108.5239,108.4764,108.4463,108.4613,2842.0
2020-01-02 09:04:00,108.6515,108.5888,108.5245,108.5566,4829.0
2020-01-02 09:05:00,108.6663,108.644,108.5719,108.6079,4399.0
2020-01-02 09:06:00,108.7084,108.6843,108.6766,108.6805,3762.0
2020-01-02 09:07:00,108.7702,108.7765,108.6876,108.7321,8307.0
2020-01-02 09:08:00,108.7607,108.7952,108.5406,108.6679,225.0
2020-01-02 09:09:00,108.7491,108.7967,108.6255,108.7111,6097.0
2020-01-02 09:10:00,108.7619,108.8173,108.765,108.7912,5774.0
2020-01-02 09:11:00,108.8862,108.9391,108.794,108.8666,4274.0
2020-01-02 09:12:00,109.0168,109.0058,108.9652,108.9855,9080.0
2020-01-02 09:13:00,109.0066,109.1037,109.009,109.0563,5598.0
2020-01-02 09:14:00,109.0772,109.114,109.0689,109.0915,6507.0
2020-01-02 09:15:00,109.2535,109.2575,109.1394,109.1985,2452.0
2020-01-02 09:16:00,109.1046,109.1995,109.1922,109.1958,9803.0
2020-01-02 09:17:00,109.0451,109.1495,109.0657,109.1076,6983.0
2020-01-02 09:18:00,109.0825,109.0964,109.0863,109.0913,4320.0
2020-01-02 09:19:00,109.0345,109.0641,108.9695,109.0168,4937.0
2020-01-02 09:20:00,108.8814,109.0081,108.8906,108.9493,8372.0
2020-01-02 09:21:00,108.9285,109.0288,108.8409,108.9349,7115.0
2020-01-02 09:22:00,108.9133,108.872,108.8392,108.8556,9936.0
2020-01-02 09:23:00,108.8283,108.8269,108.8227,108.8248,274.0
2020-01-02 09:24:00,108.6824,108.6363,108.6347,108.6355,8967.0
2020-01-02 09:25:00,108.6272,108.6658,108.6478,108.6568,8639.0
2020-01-02 09:26:00,108.6164,108.6874,108.6264,108.6569,9682.0
2020-01-02 09:27:00,108.6176,108.577,108.5734,108.5752,1658.0
2020-01-02 09:28:00,108.6596,108.6595,108.6227,108.6411,1538.0
2020-01-02 09:29:00,108.6756,108.7553,108.7145,108.7349,3025.0
2020-01-02 09:30:00,108.5341,108.6047,108.5436,108.5741,7086.0
2020-01-02 09:31:00,108.5761,108.5372,108.4585,108.4979,4919.0
2020-01-02 09:32:00,108.3747,108.4533,108.3886,108.4209,5471.0
2020-01-02 09:33:00,108.3737,108.3693,108.2846,108.3269,4803.0
2020-01-02 09:34:00,108.386,108.4108,108.4089,108.4099,6812.0
2020-01-02 09:35:00,108.3904,108.4166,108.3645,108.3905,6477.0
2020-01-02 09:36:00,108.3788,108.395,108.3331,108.3641,457.0
2020-01-02 09:37:00,108.0586,108.2,108.1273,108.1637,3497.0
2020-01-02 09:38:00,108.1541,108.2591,108.1953,108.2272,9380.0
2020-01-02 09:39:00,108.1076,108.1139,108.0927,108.1033,392.0
2020-01-02 09:40:00,108.0731,108.1391,108.0795,108.1093,5543.0
2020-01-02 09:41:00,108.1869,108.1635,108.1106,108.137,9282.0
2020-01-02 09:42:00,108.1928,108.3004,108.2458,108.2731,2676.0
2020-01-02 09:43:00,108.1705,108.2001,108.0843,108.1422,6378.0
2020-01-02 09:44:00,107.7714,107.8886,107.7919,107.8403,919.0
2020-01-02 09:45:00,107.841,107.8832,107.8341,107.8586,4325.0
2020-01-02 09:46:00,107.9855,108.0951,107.9823,108.0387,3720.0
2020-01-02 09:47:00,108.2577,108.285,108.0402,108.1626,8029.0
2020-01-02 09:48:00,108.1166,108.2537,108.1134,108.1836,6812.0
2020-01-02 09:49:00,108.1283,108.1819,108.0869,108.1344,4788.0
2020-01-02 09:50:00,108.1288,108.2367,108.1935,108.2151,2024.0
2020-01-02 09:51:00,108.1977,108.1765,108.059,108.1177,5851.0
2020-01-02 09:52:00,108.1854,108.1716,108.1592,108.1654,5714.0
2020-01-02 09:53:00,108.2228,108.2199,108.212,108.2159,4734.0
2020-01-02 09:54:00,108.3957,108.3872,108.2567,108.322,4456.0
2020-01-02 09:55:00,108.6053,108.6336,108.5623,108.5979,3744.0
2020-01-02 09:56:00,108.6481,108.6503,108.6241,108.6372,3307.0
2020-01-02 09:57:00,108.5928,108.7031,108.4695,108.5863,2756.0
2020-01-02 09:58:00,108.6119,108.6704,108.497,108.5837,9976.0
2020-01-02 09:59:00,108.3822,108.4603,108.3533,108.4068,1350.0
2020-01-02 10:00:00,108.3266,108.3537,108.321,108.3373,327.0
2020-01-02 10:01:00,108.3369,108.3015,108.2913,108.2964,3998.0
2020-01-02 10:02:00,108.2579,108.2489,108.2391,108.244,2973.0
2020-01-02 10:03:00,108.2535,108.2997,108.2187,108.2592,9551.0
2020-01-02 10:04:00,108.107,108.2605,108.0934,108.177,5239.0
2020-01-02 10:05:00,108.364,108.3017,108.2765,108.2891,6667.0
2020-01-02 10:06:00,108.256,108.3219,108.2564,108.2891,6656.0
2020-01-02 10:07:00,108.3375,108.3046,108.2717,108.2882,3560.0
2020-01-02 10:08:00,108.2642,108.3063,108.2045,108.2554,2614.0
2020-01-02 10:09:00,108.2062,108.2941,108.2478,108.2709,4384.0
2020-01-02 10:10:00,108.416,108.4072,108.2996,108.3534,5604.0
2020-01-02 10:11:00,108.2794,108.3222,108.2112,108.2667,6162.0
2020-01-02 10:12:00,108.2677,108.255,108.1468,108.2009,3269.0
2020-01-02 10:13:00,108.1614,108.2035,108.1375,108.1705,6513.0
2020-01-02 10:14:00,108.0711,108.0443,108.0275,108.0359,764.0
2020-01-02 10:15:00,107.8659,107.966,107.942,107.954,5437.0
2020-01-02 10:16:00,107.8814,107.9749,107.8378,107.9064,1283.0
2020-01-02 10:17:00,107.9302,108.0736,107.9141,107.9938,6839.0
2020-01-02 10:18:00,108.0013,108.0207,108.0195,108.0201,2732.0
2020-01-02 10:19:00,108.063,108.0536,108.0252,108.0394,3165.0
2020-01-02 10:20:00,108.0943,108.1534,108.0957,108.1245,1989.0
2020-01-02 10:21:00,108.154,108.1771,108.0444,108.1108,1059.0
2020-01-02 10:22:00,108.107,108.18,108.1196,108.1498,8449.0
2020-01-02 10:23:00,108.1838,108.1505,108.1286,108.1395,2107.0
2020-01-02 10:24:00,108.2315,108.1997,108.1324,108.1661,821.0
2020-01-02 10:25:00,108.1585,108.1159,108.0997,108.1078,7800.0
2020-01-02 10:26:00,107.8467,107.8812,107.8466,107.8639,7618.0
2020-01-02 10:27:00,107.7442,107.8673,107.8336,107.8505,1354.0
2020-01-02 10:28:00,108.0218,108.0176,107.9679,107.9927,2445.0
2020-01-02 10:29:00,108.0791,108.1595,108.0112,108.0854,4640.0
2020-01-02 10:30:00,108.133,108.2171,108.1467,108.1819,204.0
2020-01-02 10:31:00,108.2777,108.346,108.265,108.3055,1761.0
2020-01-02 10:32:00,108.3861,108.3291,108.2997,108.3144,5518.0
2020-01-02 10:33:00,108.2772,108.4093,108.259,108.3341,1191.0
2020-01-02 10:34:00,108.2958,108.3246,108.2201,108.2723,8829.0
2020-01-02 10:35:00,108.2516,108.2635,108.218,108.2407,5839.0
2020-01-02 10:36:00,108.2844,108.3029,108.3018,108.3023,7060.0
2020-01-02 10:37:00,108.4549,108.4447,108.4007,108.4227,9356.0
2020-01-02 10:38:00,108.4904,108.4926,108.3249,108.4088,1671.0
2020-01-02 10:39:00,108.3489,108.4,108.3274,108.3637,3115.0
2020-01-02 10:40:00,108.3516,108.4267,108.3008,108.3638,7106.0
2020-01-02 10:41:00,108.455,108.4286,108.4192,108.4239,3546.0
2020-01-02 10:42:00,108.3254,108.3199,108.2392,108.2795,1529.0
2020-01-02 10:43:00,108.0435,108.0528,108.047,108.0499,341.0
2020-01-02 10:44:00,107.9796,108.0351,107.9546,107.9949,7186.0
2020-01-02 10:45:00,107.7619,107.9507,107.7949,107.8728,9654.0
2020-01-02 10:46:00,107.7831,107.8615,107.7825,107.822,2167.0
2020-01-02 10:47:00,107.7502,107.8332,107.7812,107.8072,7931.0
2020-01-02 10:48:00,107.7961,107.8237,107.7001,107.7619,7438.0
2020-01-02 10:49:00,107.8949,108.0081,107.8061,107.9071,6987.0
2020-01-02 10:50:00,107.9256,107.9692,107.9104,107.9398,5235.0
2020-01-02 10:51:00,107.9694,108.0354,107.9043,107.9698,7550.0
2020-01-02 10:52:00,107.9885,108.0324,108.0317,108.0321,400.0
2020-01-02 10:53:00,107.9958,107.9338,107.9026,107.9182,2928.0
2020-01-02 10:54:00,108.087,108.0552,107.989,108.0221,5477.0
2020-01-02 10:55:00,108.0954,108.0259,108.0031,108.0145,5807.0
2020-01-02 10:56:00,108.1157,108.1488,108.0143,108.0816,2500.0
2020-01-02 10:57:00,107.9729,108.0045,107.9443,107.9744,3258.0
2020-01-02 10:58:00,107.8997,107.8545,107.7835,107.819,8094.0
2020-01-02 10:59:00,107.8667,107.9089,107.8927,107.9008,1120.0
2020-01-02 11:00:00,107.8949,108.0202,107.8567,107.9384,1649.0
2020-01-02 11:01:00,107.8181,107.8942,107.8023,107.8482,8065.0
2020-01-02 11:02:00,107.7874,107.7687,107.7538,107.7613,7002.0
2020-01-02 11:03:00,107.8357,107.9294,107.8182,107.8738,977.0
2020-01-02 11:04:00,107.7471,107.778,107.7317,107.7549,7109.0
2020-01-02 11:05:00,107.839,107.9775,107.8607,107.9191,3180.0
2020-01-02 11:06:00,107.8531,107.8361,107.822,107.8291,3634.0
2020-01-02 11:07:00,107.817,107.9938,107.792,107.8929,7891.0
2020-01-02 11:08:00,107.8134,107.8656,107.8545,107.86,9612.0
2020-01-02 11:09:00,107.9812,107.9367,107.904,107.9204,5436.0
2020-01-02 11:10:00,107.925,107.8905,107.8414,107.8659,3203.0
2020-01-02 11:11:00,107.8684,107.8878,107.8115,107.8497,2936.0
2020-01-02 11:12:00,107.8675,107.8766,107.831,107.8538,6413.0
2020-01-02 11:13:00,107.727,107.7787,107.7284,107.7535,2217.0
2020-01-02 11:14:00,107.789,107.8441,107.8112,107.8276,9426.0
2020-01-02 11:15:00,107.7582,107.8123,107.7403,107.7763,2817.0
2020-01-02 11:16:00,107.6778,107.7619,107.745,107.7534,8226.0
2020-01-02 11:17:00,107.6666,107.6781,107.6299,107.654,6514.0
2020-01-02 11:18:00,107.4002,107.4357,107.3598,107.3978,7541.0
2020-01-02 11:19:00,107.332,107.4197,107.3376,107.3787,8481.0
2020-01-02 11:20:00,107.6984,107.6672,107.5727,107.6199,3479.0
2020-01-02 11:21:00,107.7287,107.7024,107.6944,107.6984,1669.0
2020-01-02 11:22:00,107.7311,107.7107,107.6822,107.6965,4025.0
2020-01-02 11:23:00,107.6458,107.6855,107.6549,107.6702,1587.0
2020-01-02 11:24:00,107.6724,107.7174,107.6275,107.6724,8859.0
2020-01-02 11:25:00,107.7585,107.7575,107.6967,107.7271,3923.0
2020-01-02 11:26:00,107.6167,107.6158,107.6023,107.6091,3604.0
2020-01-02 11:27:00,107.8006,107.7598,107.6812,107.7205,2722.0
2020-01-02 11:28:00,107.7818,107.8507,107.7334,107.792,5619.0
2020-01-02 11:29:00,107.8386,107.89,107.8377,107.8638,6835.0
2020-01-02 11:30:00,107.9394,108.0057,107.8097,107.9077,1013.0
2020-01-02 11:31:00,107.8464,107.9253,107.894,107.9097,5329.0
2020-01-02 11:32:00,108.0232,108.0291,107.9248,107.9769,8339.0
2020-01-02 11:33:00,107.9711,108.0546,108.0177,108.0361,9035.0
2020-01-02 11:34:00,108.0326,108.0199,107.9816,108.0007,5301.0
2020-01-02 11:35:00,107.9109,107.9651,107.9217,107.9434,5497.0
2020-01-02 11:36:00,107.9774,107.9557,107.9514,107.9535,6795.0
2020-01-02 11:37:00,108.1538,108.1122,108.1047,108.1084,641.0
2020-01-02 11:38:00,107.9922,108.0301,107.939,107.9845,4962.0
2020-01-02 11:39:00,107.7778,107.8873,107.7883,107.8378,9498.0
2020-01-02 11:40:00,107.8094,107.9121,107.7965,107.8543,8475.0
2020-01-02 11:41:00,107.8229,107.9148,107.8039,107.8593,7821.0
2020-01-02 11:42:00,107.7819,107.895,107.8583,107.8767,8280.0
2020-01-02 11:43:00,107.9574,107.9812,107.8209,107.9011,6709.0
2020-01-02 11:44:00,107.8843,107.8964,107.8611,107.8788,4834.0
2020-01-02 11:45:00,107.971,108.0628,107.9927,108.0277,4789.0
2020-01-02 11:46:00,107.9404,107.9213,107.814,107.8677,9548.0
2020-01-02 11:47:00,107.7497,107.8255,107.7441,107.7848,4196.0
2020-01-02 11:48:00,107.787,107.79,107.7589,107.7745,7251.0
2020-01-02 11:49:00,107.5689,107.6647,107.5556,107.6102,4914.0
2020-01-02 11:50:00,107.4917,107.7029,107.4822,107.5926,3880.0
2020-01-02 11:51:00,107.6905,107.7719,107.7456,107.7587,8574.0
2020-01-02 11:52:00,107.7384,107.8197,107.7019,107.7608,3700.0
2020-01-02 11:53:00,107.8288,107.8401,107.7277,107.7839,7074.0
2020-01-02 11:54:00,107.6752,107.6929,107.6228,107.6579,9501.0
2020-01-02 11:55:00,107.6032,107.6437,107.5487,107.5962,6365.0
2020-01-02 11:56:00,107.4582,107.564,107.5534,107.5587,540.0
2020-01-02 11:57:00,107.5904,107.5623,107.4915,107.5269,3907.0
2020-01-02 11:58:00,107.6663,107.6881,107.6221,107.6551,573.0
2020-01-02 11:59:00,107.7049,107.7194,107.7023,107.7109,7389.0
2020-01-02 12:00:00,107.6563,107.6205,107.579,107.5997,1957.0
2020-01-02 12:01:00,107.6867,107.6596,107.5891,107.6244,2879.0
2020-01-02 12:02:00,107.7319,107.686,107.6624,107.6742,5136.0
2020-01-02 12:03:00,107.7759,107.791,107.7854,107.7882,4442.0
2020-01-02 12:04:00,107.8961,108.0242,107.8683,107.9463,9838.0
2020-01-02 12:05:00,107.8942,107.8779,107.8116,107.8448,8848.0
2020-01-02 12:06:00,107.6954,107.7982,107.7291,107.7637,5343.0
2020-01-02 12:07:00,107.7353,107.6422,107.6336,107.6379,7133.0
2020-01-02 12:08:00,107.6159,107.6183,107.6107,107.6145,4442.0
2020-01-02 12:09:00,107.6081,107.6652,107.6571,107.6611,5154.0
2020-01-02 12:10:00,107.6983,107.8861,107.6337,107.7599,3438.0
2020-01-02 12:11:00,107.6884,107.7708,107.7337,107.7523,7857.0
2020-01-02 12:12:00,107.7273,107.8221,107.6185,107.7203,6394.0
2020-01-02 12:13:00,107.7352,107.7626,107.7083,107.7355,4319.0
2020-01-02 12:14:00,107.5902,107.7486,107.5553,107.652,8286.0
2020-01-02 12:15:00,107.8431,107.8774,107.8444,107.8609,6515.0
2020-01-02 12:16:00,107.6317,107.7995,107.6008,107.7001,1994.0
2020-01-02 12:17:00,107.7481,107.7622,107.675,107.7186,5559.0
2020-01-02 12:18:00,107.9183,107.997,107.8449,107.921,3901.0
2020-01-02 12:19:00,107.9027,107.9409,107.9025,107.9217,2755.0
2020-01-02 12:20:00,107.8383,107.9027,107.9026,107.9027,3618.0
2020-01-02 12:21:00,107.8519,107.8821,107.8518,107.8669,5781.0
2020-01-02 12:22:00,107.8281,107.8541,107.8436,107.8489,5176.0
2020-01-02 12:23:00,108.002,108.0559,107.9164,107.9862,9772.0
2020-01-02 12:24:00,107.7733,107.7906,107.7393,107.765,9845.0
2020-01-02 12:25:00,107.9579,108.0144,107.8222,107.9183,745.0
2020-01-02 12:26:00,107.7517,107.7964,107.7555,107.7759,9841.0
2020-01-02 12:27:00,107.6562,107.7706,107.728,107.7493,1798.0
2020-01-02 12:28:00,107.7559,107.7777,107.6349,107.7063,8037.0
2020-01-02 12:29:00,107.7184,107.8106,107.7198,107.7652,3670.0
2020-01-02 12:30:00,107.55,107.628,107.5827,107.6054,3526.0
2020-01-02 12:31:00,107.6494,107.7052,107.5979,107.6516,4885.0
2020-01-02 12:32:00,107.8691,107.8671,107.841,107.854,4674.0
2020-01-02 12:33:00,107.6912,107.7577,107.6777,107.7177,490.0
2020-01-02 12:34:00,107.7097,107.7721,107.7013,107.7367,1381.0
2020-01-02 12:35:00,107.6509,107.6958,107.6451,107.6705,606.0
2020-01-02 12:36:00,107.7839,107.746,107.6801,107.7131,1822.0
2020-01-02 12:37:00,107.7148,107.7237,107.7063,107.715,1057.0
2020-01-02 12:38:00,107.6024,107.6932,107.6084,107.6508,5958.0
2020-01-02 12:39:00,107.6517,107.7005,107.6987,107.6996,6537.0
2020-01-02 12:40:00,107.8675,107.8966,107.8635,107.8801,862.0
2020-01-02 12:41:00,107.8729,107.9449,107.777,107.861,5696.0
2020-01-02 12:42:00,107.9571,107.9984,107.8675,107.9329,6049.0
2020-01-02 12:43:00,107.8098,107.8277,107.7795,107.8036,6362.0
2020-01-02 12:44:00,107.6659,107.782,107.6339,107.708,6721.0
2020-01-02 12:45:00,107.734,107.7932,107.7173,107.7552,2989.0
2020-01-02 12:46:00,107.9403,107.9453,107.862,107.9036,7877.0
2020-01-02 12:47:00,107.8819,107.9686,107.9098,107.9392,1442.0
2020-01-02 12:48:00,107.8846,107.9728,107.843,107.9079,5614.0
2020-01-02 12:49:00,107.9377,107.9622,107.8534,107.9078,7315.0
2020-01-02 12:50:00,107.8265,107.8521,107.7135,107.7828,9928.0
2020-01-02 12:51:00,107.8336,107.8435,107.8429,107.8432,6718.0
2020-01-02 12:52:00,107.9109,108.0395,107.8234,107.9314,7853.0
2020-01-02 12:53:00,107.8201,107.9478,107.8247,107.8862,8841.0
2020-01-02 12:54:00,107.8655,107.9003,107.7782,107.8392,2105.0
2020-01-02 12:55:00,107.9318,107.8875,107.8442,107.8658,6971.0
2020-01-02 12:56:00,107.9504,107.8407,107.8036,107.8222,2283.0
2020-01-02 12:57:00,107.8349,107.8192,107.8119,107.8155,9050.0
2020-01-02 12:58:00,108.023,108.0281,108.0229,108.0255,423.0
2020-01-02 12:59:00,107.9548,108.0072,107.9944,108.0008,7464.0
2020-01-02 13:00:00,107.871,107.9929,107.9371,107.965,8402.0
2020-01-02 13:01:00,107.9091,107.9089,107.8916,107.9002,1923.0
2020-01-02 13:02:00,108.0922,108.0218,107.9275,107.9746,3721.0
2020-01-02 13:03:00,108.0201,107.9788,107.9342,107.9565,1238.0
2020-01-02 13:04:00,107.9474,107.9219,107.8612,107.8916,1820.0
2020-01-02 13:05:00,108.036,108.0905,107.957,108.0237,823.0
2020-01-02 13:06:00,108.1836,108.2336,108.0978,108.1657,6731.0
2020-01-02 13:07:00,107.9844,108.1102,108.101,108.1056,2512.0
2020-01-02 13:08:00,107.9571,107.9673,107.8706,107.919,866.0
2020-01-02 13:09:00,107.9908,108.0559,107.9836,108.0197,9585.0
2020-01-02 13:10:00,107.9162,107.9667,107.9358,107.9513,4117.0
2020-01-02 13:11:00,108.0142,108.0575,108.0032,108.0303,4370.0
2020-01-02 13:12:00,107.8155,107.8763,107.7903,107.8333,7286.0
2020-01-02 13:13:00,107.8867,107.9262,107.9189,107.9226,2058.0
2020-01-02 13:14:00,107.8021,107.8093,107.7936,107.8015,8228.0
2020-01-02 13:15:00,107.8466,107.9021,107.8469,107.8745,9286.0
2020-01-02 13:16:00,107.881,107.991,107.7609,107.876,6497.0
2020-01-02 13:17:00,107.7062,107.8187,107.7424,107.7806,1951.0
2020-01-02 13:18:00,107.7292,107.7901,107.6896,107.7399,7010.0
2020-01-02 13:19:00,107.7537,107.8281,107.7889,107.8085,3971.0
2020-01-02 13:20:00,107.787,107.8734,107.7648,107.8191,3323.0
2020-01-02 13:21:00,107.8847,107.8827,107.8724,107.8775,9514.0
2020-01-02 13:22:00,107.995,108.1076,108.0427,108.0752,8081.0
2020-01-02 13:23:00,107.8776,107.9648,107.8727,107.9187,9768.0
2020-01-02 13:24:00,108.1089,108.1586,108.0024,108.0805,4977.0
2020-01-02 13:25:00,108.0202,108.2382,107.9436,108.0909,9232.0
2020-01-02 13:26:00,108.0899,108.0135,107.9885,108.001,6461.0
2020-01-02 13:27:00,107.9282,107.9011,107.8348,107.868,917.0
2020-01-02 13:28:00,107.8244,107.8717,107.8264,107.8491,4016.0
2020-01-02 13:29:00,107.9019,107.9546,107.9279,107.9412,7587.0
2020-01-02 13:30:00,107.9386,107.9748,107.8822,107.9285,2170.0
2020-01-02 13:31:00,108.0072,108.1445,108.0147,108.0796,8928.0
2020-01-02 13:32:00,107.8344,108.0529,107.8161,107.9345,4906.0
2020-01-02 13:33:00,107.9103,107.9761,107.8905,107.9333,6942.0
2020-01-02 13:34:00,107.8013,107.8922,107.7238,107.808,3775.0
2020-01-02 13:35:00,107.8491,107.8799,107.809,107.8444,7961.0
2020-01-02 13:36:00,107.9024,107.9739,107.8923,107.9331,2620.0
2020-01-02 13:37:00,107.9547,107.9498,107.8322,107.891,2625.0
2020-01-02 13:38:00,107.5558,107.6942,107.567,107.6306,5117.0
2020-01-02 13:39:00,107.5936,107.6861,107.6148,107.6505,6799.0
2020-01-02 13:40:00,107.7185,107.7915,107.5968,107.6942,2735.0
2020-01-02 13:41:00,107.6765,107.7391,107.7301,107.7346,5872.0
2020-01-02 13:42:00,107.7982,107.9138,107.8026,107.8582,6937.0
2020-01-02 13:43:00,107.7572,107.7786,107.7235,107.7511,5259.0
2020-01-02 13:44:00,107.7664,107.8944,107.7437,107.8191,359.0
2020-01-02 13:45:00,107.9317,107.9456,107.931,107.9383,3096.0
2020-01-02 13:46:00,107.7255,107.7907,107.7302,107.7605,9047.0
2020-01-02 13:47:00,107.7494,107.8239,107.761,107.7924,7908.0
2020-01-02 13:48:00,107.6369,107.7863,107.6978,107.742,4201.0
2020-01-02 13:49:00,107.7409,107.7725,107.6952,107.7339,6554.0
2020-01-02 13:50:00,107.7063,107.8697,107.6676,107.7686,8357.0
2020-01-02 13:51:00,107.7115,107.7284,107.7114,107.7199,2878.0
2020-01-02 13:52:00,107.6267,107.6604,107.6443,107.6523,1269.0
2020-01-02 13:53:00,107.6454,107.7152,107.5963,107.6558,1766.0
2020-01-02 13:54:00,107.5396,107.5567,107.5373,107.547,8951.0
2020-01-02 13:55:00,107.4481,107.4898,107.3871,107.4385,5099.0
2020-01-02 13:56:00,107.47,107.5172,107.4956,107.5064,460.0
2020-01-02 13:57:00,107.4536,107.4049,107.3781,107.3915,8121.0
2020-01-02 13:58:00,107.3658,107.4718,107.4445,107.4581,5814.0
2020-01-02 13:59:00,107.4931,107.5646,107.4442,107.5044,6143.0
2020-01-02 14:00:00,107.3736,107.4347,107.229,107.3318,7205.0
2020-01-02 14:01:00,107.2879,107.2876,107.2405,107.2641,7852.0
2020-01-02 14:02:00,107.3347,107.4163,107.3507,107.3835,7622.0
2020-01-02 14:03:00,107.2449,107.3238,107.2469,107.2854,3897.0
2020-01-02 14:04:00,107.1886,107.2459,107.2319,107.2389,3860.0
2020-01-02 14:05:00,107.3151,107.3155,107.2548,107.2851,8468.0
2020-01-02 14:06:00,107.3265,107.3758,107.3512,107.3635,4140.0
2020-01-02 14:07:00,107.3511,107.4092,107.2674,107.3383,6270.0
2020-01-02 14:08:00,107.2918,107.2952,107.2619,107.2786,8228.0
2020-01-02 14:09:00,107.5392,107.4514,107.3902,107.4208,9604.0
2020-01-02 14:10:00,107.6104,107.6178,107.5716,107.5947,7083.0
2020-01-02 14:11:00,107.652,107.7578,107.6274,107.6926,4099.0
2020-01-02 14:12:00,107.6281,107.7574,107.6448,107.7011,8822.0
2020-01-02 14:13:00,107.6065,107.7004,107.5402,107.6203,1361.0
2020-01-02 14:14:00,107.5313,107.5861,107.4883,107.5372,5356.0
2020-01-02 14:15:00,107.479,107.653,107.526,107.5895,5382.0
2020-01-02 14:16:00,107.5956,107.6486,107.6141,107.6313,2986.0
2020-01-02 14:17:00,107.7864,107.8033,107.7397,107.7715,5042.0
2020-01-02 14:18:00,107.8099,107.8755,107.7976,107.8365,7143.0
2020-01-02 14:19:00,107.7347,107.7184,107.654,107.6862,5247.0
2020-01-02 14:20:00,107.7135,107.8028,107.7801,107.7914,8547.0
2020-01-02 14:21:00,107.7255,107.6955,107.6878,107.6916,8070.0
2020-01-02 14:22:00,107.6989,107.718,107.5885,107.6532,5971.0
2020-01-02 14:23:00,107.7261,107.6985,107.658,107.6782,1878.0
2020-01-02 14:24:00,107.7995,107.9197,107.8359,107.8778,4860.0
2020-01-02 14:25:00,108.2045,108.2228,108.1547,108.1888,4460.0
2020-01-02 14:26:00,108.216,108.2836,108.2154,108.2495,2080.0
2020-01-02 14:27:00,108.1608,108.2832,108.1791,108.2311,1687.0
2020-01-02 14:28:00,108.2639,108.3122,108.257,108.2846,8692.0
2020-01-02 14:29:00,108.3281,108.4682,108.2785,108.3734,6703.0
2020-01-02 14:30:00,108.3873,108.423,108.2595,108.3413,3737.0
2020-01-02 14:31:00,108.5465,108.5429,108.4988,108.5208,7400.0
2020-01-02 14:32:00,108.4862,108.5858,108.5019,108.5438,7264.0
2020-01-02 14:33:00,108.5574,108.6591,108.5281,108.5936,9506.0
2020-01-02 14:34:00,108.6412,108.6796,108.6408,108.6602,1247.0
2020-01-02 14:35:00,108.6987,108.74,108.6647,108.7023,5650.0
2020-01-02 14:36:00,108.8366,108.8776,108.6949,108.7862,7485.0
2020-01-02 14:37:00,108.7591,108.7454,108.7036,108.7245,2550.0
2020-01-02 14:38:00,108.6713,108.7271,108.6103,108.6687,7238.0
2020-01-02 14:39:00,108.5456,108.5709,108.5464,108.5587,3493.0
2020-01-02 14:40:00,108.514,108.6338,108.5715,108.6026,6457.0
2020-01-02 14:41:00,108.7451,108.7217,108.6393,108.6805,9165.0
2020-01-02 14:42:00,108.7039,108.8253,108.6273,108.7263,5764.0
2020-01-02 14:43:00,108.9715,108.9144,108.8731,108.8937,8665.0
2020-01-02 14:44:00,108.903,108.9407,108.8457,108.8932,1294.0
2020-01-02 14:45:00,109.0613,108.9738,108.9463,108.9601,6587.0
2020-01-02 14:46:00,108.8812,108.9107,108.7911,108.8509,3627.0
2020-01-02 14:47:00,108.7406,108.9337,108.6907,108.8122,3581.0
2020-01-02 14:48:00,108.851,108.9,108.8634,108.8817,5715.0
2020-01-02 14:49:00,108.9582,108.9702,108.9631,108.9666,7558.0
2020-01-02 14:50:00,108.8936,108.9814,108.893,108.9372,8116.0
2020-01-02 14:51:00,108.9112,108.9372,108.9229,108.9301,2157.0
2020-01-02 14:52:00,108.7099,108.8036,108.753,108.7783,2517.0
2020-01-02 14:53:00,108.7429,108.7761,108.7091,108.7426,225.0
2020-01-02 14:54:00,108.8435,108.9494,108.7138,108.8316,2932.0
2020-01-02 14:55:00,108.8389,108.9549,108.8234,108.8892,4578.0
2020-01-02 14:56:00,109.0362,108.9544,108.924,108.9392,6570.0
2020-01-02 14:57:00,108.9474,108.9728,108.9156,108.9442,8741.0
2020-01-02 14:58:00,108.9041,108.9694,108.9204,108.9449,4718.0
2020-01-02 14:59:00,108.7974,108.9025,108.8553,108.8789,1109.0
2020-01-02 15:00:00,108.9518,108.9679,108.9296,108.9488,3878.0
2020-01-02 15:01:00,108.9778,109.0072,108.9745,108.9909,1041.0
2020-01-02 15:02:00,109.0792,109.0765,109.0036,109.0401,3703.0
2020-01-02 15:03:00,108.9803,109.0259,108.949,108.9874,4080.0
2020-01-02 15:04:00,108.7124,108.8181,108.7261,108.7721,4468.0
2020-01-02 15:05:00,108.9654,108.9243,108.8393,108.8818,8793.0
2020-01-02 15:06:00,108.8557,108.8443,108.8236,108.8339,1350.0
2020-01-02 15:07:00,108.735,108.7499,108.7454,108.7477,7109.0
2020-01-02 15:08:00,108.8252,108.8499,108.7842,108.817,2419.0
2020-01-02 15:09:00,108.8015,108.8456,108.71,108.7778,6010.0
2020-01-02 15:10:00,108.8124,108.9162,108.8514,108.8838,6638.0
2020-01-02 15:11:00,108.9534,108.962,108.929,108.9455,3295.0
2020-01-02 15:12:00,108.9914,109.1323,108.8954,109.0139,3057.0
2020-01-02 15:13:00,108.9026,108.8871,108.8674,108.8773,6438.0
2020-01-02 15:14:00,108.9615,109.0447,108.9522,108.9985,8011.0
2020-01-02 15:15:00,108.9944,109.053,108.9962,109.0246,9488.0
2020-01-02 15:16:00,109.0708,109.0125,108.9629,108.9877,3374.0
2020-01-02 15:17:00,109.0635,109.0043,108.9997,109.002,9348.0
2020-01-02 15:18:00,108.6596,108.8522,108.7966,108.8244,3148.0
2020-01-02 15:19:00,108.9231,108.8727,108.8578,108.8652,2006.0
2020-01-02 15:20:00,108.7586,108.8393,108.6853,108.7623,3039.0
2020-01-02 15:21:00,108.5916,108.6755,108.5786,108.627,8832.0
2020-01-02 15:22:00,108.4244,108.5008,108.4488,108.4748,8809.0
2020-01-02 15:23:00,108.5386,108.6107,108.5614,108.5861,8715.0
2020-01-02 15:24:00,108.4891,108.5606,108.4856,108.5231,9149.0
2020-01-02 15:25:00,108.6202,108.7609,108.5922,108.6765,4277.0
2020-01-02 15:26:00,108.5552,108.6356,108.6103,108.6229,6558.0
2020-01-02 15:27:00,108.4002,108.4814,108.423,108.4522,1852.0
2020-01-02 15:28:00,108.3567,108.3776,108.3035,108.3405,7547.0
2020-01-02 15:29:00,108.4666,108.4976,108.4306,108.4641,1766.0
2020-01-02 15:30:00,108.4763,108.4633,108.4338,108.4485,1963.0
2020-01-02 15:31:00,108.3904,108.4035,108.3839,108.3937,4561.0
2020-01-02 15:32:00,108.3444,108.4366,108.3828,108.4097,5312.0
2020-01-02 15:33:00,108.4846,108.5075,108.4122,108.4599,2218.0
2020-01-02 15:34:00,108.5214,108.6139,108.5294,108.5716,5726.0
2020-01-02 15:35:00,108.7488,108.7196,108.7134,108.7165,9641.0
2020-01-02 15:36:00,108.6222,108.6892,108.6718,108.6805,7458.0
2020-01-02 15:37:00,108.5135,108.6392,108.4566,108.5479,9362.0
2020-01-02 15:38:00,108.4885,108.5293,108.4838,108.5066,1853.0
2020-01-02 15:39:00,108.5663,108.5712,108.4939,108.5326,7239.0
2020-01-02 15:40:00,108.445,108.4401,108.4323,108.4362,9712.0
2020-01-02 15:41:00,108.3415,108.4592,108.2218,108.3405,6460.0
2020-01-02 15:42:00,108.4692,108.409,108.3407,108.3749,4365.0
2020-01-02 15:43:00,108.2782,108.3881,108.352,108.37,1488.0
2020-01-02 15:44:00,108.3214,108.393,108.3535,108.3733,8911.0
2020-01-02 15:45:00,108.2434,108.3012,108.2936,108.2974,9548.0
2020-01-02 15:46:00,108.1859,108.2908,108.258,108.2744,3818.0
2020-01-02 15:47:00,108.146,108.2523,108.1116,108.182,7014.0
2020-01-02 15:48:00,108.3054,108.2983,108.2437,108.271,5621.0
2020-01-02 15:49:00,108.3449,108.3794,108.3696,108.3745,1110.0
2020-01-02 15:50:00,108.1732,108.2513,108.1285,108.1899,525.0
2020-01-02 15:51:00,108.0108,108.2071,107.9868,108.0969,7018.0
2020-01-02 15:52:00,107.9075,108.0141,107.8805,107.9473,7108.0
2020-01-02 15:53:00,107.8592,107.9211,107.8435,107.8823,8508.0
2020-01-02 15:54:00,107.9061,107.9087,107.8392,107.8739,6413.0
2020-01-02 15:55:00,107.6452,107.7369,107.721,107.729,8901.0
2020-01-02 15:56:00,107.614,107.726,107.5476,107.6368,285.0
2020-01-02 15:57:00,107.5907,107.5447,107.5281,107.5364,9016.0
2020-01-02 15:58:00,107.5349,107.6235,107.4908,107.5571,9115.0
2020-01-02 15:59:00,107.4583,107.5891,107.539,107.5641,1284.0
2020-01-02 16:00:00,107.5558,107.5297,107.454,107.4919,8475.0
2020-01-02 16:01:00,107.5463,107.5441,107.4751,107.5096,3708.0
2020-01-02 16:02:00,107.4984,107.4649,107.4449,107.4549,3866.0
2020-01-02 16:03:00,107.3405,107.4619,107.3936,107.4277,9911.0
2020-01-02 16:04:00,107.6707,107.7087,107.4814,107.5951,4426.0
2020-01-02 16:05:00,107.6905,107.7343,107.7239,107.7291,7735.0
2020-01-02 16:06:00,107.5737,107.6422,107.5561,107.5992,2535.0
2020-01-02 16:07:00,107.647,107.7238,107.6405,107.6821,834.0
2020-01-02 16:08:00,107.8106,107.8051,107.7215,107.7633,257.0
2020-01-02 16:09:00,107.6395,107.7418,107.5551,107.6485,9633.0
2020-01-02 16:10:00,107.7544,107.8098,107.6508,107.7303,5404.0
2020-01-02 16:11:00,107.8879,107.9201,107.8481,107.8841,3592.0
2020-01-02 16:12:00,107.7671,107.7839,107.7598,107.7719,3354.0
2020-01-02 16:13:00,107.6328,107.7103,107.6499,107.6801,7864.0
2020-01-02 16:14:00,107.8725,107.8575,107.7063,107.7819,1175.0
2020-01-02 16:15:00,107.7359,107.8167,107.8013,107.809,5222.0
2020-01-02 16:16:00,107.8848,107.8912,107.8372,107.8642,8290.0
2020-01-02 16:17:00,107.9171,107.9069,107.8896,107.8982,7941.0
2020-01-02 16:18:00,107.995,108.0015,107.8731,107.9373,6851.0
2020-01-02 16:19:00,107.8741,107.8132,107.7962,107.8047,5235.0
2020-01-02 16:20:00,107.9025,107.9571,107.8617,107.9094,6473.0
2020-01-02 16:21:00,108.0529,108.1034,107.9493,108.0264,5099.0
2020-01-02 16:22:00,108.0917,108.0645,107.9424,108.0034,3064.0
2020-01-02 16:23:00,107.9958,108.0423,107.9559,107.9991,9180.0
2020-01-02 16:24:00,107.7926,107.862,107.8299,107.846,8122.0
2020-01-02 16:25:00,107.8782,107.9278,107.867,107.8974,5225.0
2020-01-02 16:26:00,107.8894,107.9904,107.9188,107.9546,1233.0
2020-01-02 16:27:00,107.967,107.9526,107.9441,107.9484,4338.0
2020-01-02 16:28:00,108.114,108.0728,108.0488,108.0608,6126.0
2020-01-02 16:29:00,108.0213,108.0411,108.0137,108.0274,5886.0
2020-01-02 16:30:00,108.0028,108.1513,108.0164,108.0839,6672.0
2020-01-02 16:31:00,108.033,108.0588,107.905,107.9819,8457.0
2020-01-02 16:32:00,107.8907,108.06,107.899,107.9795,6193.0
2020-01-02 16:33:00,107.8848,107.9785,107.9457,107.9621,8412.0
2020-01-02 16:34:00,107.9757,108.0235,107.9458,107.9846,3097.0
2020-01-02 16:35:00,107.9603,107.9601,107.9353,107.9477,6411.0
2020-01-02 16:36:00,107.9556,107.95,107.9191,107.9345,3255.0
2020-01-02 16:37:00,108.0138,108.0278,108.0065,108.0171,520.0
2020-01-02 16:38:00,108.0615,107.985,107.9619,107.9735,2935.0
2020-01-02 16:39:00,107.8161,107.8465,107.7792,107.8128,4463.0
2020-01-02 16:40:00,108.0395,108.0025,107.973,107.9878,2185.0
2020-01-02 16:41:00,108.1653,108.1583,108.0936,108.1259,7169.0
2020-01-02 16:42:00,107.932,108.0281,107.9652,107.9967,7570.0
2020-01-02 16:43:00,108.0572,108.1376,107.9937,108.0657,2485.0
2020-01-02 16:44:00,108.1215,108.0581,107.9727,108.0154,2477.0
2020-01-02 16:45:00,108.0165,108.1398,107.9436,108.0417,2957.0
2020-01-02 16:46:00,108.0374,108.1107,108.0315,108.0711,1555.0
2020-01-02 16:47:00,108.0562,108.1074,107.988,108.0477,9280.0
2020-01-02 16:48:00,107.9459,107.9853,107.9533,107.9693,1990.0
2020-01-02 16:49:00,107.8606,107.9058,107.8947,107.9003,8941.0
2020-01-02 16:50:00,107.7845,107.8184,107.7989,107.8086,2528.0
2020-01-02 16:51:00,107.7971,107.7959,107.655,107.7255,6309.0
2020-01-02 16:52:00,107.7119,107.7462,107.6913,107.7187,2417.0
2020-01-02 16:53:00,107.5808,107.6737,107.6207,107.6472,8338.0
2020-01-02 16:54:00,107.6398,107.7366,107.6941,107.7154,8148.0
2020-01-02 16:55:00,107.9744,107.8892,107.839,107.8641,7447.0
2020-01-02 16:56:00,107.7949,107.8498,107.7623,107.8061,2215.0
2020-01-02 16:57:00,107.8518,107.8454,107.8146,107.83,7382.0
2020-01-02 16:58:00,107.8414,107.9697,107.7903,107.88,7293.0
2020-01-02 16:59:00,107.9432,107.9296,107.9248,107.9272,172.0
2020-01-02 17:00:00,108.0078,108.0116,107.8579,107.9348,3557.0
2020-01-02 17:01:00,107.9764,108.1183,107.8998,108.0091,2122.0
2020-01-02 17:02:00,108.0802,108.1056,108.009,108.0573,4185.0
2020-01-02 17:03:00,107.8632,107.9416,107.9254,107.9335,7688.0
2020-01-02 17:04:00,108.1216,108.0333,108.0075,108.0204,9318.0
2020-01-02 17:05:00,108.1226,108.1236,108.0947,108.1092,1643.0
2020-01-02 17:06:00,108.0122,108.0473,108.0183,108.0328,4596.0
2020-01-02 17:07:00,108.0217,108.0577,108.0155,108.0366,5883.0
2020-01-02 17:08:00,108.0795,108.1813,108.0286,108.105,4849.0
2020-01-02 17:09:00,108.0611,108.1224,108.0457,108.084,5145.0
2020-01-02 17:10:00,108.069,108.2653,108.1174,108.1913,947.0
2020-01-02 17:11:00,108.4228,108.48,108.3754,108.4277,9787.0
2020-01-02 17:12:00,108.3421,108.365,108.3332,108.3491,1034.0
2020-01-02 17:13:00,108.2354,108.2188,108.2032,108.211,1495.0
2020-01-02 17:14:00,108.2152,108.2589,108.2238,108.2414,6674.0
2020-01-02 17:15:00,108.275,108.3824,108.2447,108.3135,638.0
2020-01-02 17:16:00,108.2901,108.3015,108.2794,108.2905,8362.0
2020-01-02 17:17:00,108.3552,108.4561,108.4155,108.4358,8547.0
2020-01-02 17:18:00,108.3091,108.3286,108.2752,108.3019,1001.0
2020-01-02 17:19:00,108.2781,108.4601,108.2823,108.3712,8961.0
2020-01-02 17:20:00,108.3667,108.3225,108.2988,108.3106,1983.0
2020-01-02 17:21:00,108.5168,108.4893,108.4759,108.4826,8431.0
2020-01-02 17:22:00,108.6355,108.7278,108.6358,108.6818,2802.0
2020-01-02 17:23:00,108.6382,108.658,108.5523,108.6052,9738.0
2020-01-02 17:24:00,108.5558,108.6033,108.4971,108.5502,4259.0
2020-01-02 17:25:00,108.5857,108.643,108.6294,108.6362,9586.0
2020-01-02 17:26:00,108.4963,108.6121,108.5828,108.5974,9159.0
2020-01-02 17:27:00,108.6087,108.6606,108.5252,108.5929,1516.0
2020-01-02 17:28:00,108.5557,108.596,108.5949,108.5954,5063.0
2020-01-02 17:29:00,108.4582,108.4503,108.3567,108.4035,4973.0
2020-01-02 17:30:00,108.4028,108.4371,108.3671,108.4021,5221.0
2020-01-02 17:31:00,108.2981,108.3393,108.3269,108.3331,2682.0
2020-01-02 17:32:00,108.3737,108.3383,108.2293,108.2838,458.0
2020-01-02 17:33:00,108.457,108.4999,108.3564,108.4282,1600.0
2020-01-02 17:34:00,108.1198,108.3078,108.2972,108.3025,8219.0
2020-01-02 17:35:00,108.3595,108.411,108.3567,108.3838,2038.0
2020-01-02 17:36:00,108.2867,108.4019,108.31,108.3559,914.0
2020-01-02 17:37:00,108.288,108.3653,108.2907,108.328,8887.0
2020-01-02 17:38:00,108.3998,108.4162,108.3978,108.407,5166.0
2020-01-02 17:39:00,108.4587,108.4989,108.3831,108.441,8518.0
2020-01-02 17:40:00,108.5111,108.5236,108.4725,108.4981,3935.0
2020-01-02 17:41:00,108.6488,108.6458,108.544,108.5949,5012.0
2020-01-02 17:42:00,108.5936,108.5997,108.5238,108.5618,6186.0
2020-01-02 17:43:00,108.5293,108.5495,108.4516,108.5005,6394.0
2020-01-02 17:44:00,108.4021,108.3989,108.3851,108.392,2164.0
2020-01-02 17:45:00,108.3738,108.368,108.251,108.3095,2451.0
2020-01-02 17:46:00,108.5886,108.6046,108.6041,108.6044,9829.0
2020-01-02 17:47:00,108.7143,108.751,108.7067,108.7289,7464.0
2020-01-02 17:48:00,108.4985,108.67,108.5175,108.5938,1464.0
2020-01-02 17:49:00,108.5143,108.4891,108.4339,108.4615,1184.0
2020-01-02 17:50:00,108.5058,108.5487,108.4707,108.5097,366.0
2020-01-02 17:51:00,108.7111,108.5703,108.5585,108.5644,8251.0
2020-01-02 17:52:00,108.599,108.637,108.6016,108.6193,9562.0
2020-01-02 17:53:00,108.5982,108.6357,108.5519,108.5938,8326.0
2020-01-02 17:54:00,108.6086,108.5891,108.5734,108.5813,4981.0
2020-01-02 17:55:00,108.559,108.617,108.6111,108.6141,167.0
2020-01-02 17:56:00,108.6406,108.6469,108.5984,108.6226,288.0
2020-01-02 17:57:00,108.4024,108.5061,108.2954,108.4007,4236.0
2020-01-02 17:58:00,108.3625,108.4222,108.3333,108.3777,782.0
2020-01-02 17:59:00,108.3512,108.297,108.2882,108.2926,3238.0
2020-01-02 18:00:00,108.2649,108.3103,108.31,108.3101,9623.0
2020-01-02 18:01:00,108.6224,108.6349,108.5824,108.6086,3290.0
2020-01-02 18:02:00,108.7181,108.6929,108.5979,108.6454,952.0
2020-01-02 18:03:00,108.5787,108.6417,108.5864,108.614,7453.0
2020-01-02 18:04:00,108.6914,108.7448,108.6676,108.7062,7337.0
2020-01-02 18:05:00,108.8717,108.7872,108.7218,108.7545,9048.0
2020-01-02 18:06:00,108.8202,108.8501,108.7429,108.7965,1794.0
2020-01-02 18:07:00,108.8319,108.9238,108.7905,108.8572,9599.0
2020-01-02 18:08:00,109.103,109.1004,109.0252,109.0628,2695.0
2020-01-02 18:09:00,108.9213,108.9508,108.9487,108.9497,5567.0
2020-01-02 18:10:00,108.9189,108.9971,108.9971,108.9971,1318.0
2020-01-02 18:11:00,108.9731,108.9323,108.8766,108.9045,5999.0
2020-01-02 18:12:00,108.9049,108.9735,108.9465,108.96,8775.0
2020-01-02 18:13:00,108.9907,108.9226,108.8137,108.8682,4783.0
2020-01-02 18:14:00,108.8019,108.8616,108.7913,108.8264,7547.0
2020-01-02 18:15:00,108.9036,108.8736,108.7202,108.7969,8100.0
2020-01-02 18:16:00,108.8261,108.9296,108.8593,108.8945,7859.0
2020-01-02 18:17:00,109.0376,109.0026,108.9701,108.9863,9413.0
2020-01-02 18:18:00,108.8867,108.9178,108.8058,108.8618,381.0
2020-01-02 18:19:00,108.9091,108.9039,108.8306,108.8673,8921.0
2020-01-02 18:20:00,108.8447,108.8393,108.7533,108.7963,2566.0
2020-01-02 18:21:00,108.6456,108.7067,108.6342,108.6704,4275.0
2020-01-02 18:22:00,108.5833,108.6649,108.6326,108.6487,5021.0
2020-01-02 18:23:00,108.6153,108.6312,108.6046,108.6179,6656.0
2020-01-02 18:24:00,108.8717,108.8931,108.828,108.8606,2481.0
2020-01-02 18:25:00,108.8803,108.9418,108.866,108.9039,3036.0
2020-01-02 18:26:00,108.78,108.7775,108.7547,108.7661,9643.0
2020-01-02 18:27:00,108.7261,108.718,108.7012,108.7096,7006.0
2020-01-02 18:28:00,108.7663,108.8276,108.7959,108.8118,7413.0
2020-01-02 18:29:00,109.0404,109.0785,108.9627,109.0206,9128.0
2020-01-02 18:30:00,108.8486,108.8874,108.8366,108.862,6239.0
2020-01-02 18:31:00,108.639,108.7536,108.5945,108.674,3549.0
2020-01-02 18:32:00,108.9005,108.8873,108.8349,108.8611,7674.0
2020-01-02 18:33:00,108.8612,108.9304,108.8698,108.9001,3101.0
2020-01-02 18:34:00,108.7904,108.835,108.7915,108.8132,6099.0
2020-01-02 18:35:00,108.8703,108.9415,108.7919,108.8667,5174.0
2020-01-02 18:36:00,108.6718,108.6035,108.6027,108.6031,8724.0
2020-01-02 18:37:00,108.6131,108.6039,108.6031,108.6035,5648.0
2020-01-02 18:38:00,108.6627,108.6923,108.5802,108.6363,4447.0
2020-01-02 18:39:00,108.7138,108.8012,108.6561,108.7287,6219.0
2020-01-02 18:40:00,108.6234,108.6317,108.6229,108.6273,7150.0
2020-01-02 18:41:00,108.6334,108.6475,108.6242,108.6359,6042.0
2020-01-02 18:42:00,108.558,108.5642,108.5225,108.5433,8512.0
2020-01-02 18:43:00,108.5541,108.573,108.5647,108.5689,4755.0
2020-01-02 18:44:00,108.5463,108.5345,108.4242,108.4793,5277.0
2020-01-02 18:45:00,108.4199,108.4603,108.4168,108.4385,3908.0
2020-01-02 18:46:00,108.2536,108.3656,108.3123,108.3389,7916.0
2020-01-02 18:47:00,108.5412,108.4215,108.3865,108.404,7974.0
2020-01-02 18:48:00,108.4735,108.5735,108.4063,108.4899,5937.0
2020-01-02 18:49:00,108.5321,108.4901,108.4428,108.4664,879.0
2020-01-02 18:50:00,108.5405,108.5238,108.4167,108.4702,2362.0
2020-01-02 18:51:00,108.3726,108.3387,108.312,108.3254,7985.0
2020-01-02 18:52:00,108.2855,108.3114,108.2795,108.2954,4831.0
2020-01-02 18:53:00,108.3047,108.3733,108.2075,108.2904,1139.0
2020-01-02 18:54:00,108.4888,108.5904,108.5145,108.5525,8055.0
2020-01-02 18:55:00,108.5408,108.4969,108.3857,108.4413,7666.0
2020-01-02 18:56:00,108.5451,108.6657,108.5097,108.5877,2380.0
2020-01-02 18:57:00,108.6747,108.6898,108.6849,108.6874,1488.0
2020-01-02 18:58:00,108.7204,108.7778,108.6531,108.7155,7181.0
2020-01-02 18:59:00,108.8859,108.9484,108.8342,108.8913,7262.0
2020-01-02 19:00:00,108.8957,108.9459,108.9111,108.9285,8219.0
2020-01-02 19:01:00,109.0372,108.987,108.9479,108.9674,3608.0
2020-01-02 19:02:00,109.0096,108.967,108.9573,108.9621,2218.0
2020-01-02 19:03:00,109.1006,109.1651,109.0038,109.0845,1682.0
2020-01-02 19:04:00,109.1742,109.2291,109.1592,109.1941,7992.0
2020-01-02 19:05:00,109.1848,109.1346,109.1286,109.1316,3545.0
2020-01-02 19:06:00,108.9764,109.0706,108.9286,108.9996,8749.0
2020-01-02 19:07:00,109.0579,108.9929,108.9658,108.9793,2918.0
2020-01-02 19:08:00,108.9049,108.9797,108.819,108.8993,776.0
2020-01-02 19:09:00,108.9545,108.9183,108.8677,108.893,9705.0
2020-01-02 19:10:00,109.011,109.0749,108.9586,109.0167,6463.0
2020-01-02 19:11:00,108.9746,109.0413,108.9007,108.971,9197.0
2020-01-02 19:12:00,109.028,109.0079,108.9256,108.9667,5487.0
2020-01-02 19:13:00,109.0822,109.121,108.824,108.9725,5849.0
2020-01-02 19:14:00,109.1354,109.1307,108.984,109.0574,6436.0
2020-01-02 19:15:00,108.8765,108.8725,108.7928,108.8327,211.0
2020-01-02 19:16:00,108.8015,108.773,108.771,108.772,3479.0
2020-01-02 19:17:00,108.7678,108.8308,108.7554,108.7931,3973.0
2020-01-02 19:18:00,108.9279,108.9523,108.874,108.9131,7607.0
2020-01-02 19:19:00,108.8183,108.8861,108.8418,108.8639,3251.0
2020-01-02 19:20:00,108.6951,108.7389,108.6137,108.6763,7745.0
2020-01-02 19:21:00,108.7603,108.7444,108.7321,108.7383,5706.0
2020-01-02 19:22:00,108.5767,108.6931,108.6564,108.6747,2044.0
2020-01-02 19:23:00,108.5577,108.5731,108.5384,108.5558,2600.0
2020-01-02 19:24:00,108.5141,108.5362,108.4504,108.4933,8704.0
2020-01-02 19:25:00,108.4707,108.4931,108.4566,108.4749,2751.0
2020-01-02 19:26:00,108.4323,108.429,108.3998,108.4144,8477.0
2020-01-02 19:27:00,108.1268,108.2336,108.1541,108.1938,9868.0
2020-01-02 19:28:00,108.2448,108.3861,108.181,108.2835,3258.0
2020-01-02 19:29:00,108.4628,108.4265,108.3955,108.411,7491.0
2020-01-02 19:30:00,108.4762,108.4871,108.4653,108.4762,4177.0
2020-01-02 19:31:00,108.3794,108.4459,108.279,108.3624,150.0
2020-01-02 19:32:00,108.3149,108.4187,108.2658,108.3423,1269.0
2020-01-02 19:33:00,108.3426,108.4195,108.2638,108.3416,7712.0
2020-01-02 19:34:00,108.2864,108.4053,108.3977,108.4015,5503.0
2020-01-02 19:35:00,108.5106,108.4928,108.4439,108.4683,8327.0
2020-01-02 19:36:00,108.4853,108.4787,108.3111,108.3949,8568.0
2020-01-02 19:37:00,108.3499,108.4312,108.3751,108.4031,5915.0
2020-01-02 19:38:00,108.4018,108.4689,108.4288,108.4488,7253.0
2020-01-02 19:39:00,108.6165,108.6065,108.5823,108.5944,6425.0
2020-01-02 19:40:00,108.7386,108.689,108.6407,108.6649,6714.0
2020-01-02 19:41:00,108.7437,108.7452,108.7424,108.7438,6031.0
2020-01-02 19:42:00,108.6907,108.7879,108.7164,108.7522,988.0
2020-01-02 19:43:00,108.8828,108.8954,108.891,108.8932,503.0
2020-01-02 19:44:00,108.8827,109.051,108.8174,108.9342,8076.0
2020-01-02 19:45:00,108.8146,108.8695,108.8266,108.8481,4085.0
2020-01-02 19:46:00,108.9732,108.9945,108.9823,108.9884,9464.0
2020-01-02 19:47:00,109.0117,109.075,109.0414,109.0582,6649.0
2020-01-02 19:48:00,108.975,109.0249,109.0029,109.0139,6246.0
2020-01-02 19:49:00,108.9697,109.0376,108.8943,108.966,5228.0
2020-01-02 19:50:00,109.0064,109.0921,108.8991,108.9956,2687.0
2020-01-02 19:51:00,108.9707,109.0471,109.0368,109.0419,389.0
2020-01-02 19:52:00,109.0815,109.0689,109.0544,109.0617,2328.0
2020-01-02 19:53:00,109.0737,109.1411,109.0445,109.0928,9875.0
2020-01-02 19:54:00,109.2988,109.264,109.2616,109.2628,9961.0
2020-01-02 19:55:00,109.409,109.4393,109.3006,109.3699,5511.0
2020-01-02 19:56:00,109.3618,109.4408,109.3372,109.389,747.0
2020-01-02 19:57:00,109.5138,109.5259,109.4404,109.4831,3254.0
2020-01-02 19:58:00,109.338,109.4072,109.3526,109.3799,365.0
2020-01-02 19:59:00,109.4859,109.4376,109.4017,109.4197,3588.0
2020-01-02 20:00:00,109.5606,109.6731,109.5281,109.6006,2878.0
2020-01-02 20:01:00,109.5964,109.5889,109.5687,109.5788,5056.0
2020-01-02 20:02:00,109.4847,109.5058,109.4822,109.494,8310.0
2020-01-02 20:03:00,109.378,109.4813,109.3764,109.4288,4566.0
2020-01-02 20:04:00,109.3649,109.3353,109.3044,109.3199,7652.0
2020-01-02 20:05:00,109.2107,109.322,109.1608,109.2414,3927.0
2020-01-02 20:06:00,109.1193,109.2642,109.1445,109.2043,742.0
2020-01-02 20:07:00,108.9197,109.0866,109.041,109.0638,9837.0
2020-01-02 20:08:00,109.0216,109.1551,108.9756,109.0653,916.0
2020-01-02 20:09:00,109.2244,109.2248,109.0863,109.1556,2291.0
2020-01-02 20:10:00,109.1277,109.1328,108.9968,109.0648,6026.0
2020-01-02 20:11:00,109.1808,109.285,109.1484,109.2167,2768.0
2020-01-02 20:12:00,109.2491,109.3433,109.1923,109.2678,9155.0
2020-01-02 20:13:00,109.3476,109.39,109.3518,109.3709,7659.0
2020-01-02 20:14:00,109.2384,109.3131,109.297,109.3051,3472.0
2020-01-02 20:15:00,109.3431,109.4713,109.3098,109.3905,7108.0
2020-01-02 20:16:00,109.3304,109.3486,109.2141,109.2813,8820.0
2020-01-02 20:17:00,109.3956,109.4029,109.3378,109.3704,4162.0
2020-01-02 20:18:00,109.4012,109.4112,109.3639,109.3875,6992.0
2020-01-02 20:19:00,109.3761,109.4737,109.412,109.4429,6170.0
2020-01-02 20:20:00,109.3303,109.3453,109.3053,109.3253,7602.0
2020-01-02 20:21:00,109.1206,109.2386,109.233,109.2358,9824.0
2020-01-02 20:22:00,109.3377,109.3406,109.2504,109.2955,8847.0
2020-01-02 20:23:00,109.2136,109.2173,109.184,109.2007,3992.0
2020-01-02 20:24:00,109.1797,109.2653,109.2287,109.247,2900.0
2020-01-02 20:25:00,109.1911,109.1421,109.0785,109.1103,1030.0
2020-01-02 20:26:00,109.1053,109.202,109.1883,109.1951,5349.0
2020-01-02 20:27:00,109.0984,109.0881,109.0557,109.0719,4293.0
2020-01-02 20:28:00,109.1549,109.1522,109.102,109.1271,9084.0
2020-01-02 20:29:00,109.1277,109.2708,109.1085,109.1897,4135.0
2020-01-02 20:30:00,109.1181,109.1256,109.1143,109.12,4483.0
2020-01-02 20:31:00,109.0963,109.1848,109.1716,109.1782,6412.0
2020-01-02 20:32:00,109.0619,109.2198,109.1887,109.2042,3250.0
2020-01-02 20:33:00,109.0969,109.159,109.1417,109.1503,4458.0
2020-01-02 20:34:00,109.0187,109.1287,108.9702,109.0495,9003.0
2020-01-02 20:35:00,108.8854,108.871,108.8354,108.8532,6966.0
2020-01-02 20:36:00,108.8916,108.9206,108.8558,108.8882,2677.0
2020-01-02 20:37:00,108.7364,108.7564,108.707,108.7317,4980.0
2020-01-02 20:38:00,108.6905,108.7932,108.6893,108.7412,4405.0
2020-01-02 20:39:00,108.6884,108.725,108.7048,108.7149,4150.0
2020-01-02 20:40:00,108.7363,108.8067,108.7589,108.7828,3248.0
2020-01-02 20:41:00,108.6914,108.7604,108.7448,108.7526,6254.0
2020-01-02 20:42:00,108.69,108.754,108.6853,108.7197,8160.0
2020-01-02 20:43:00,108.7966,108.8717,108.714,108.7928,5226.0
2020-01-02 20:44:00,108.7977,108.871,108.7817,108.8264,2046.0
2020-01-02 20:45:00,108.8418,108.9373,108.7786,108.858,1672.0
2020-01-02 20:46:00,108.9396,109.0279,108.7819,108.9049,299.0
2020-01-02 20:47:00,108.7263,108.7583,108.7443,108.7513,2477.0
2020-01-02 20:48:00,108.7603,108.8856,108.7684,108.827,4168.0
2020-01-02 20:49:00,108.9164,108.8929,108.8836,108.8883,8381.0
2020-01-02 20:50:00,108.7999,108.8068,108.7663,108.7866,690.0
2020-01-02 20:51:00,108.7786,108.7687,108.7557,108.7622,6298.0
2020-01-02 20:52:00,108.7896,108.7759,108.7406,108.7583,6131.0
2020-01-02 20:53:00,108.7676,108.7464,108.7433,108.7448,5440.0
2020-01-02 20:54:00,108.7796,108.8124,108.744,108.7782,8383.0
2020-01-02 20:55:00,109.0409,108.9768,108.8659,108.9213,8231.0
2020-01-02 20:56:00,108.9653,109.1007,108.9583,109.0295,689.0
2020-01-02 20:57:00,108.869,108.905,108.8916,108.8983,3738.0
2020-01-02 20:58:00,109.0089,109.0298,108.8912,108.9605,3414.0
2020-01-02 20:59:00,109.1005,109.1196,109.0672,109.0934,885.0
2020-01-02 21:00:00,109.17,109.1413,109.1229,109.1321,8175.0
2020-01-02 21:01:00,109.2497,109.2664,109.2159,109.2412,4145.0
2020-01-02 21:02:00,109.5111,109.4928,109.392,109.4424,3884.0
2020-01-02 21:03:00,109.4944,109.5832,109.5063,109.5448,1277.0
2020-01-02 21:04:00,109.6368,109.5952,109.5442,109.5697,1377.0
2020-01-02 21:05:00,109.7328,109.7211,109.6273,109.6742,3065.0
2020-01-02 21:06:00,109.6282,109.7198,109.6576,109.6887,8593.0
2020-01-02 21:07:00,109.7226,109.7577,109.6244,109.6911,2444.0
2020-01-02 21:08:00,109.6538,109.8201,109.4917,109.6559,7758.0
2020-01-02 21:09:00,109.782,109.8514,109.7731,109.8123,5263.0
2020-01-02 21:10:00,109.636,109.7438,109.7171,109.7304,3315.0
2020-01-02 21:11:00,109.8331,109.9271,109.8402,109.8837,8287.0
2020-01-02 21:12:00,109.9691,109.9399,109.9274,109.9337,161.0
2020-01-02 21:13:00,109.8344,109.8371,109.7504,109.7937,957.0
2020-01-02 21:14:00,109.82,109.8385,109.8225,109.8305,8829.0
2020-01-02 21:15:00,109.6613,109.6251,109.6159,109.6205,1440.0
2020-01-02 21:16:00,109.7303,109.6887,109.6774,109.683,5654.0
2020-01-02 21:17:00,109.7793,109.8439,109.6992,109.7716,9109.0
2020-01-02 21:18:00,109.6762,109.8092,109.6154,109.7123,5115.0
2020-01-02 21:19:00,109.7467,109.7718,109.6776,109.7247,1074.0
2020-01-02 21:20:00,109.9445,109.9881,109.8521,109.9201,4737.0
2020-01-02 21:21:00,109.9032,109.8802,109.8589,109.8695,3752.0
2020-01-02 21:22:00,109.8069,109.8117,109.7156,109.7636,3403.0
2020-01-02 21:23:00,109.8437,109.9144,109.9092,109.9118,1811.0
2020-01-02 21:24:00,110.0826,110.1425,110.0737,110.1081,889.0
2020-01-02 21:25:00,110.0135,110.1582,110.0587,110.1084,680.0
2020-01-02 21:26:00,110.2469,110.2503,110.1688,110.2096,8643.0
2020-01-02 21:27:00,110.3331,110.359,110.3284,110.3437,2402.0
2020-01-02 21:28:00,110.291,110.272,110.267,110.2695,1173.0
2020-01-02 21:29:00,110.1472,110.2413,110.2006,110.2209,5473.0
2020-01-02 21:30:00,110.4141,110.4319,110.2561,110.344,7661.0
2020-01-02 21:31:00,110.4528,110.5411,110.484,110.5125,1982.0
2020-01-02 21:32:00,110.6076,110.6417,110.496,110.5688,4445.0
2020-01-02 21:33:00,110.4867,110.5829,110.3788,110.4808,1360.0
2020-01-02 21:34:00,110.6701,110.6998,110.6593,110.6795,7147.0
2020-01-02 21:35:00,110.6129,110.6357,110.6172,110.6265,331.0
2020-01-02 21:36:00,110.561,110.6314,110.5545,110.5929,9248.0
2020-01-02 21:37:00,110.6919,110.6587,110.5957,110.6272,4829.0
2020-01-02 21:38:00,110.7832,110.8963,110.6689,110.7826,9386.0
2020-01-02 21:39:00,110.8045,110.915,110.821,110.868,3636.0
2020-01-02 21:40:00,110.8903,110.9869,110.832,110.9095,3592.0
2020-01-02 21:41:00,110.9622,111.031,110.8806,110.9558,5219.0
2020-01-02 21:42:00,111.005,111.0198,110.9005,110.9602,1402.0
2020-01-02 21:43:00,110.9857,111.03,111.0019,111.016,4414.0
2020-01-02 21:44:00,110.7361,110.7783,110.7477,110.763,8988.0
2020-01-02 21:45:00,110.7345,110.7341,110.7326,110.7333,406.0
2020-01-02 21:46:00,110.8012,110.8561,110.6589,110.7575,8605.0
2020-01-02 21:47:00,110.5739,110.6822,110.6026,110.6424,3574.0
2020-01-02 21:48:00,110.7063,110.6883,110.6737,110.681,5948.0
2020-01-02 21:49:00,110.6374,110.682,110.6392,110.6606,7755.0
2020-01-02 21:50:00,110.8199,110.9078,110.7645,110.8361,1502.0
2020-01-02 21:51:00,111.0935,111.103,110.8838,110.9934,4476.0
2020-01-02 21:52:00,110.937,111.0059,110.8878,110.9468,8326.0
2020-01-02 21:53:00,110.9695,110.9428,110.9207,110.9318,2217.0
2020-01-02 21:54:00,110.9603,111.0114,110.8373,110.9244,8651.0
2020-01-02 21:55:00,110.8202,110.8991,110.8592,110.8792,5909.0
2020-01-02 21:56:00,110.8064,110.9198,110.8776,110.8987,6130.0
2020-01-02 21:57:00,110.8639,110.8641,110.7816,110.8229,507.0
2020-01-02 21:58:00,110.6556,110.7391,110.6805,110.7098,5780.0
2020-01-02 21:59:00,110.6889,110.7855,110.7586,110.7721,4775.0
2020-01-02 22:00:00,110.8863,110.893,110.777,110.835,5603.0
2020-01-02 22:01:00,110.7036,110.8227,110.6865,110.7546,6324.0
2020-01-02 22:02:00,110.8055,110.8735,110.8148,110.8441,7705.0
2020-01-02 22:03:00,110.8797,110.7848,110.7771,110.781,2192.0
2020-01-02 22:04:00,110.7233,110.8155,110.7971,110.8063,7626.0
2020-01-02 22:05:00,110.8255,110.9193,110.8574,110.8883,236.0
2020-01-02 22:06:00,110.862,110.8857,110.8842,110.885,9270.0
2020-01-02 22:07:00,110.9184,110.9399,110.9209,110.9304,1584.0
2020-01-02 22:08:00,110.8341,110.891,110.8666,110.8788,3476.0
2020-01-02 22:09:00,110.8012,110.8649,110.8534,110.8591,6472.0
2020-01-02 22:10:00,110.9141,110.9035,110.7737,110.8386,6426.0
2020-01-02 22:11:00,110.7771,110.7962,110.7316,110.7639,566.0
2020-01-02 22:12:00,110.7755,110.7813,110.7112,110.7462,5033.0
2020-01-02 22:13:00,110.5845,110.6275,110.5552,110.5914,1074.0
2020-01-02 22:14:00,110.5567,110.5499,110.5346,110.5422,5287.0
2020-01-02 22:15:00,110.5604,110.5297,110.4978,110.5138,7112.0
2020-01-02 22:16:00,110.4383,110.5424,110.4339,110.4881,7572.0
2020-01-02 22:17:00,110.4772,110.5274,110.4006,110.464,2751.0
2020-01-02 22:18:00,110.4926,110.597,110.3187,110.4578,1899.0
2020-01-02 22:19:00,110.583,110.5101,110.5014,110.5058,1115.0
2020-01-02 22:20:00,110.6906,110.6503,110.5362,110.5932,6338.0
2020-01-02 22:21:00,110.5317,110.5964,110.46,110.5282,8976.0
2020-01-02 22:22:00,110.4648,110.4279,110.3879,110.4079,9748.0
2020-01-02 22:23:00,110.1702,110.3377,110.2697,110.3037,8660.0
2020-01-02 22:24:00,110.3326,110.2734,110.2366,110.255,6522.0
2020-01-02 22:25:00,110.1835,110.2671,110.1725,110.2198,6147.0
2020-01-02 22:26:00,110.1307,110.1527,110.1329,110.1428,6649.0
2020-01-02 22:27:00,110.0352,110.1149,109.9115,110.0132,6689.0
2020-01-02 22:28:00,109.9599,110.0164,109.9188,109.9676,6316.0
2020-01-02 22:29:00,109.9955,110.0345,109.937,109.9857,1444.0
2020-01-02 22:30:00,110.1246,110.0677,110.0228,110.0452,4217.0
2020-01-02 22:31:00,109.9703,110.0769,109.9021,109.9895,8470.0
2020-01-02 22:32:00,109.8938,110.0323,109.864,109.9482,9424.0
2020-01-02 22:33:00,109.9462,109.8726,109.8384,109.8555,7639.0
2020-01-02 22:34:00,109.8787,109.9775,109.7272,109.8524,7964.0
2020-01-02 22:35:00,109.8636,109.7687,109.7663,109.7675,1579.0
2020-01-02 22:36:00,109.868,109.873,109.7767,109.8248,5448.0
2020-01-02 22:37:00,109.5801,109.6779,109.6146,109.6462,3166.0
2020-01-02 22:38:00,109.6426,109.7231,109.4974,109.6103,7191.0
2020-01-02 22:39:00,109.5912,109.7207,109.56,109.6404,4726.0
2020-01-02 22:40:00,109.6592,109.7385,109.579,109.6588,2572.0
2020-01-02 22:41:00,109.9243,109.9789,109.8773,109.9281,1058.0
2020-01-02 22:42:00,109.8822,109.9745,109.9517,109.9631,9363.0
2020-01-02 22:43:00,109.822,109.8674,109.8579,109.8627,1588.0
2020-01-02 22:44:00,109.9634,109.9011,109.8051,109.8531,4867.0
2020-01-02 22:45:00,109.6874,109.7632,109.5877,109.6755,2033.0
2020-01-02 22:46:00,109.6586,109.6779,109.6569,109.6674,5827.0
2020-01-02 22:47:00,109.6748,109.6002,109.5681,109.5841,5249.0
2020-01-02 22:48:00,109.6558,109.6951,109.6562,109.6757,5852.0
2020-01-02 22:49:00,109.6161,109.6318,109.6096,109.6207,7256.0
2020-01-02 22:50:00,109.6586,109.6805,109.5376,109.609,5074.0
2020-01-02 22:51:00,109.5254,109.5606,109.5303,109.5455,7190.0
2020-01-02 22:52:00,109.682,109.7279,109.7108,109.7194,4037.0
2020-01-02 22:53:00,109.5745,109.7236,109.6509,109.6872,3361.0
2020-01-02 22:54:00,109.8237,109.8982,109.8428,109.8705,9691.0
2020-01-02 22:55:00,109.9046,109.9826,109.9212,109.9519,6946.0
2020-01-02 22:56:00,110.008,110.0049,109.9953,110.0001,6897.0
2020-01-02 22:57:00,110.0065,110.0644,110.0096,110.037,9170.0
2020-01-02 22:58:00,110.1843,110.1328,110.0199,110.0764,5668.0
2020-01-02 22:59:00,109.8307,109.9468,109.8204,109.8836,4868.0
2020-01-02 23:00:00,109.9257,109.9273,109.7841,109.8557,4313.0
2020-01-02 23:01:00,109.9512,109.9764,109.9041,109.9402,5277.0
2020-01-02 23:02:00,109.9757,109.945,109.9257,109.9353,8146.0
2020-01-02 23:03:00,109.8321,109.8269,109.7627,109.7948,970.0
2020-01-02 23:04:00,109.6787,109.8169,109.7623,109.7896,6701.0
2020-01-02 23:05:00,109.9594,109.9841,109.9359,109.96,8997.0
2020-01-02 23:06:00,110.0716,110.0928,110.0765,110.0847,2789.0
2020-01-02 23:07:00,110.0218,110.1519,110.0051,110.0785,7209.0
2020-01-02 23:08:00,110.1966,110.1966,110.1507,110.1736,4681.0
2020-01-02 23:09:00,110.2228,110.192,110.082,110.137,7387.0
2020-01-02 23:10:00,109.8329,110.0135,109.9196,109.9666,7134.0
2020-01-02 23:11:00,109.8474,109.9077,109.8406,109.8741,9869.0
2020-01-02 23:12:00,109.9681,110.0385,110.0224,110.0304,2067.0
2020-01-02 23:13:00,110.0066,110.0716,109.9344,110.003,9544.0
2020-01-02 23:14:00,109.9624,110.0035,109.9539,109.9787,9544.0
2020-01-02 23:15:00,109.9184,110.0027,109.8947,109.9487,5180.0
2020-01-02 23:16:00,110.1736,110.1899,110.0884,110.1391,4538.0
2020-01-02 23:17:00,110.3835,110.3317,110.2717,110.3017,3228.0
2020-01-02 23:18:00,110.6567,110.5433,110.5039,110.5236,5435.0
2020-01-02 23:19:00,110.4707,110.5256,110.4898,110.5077,9958.0
2020-01-02 23:20:00,110.4462,110.5794,110.4951,110.5372,5922.0
2020-01-02 23:21:00,110.4135,110.4439,110.3272,110.3856,8319.0
2020-01-02 23:22:00,110.6138,110.5474,110.5192,110.5333,9911.0
2020-01-02 23:23:00,110.4572,110.4256,110.4074,110.4165,1444.0
2020-01-02 23:24:00,110.5185,110.546,110.3303,110.4382,4768.0
2020-01-02 23:25:00,110.3172,110.3303,110.3266,110.3284,7780.0
2020-01-02 23:26:00,110.2391,110.3603,110.1788,110.2696,9219.0
2020-01-02 23:27:00,110.1916,110.2444,110.1273,110.1858,1878.0
2020-01-02 23:28:00,110.1085,110.2037,110.0464,110.125,3203.0
2020-01-02 23:29:00,110.1043,110.1271,110.0151,110.0711,5966.0
2020-01-02 23:30:00,110.0648,110.0758,109.9569,110.0163,5630.0
2020-01-02 23:31:00,110.152,110.1874,110.0118,110.0996,3188.0
2020-01-02 23:32:00,110.0147,110.0283,109.95,109.9892,8191.0
2020-01-02 23:33:00,110.0235,110.0342,109.9882,110.0112,6844.0
2020-01-02 23:34:00,110.1727,110.1915,110.0746,110.133,5271.0
2020-01-02 23:35:00,109.9835,110.1723,109.9911,110.0817,4565.0
2020-01-02 23:36:00,110.0204,110.0458,109.974,110.0099,8455.0
2020-01-02 23:37:00,109.9895,109.998,109.9757,109.9868,6693.0
2020-01-02 23:38:00,110.1155,110.1053,110.1043,110.1048,6787.0
2020-01-02 23:39:00,110.1198,110.1942,110.0542,110.1242,450.0
2020-01-02 23:40:00,110.0927,110.1531,109.9891,110.0711,6622.0
2020-01-02 23:41:00,110.0908,110.1447,110.0943,110.1195,300.0
2020-01-02 23:42:00,110.0657,110.0359,109.9826,110.0093,7374.0
2020-01-02 23:43:00,110.1011,110.1501,110.0047,110.0774,2652.0
2020-01-02 23:44:00,110.1258,110.1278,110.1087,110.1183,7255.0
2020-01-02 23:45:00,110.0526,110.102,110.0729,110.0875,7651.0
2020-01-02 23:46:00,110.0444,110.02,109.9873,110.0036,1151.0
2020-01-02 23:47:00,109.9253,109.9227,109.9072,109.915,8578.0
2020-01-02 23:48:00,109.9307,109.9932,109.9437,109.9684,7610.0
2020-01-02 23:49:00,110.0885,110.1479,110.0348,110.0913,3658.0
2020-01-02 23:50:00,110.0591,110.0375,110.0177,110.0276,8398.0
2020-01-02 23:51:00,110.101,110.0791,110.0678,110.0734,2653.0
2020-01-02 23:52:00,109.8891,109.8763,109.8532,109.8647,3613.0
2020-01-02 23:53:00,109.8109,109.8099,109.8027,109.8063,8408.0
2020-01-02 23:54:00,109.8545,109.8668,109.7395,109.8032,9560.0
2020-01-02 23:55:00,109.7741,109.7781,109.6463,109.7122,6322.0
2020-01-02 23:56:00,109.6554,109.7293,109.5078,109.6185,9032.0
2020-01-02 23:57:00,109.5224,109.5926,109.5109,109.5518,7753.0
2020-01-02 23:58:00,109.5281,109.6224,109.5396,109.581,122.0
2020-01-02 23:59:00,109.5351,109.6044,109.5201,109.5623,460.0
2020-01-03 00:00:00,109.4361,109.3538,109.3231,109.3384,4895.0
2020-01-03 00:01:00,109.1404,109.233,109.0197,109.1264,1550.0
2020-01-03 00:02:00,109.172,109.117,109.0143,109.0657,8508.0
2020-01-03 00:03:00,109.1054,109.12,109.1029,109.1114,5885.0
2020-01-03 00:04:00,108.8238,108.8435,108.8299,108.8367,2854.0
2020-01-03 00:05:00,108.783,108.7979,108.7756,108.7867,727.0
2020-01-03 00:06:00,108.7295,108.7525,108.7157,108.7341,3367.0
2020-01-03 00:07:00,108.8342,108.8735,108.8723,108.8729,666.0
2020-01-03 00:08:00,108.777,108.8405,108.8284,108.8344,3858.0
2020-01-03 00:09:00,108.8978,108.9047,108.8408,108.8727,2120.0
2020-01-03 00:10:00,108.9396,108.936,108.8378,108.8869,3630.0
2020-01-03 00:11:00,108.796,108.6953,108.6523,108.6738,2606.0
2020-01-03 00:12:00,108.7289,108.8172,108.6841,108.7506,4509.0
2020-01-03 00:13:00,108.7545,108.8107,108.7336,108.7722,9020.0
2020-01-03 00:14:00,108.7844,108.8404,108.8056,108.823,3428.0
2020-01-03 00:15:00,109.2719,109.2653,109.1659,109.2156,573.0
2020-01-03 00:16:00,109.0479,109.0093,109.0051,109.0072,705.0
2020-01-03 00:17:00,109.1358,109.189,109.1704,109.1797,9534.0
2020-01-03 00:18:00,109.1058,109.2134,109.0885,109.1509,5783.0
2020-01-03 00:19:00,109.2273,109.2189,109.1404,109.1797,3702.0
2020-01-03 00:20:00,109.1943,109.2077,109.1425,109.1751,7504.0
2020-01-03 00:21:00,109.1706,109.1377,109.1277,109.1327,3854.0
2020-01-03 00:22:00,109.0316,109.1497,109.0017,109.0757,4470.0
2020-01-03 00:23:00,109.0148,109.1341,109.0832,109.1086,3978.0
2020-01-03 00:24:00,108.9132,109.0383,108.8755,108.9569,3843.0
2020-01-03 00:25:00,109.0664,109.1205,108.9435,109.032,4947.0
2020-01-03 00:26:00,109.0959,108.9936,108.9872,108.9904,5778.0
2020-01-03 00:27:00,108.8559,108.938,108.8167,108.8774,6197.0
2020-01-03 00:28:00,108.9462,108.8648,108.7999,108.8324,775.0
2020-01-03 00:29:00,108.9996,108.9602,108.956,108.9581,4153.0
2020-01-03 00:30:00,108.8349,108.9128,108.8963,108.9045,809.0
2020-01-03 00:31:00,108.9511,108.9757,108.9051,108.9404,1022.0
2020-01-03 00:32:00,108.9105,108.9544,108.7802,108.8673,3499.0
2020-01-03 00:33:00,108.8218,109.0852,108.801,108.9431,507.0
2020-01-03 00:34:00,109.0439,109.0256,108.9977,109.0116,1209.0
2020-01-03 00:35:00,109.2551,109.2141,109.1788,109.1965,3692.0
2020-01-03 00:36:00,109.1989,109.1838,109.1741,109.1789,4059.0
2020-01-03 00:37:00,109.2427,109.2588,109.2328,109.2458,6741.0
2020-01-03 00:38:00,109.247,109.2972,109.214,109.2556,1590.0
2020-01-03 00:39:00,109.3736,109.4394,109.331,109.3852,4300.0
2020-01-03 00:40:00,109.2545,109.3701,109.2565,109.3133,1581.0
2020-01-03 00:41:00,109.3534,109.4081,109.3676,109.3878,1380.0
2020-01-03 00:42:00,109.3475,109.3943,109.3424,109.3683,4954.0
2020-01-03 00:43:00,109.3676,109.4908,109.233,109.3619,9166.0
2020-01-03 00:44:00,109.3433,109.3933,109.3489,109.3711,8155.0
2020-01-03 00:45:00,109.3529,109.3982,109.3944,109.3963,8403.0
2020-01-03 00:46:00,109.4227,109.452,109.3174,109.3847,6266.0
2020-01-03 00:47:00,109.4247,109.4248,109.3875,109.4062,7180.0
2020-01-03 00:48:00,109.537,109.6379,109.4901,109.564,8161.0
2020-01-03 00:49:00,109.6878,109.774,109.551,109.6625,6558.0
2020-01-03 00:50:00,109.7268,109.7854,109.7135,109.7494,8493.0
2020-01-03 00:51:00,109.707,109.7351,109.6726,109.7039,9286.0
2020-01-03 00:52:00,109.6637,109.6621,109.5678,109.615,4852.0
2020-01-03 00:53:00,109.6803,109.7109,109.7101,109.7105,1631.0
2020-01-03 00:54:00,109.7395,109.8548,109.7414,109.7981,9681.0
2020-01-03 00:55:00,109.9381,110.0116,109.8791,109.9454,8822.0
2020-01-03 00:56:00,109.8168,109.9332,109.8367,109.885,1717.0
2020-01-03 00:57:00,109.8481,109.8981,109.826,109.862,5254.0
2020-01-03 00:58:00,109.684,109.799,109.5972,109.6981,5754.0
2020-01-03 00:59:00,109.5356,109.725,109.5927,109.6588,8656.0
2020-01-03 01:00:00,109.785,109.7632,109.7538,109.7585,3471.0
2020-01-03 01:01:00,109.7027,109.7314,109.6922,109.7118,6659.0
2020-01-03 01:02:00,109.835,109.8191,109.7326,109.7759,5565.0
2020-01-03 01:03:00,109.7676,109.8206,109.6931,109.7568,1472.0
2020-01-03 01:04:00,109.826,109.8485,109.7299,109.7892,2337.0
2020-01-03 01:05:00,109.734,109.7161,109.6329,109.6745,3574.0
2020-01-03 01:06:00,109.6764,109.724,109.642,109.683,4544.0
2020-01-03 01:07:00,109.3838,109.4326,109.3352,109.3839,4568.0
2020-01-03 01:08:00,109.2865,109.4644,109.266,109.3652,5858.0
2020-01-03 01:09:00,109.2641,109.2137,109.1906,109.2021,3676.0
2020-01-03 01:10:00,109.3154,109.3554,109.29,109.3227,4075.0
2020-01-03 01:11:00,109.3502,109.4768,109.3241,109.4005,9276.0
2020-01-03 01:12:00,109.4841,109.553,109.3413,109.4471,5774.0
2020-01-03 01:13:00,109.4903,109.6605,109.538,109.5992,1626.0
2020-01-03 01:14:00,109.4829,109.5556,109.4531,109.5044,6889.0
2020-01-03 01:15:00,109.7245,109.7288,109.6293,109.6791,1136.0
2020-01-03 01:16:00,109.7504,109.8033,109.7414,109.7723,4718.0
2020-01-03 01:17:00,109.7128,109.7881,109.7092,109.7487,2330.0
2020-01-03 01:18:00,109.8414,109.9136,109.8108,109.8622,1142.0
2020-01-03 01:19:00,109.6511,109.8151,109.688,109.7516,8041.0
2020-01-03 01:20:00,109.7049,109.7237,109.6146,109.6691,6268.0
2020-01-03 01:21:00,109.6021,109.6605,109.556,109.6083,1429.0
2020-01-03 01:22:00,109.5418,109.6023,109.5085,109.5554,3755.0
2020-01-03 01:23:00,109.4363,109.5297,109.3698,109.4497,5653.0
2020-01-03 01:24:00,109.5727,109.6449,109.4992,109.572,5641.0
2020-01-03 01:25:00,109.5788,109.5774,109.5149,109.5461,4005.0
2020-01-03 01:26:00,109.5788,109.6053,109.5574,109.5814,1180.0
2020-01-03 01:27:00,109.4563,109.567,109.4817,109.5244,923.0
2020-01-03 01:28:00,109.3711,109.3555,109.3291,109.3423,3719.0
2020-01-03 01:29:00,109.3942,109.3814,109.3572,109.3693,3350.0
2020-01-03 01:30:00,109.1884,109.1874,109.1687,109.1781,2215.0
2020-01-03 01:31:00,109.225,109.2128,109.1296,109.1712,3667.0
2020-01-03 01:32:00,109.0359,109.0458,109.023,109.0344,5220.0
2020-01-03 01:33:00,109.2887,109.2447,109.2215,109.2331,8339.0
2020-01-03 01:34:00,109.3946,109.3816,109.2669,109.3242,1540.0
2020-01-03 01:35:00,109.3639,109.3744,109.2953,109.3348,1044.0
2020-01-03 01:36:00,109.4238,109.5005,109.4219,109.4612,3368.0
2020-01-03 01:37:00,109.37,109.434,109.3191,109.3766,3219.0
2020-01-03 01:38:00,109.4929,109.4571,109.4047,109.4309,6172.0
2020-01-03 01:39:00,109.376,109.4948,109.407,109.4509,8646.0
2020-01-03 01:40:00,109.4577,109.5414,109.4132,109.4773,3405.0
2020-01-03 01:41:00,109.5874,109.6081,109.6009,109.6045,4895.0
2020-01-03 01:42:00,109.6345,109.723,109.6326,109.6778,2017.0
2020-01-03 01:43:00,109.7503,109.7462,109.6671,109.7066,6869.0
2020-01-03 01:44:00,109.56,109.5819,109.5004,109.5412,468.0
2020-01-03 01:45:00,109.4096,109.5403,109.35,109.4452,1292.0
2020-01-03 01:46:00,109.4632,109.4743,109.3915,109.4329,1486.0
2020-01-03 01:47:00,109.4343,109.5152,109.3692,109.4422,7444.0
2020-01-03 01:48:00,109.2847,109.3523,109.3061,109.3292,2647.0
2020-01-03 01:49:00,109.5347,109.5931,109.5476,109.5704,4899.0
2020-01-03 01:50:00,109.7438,109.7341,109.7099,109.722,6415.0
2020-01-03 01:51:00,109.8292,109.8117,109.7527,109.7822,1653.0
2020-01-03 01:52:00,109.7651,109.8544,109.7244,109.7894,2910.0
2020-01-03 01:53:00,109.7954,109.8834,109.653,109.7682,211.0
2020-01-03 01:54:00,109.7521,109.7349,109.6112,109.673,4172.0
2020-01-03 01:55:00,109.6178,109.708,109.6535,109.6808,1163.0
2020-01-03 01:56:00,109.7243,109.7104,109.7026,109.7065,4297.0
2020-01-03 01:57:00,109.6239,109.6087,109.556,109.5824,1492.0
2020-01-03 01:58:00,109.611,109.6929,109.5386,109.6158,1297.0
2020-01-03 01:59:00,109.6622,109.6618,109.5387,109.6003,440.0
2020-01-03 02:00:00,109.5194,109.4101,109.4089,109.4095,5115.0
2020-01-03 02:01:00,109.3406,109.3498,109.2971,109.3234,2961.0
2020-01-03 02:02:00,109.2704,109.3626,109.2015,109.2821,9497.0
2020-01-03 02:03:00,109.5197,109.5168,109.4248,109.4708,8119.0
2020-01-03 02:04:00,109.5686,109.5339,109.5191,109.5265,5894.0
2020-01-03 02:05:00,109.267,109.4373,109.3486,109.3929,9866.0
2020-01-03 02:06:00,109.4414,109.4823,109.4008,109.4416,3406.0
2020-01-03 02:07:00,109.2671,109.3043,109.2693,109.2868,6462.0
2020-01-03 02:08:00,109.4149,109.4276,109.3626,109.3951,9832.0
2020-01-03 02:09:00,109.3383,109.3651,109.3308,109.348,6408.0
2020-01-03 02:10:00,109.3344,109.3925,109.2847,109.3386,3684.0
2020-01-03 02:11:00,109.428,109.5211,109.4213,109.4712,6624.0
2020-01-03 02:12:00,109.3792,109.4051,109.2799,109.3425,5403.0
2020-01-03 02:13:00,109.2855,109.2991,109.1064,109.2028,2026.0
2020-01-03 02:14:00,109.102,109.1773,109.1115,109.1444,3619.0
2020-01-03 02:15:00,109.1784,109.3138,109.1827,109.2482,7887.0
2020-01-03 02:16:00,109.0973,109.1834,109.0092,109.0963,9697.0
2020-01-03 02:17:00,108.8117,108.8668,108.7593,108.8131,7649.0
2020-01-03 02:18:00,108.8265,108.785,108.7509,108.768,2113.0
2020-01-03 02:19:00,108.7617,108.8358,108.8105,108.8232,547.0
2020-01-03 02:20:00,108.9163,108.9511,108.9352,108.9432,1820.0
2020-01-03 02:21:00,108.7895,108.9475,108.8462,108.8969,4193.0
2020-01-03 02:22:00,108.9245,108.8647,108.8467,108.8557,133.0
2020-01-03 02:23:00,108.9836,109.0883,108.8539,108.9711,596.0
2020-01-03 02:24:00,108.761,108.7908,108.7774,108.7841,1503.0
2020-01-03 02:25:00,108.6792,108.7984,108.6922,108.7453,3319.0
2020-01-03 02:26:00,108.7028,108.8046,108.7241,108.7643,8177.0
2020-01-03 02:27:00,108.83,108.8111,108.8074,108.8092,2810.0
2020-01-03 02:28:00,108.7029,108.7876,108.7289,108.7583,9894.0
2020-01-03 02:29:00,108.7669,108.7783,108.7451,108.7617,5770.0
2020-01-03 02:30:00,108.615,108.5384,108.4874,108.5129,5318.0
2020-01-03 02:31:00,108.4297,108.4757,108.4184,108.4471,3702.0
2020-01-03 02:32:00,108.4443,108.5007,108.4841,108.4924,6204.0
2020-01-03 02:33:00,108.4133,108.456,108.3324,108.3942,4196.0
2020-01-03 02:34:00,108.3388,108.5036,108.2966,108.4001,2434.0
2020-01-03 02:35:00,108.5308,108.4875,108.402,108.4448,6216.0
2020-01-03 02:36:00,108.4807,108.5036,108.3174,108.4105,1379.0
2020-01-03 02:37:00,108.4193,108.459,108.3961,108.4276,3345.0
2020-01-03 02:38:00,108.2864,108.3664,108.2962,108.3313,5049.0
2020-01-03 02:39:00,108.2893,108.3775,108.2437,108.3106,149.0
2020-01-03 02:40:00,108.3569,108.4165,108.3268,108.3716,5751.0
2020-01-03 02:41:00,108.4065,108.4116,108.3631,108.3873,7310.0
2020-01-03 02:42:00,108.3807,108.4156,108.2418,108.3287,3688.0
2020-01-03 02:43:00,108.2993,108.3999,108.3023,108.3511,4146.0
2020-01-03 02:44:00,108.4731,108.4896,108.3555,108.4226,165.0
2020-01-03 02:45:00,108.2485,108.294,108.1412,108.2176,6639.0
2020-01-03 02:46:00,108.3081,108.3933,108.2736,108.3335,5470.0
2020-01-03 02:47:00,108.2455,108.3215,108.2782,108.2999,4323.0
2020-01-03 02:48:00,108.3482,108.3447,108.3401,108.3424,287.0
2020-01-03 02:49:00,108.4091,108.4841,108.4402,108.4621,5402.0
2020-01-03 02:50:00,108.3761,108.3391,108.3109,108.325,2988.0
2020-01-03 02:51:00,108.1978,108.333,108.175,108.254,4957.0
2020-01-03 02:52:00,108.2525,108.2371,108.2132,108.2252,766.0
2020-01-03 02:53:00,108.1428,108.2551,108.0384,108.1468,7679.0
2020-01-03 02:54:00,108.2922,108.3652,108.2754,108.3203,9224.0
2020-01-03 02:55:00,108.2295,108.2356,108.2336,108.2346,5238.0
2020-01-03 02:56:00,108.233,108.1977,108.1604,108.179,3952.0
2020-01-03 02:57:00,108.1399,108.2537,108.1452,108.1995,4240.0
2020-01-03 02:58:00,108.0587,108.0869,108.0716,108.0793,717.0
2020-01-03 02:59:00,108.0021,108.0606,108.0188,108.0397,892.0
2020-01-03 03:00:00,108.0695,108.0977,108.0452,108.0714,9542.0
2020-01-03 03:01:00,108.0039,108.1467,107.9296,108.0382,2544.0
2020-01-03 03:02:00,107.9404,108.052,108.0056,108.0288,4333.0
2020-01-03 03:03:00,107.9231,108.0334,107.9184,107.9759,1450.0
2020-01-03 03:04:00,107.9063,107.8277,107.8211,107.8244,2375.0
2020-01-03 03:05:00,107.8689,107.9405,107.7727,107.8566,6350.0
2020-01-03 03:06:00,108.0427,108.152,107.9122,108.0321,2306.0
2020-01-03 03:07:00,108.0198,108.0605,108.0074,108.0339,2017.0
2020-01-03 03:08:00,108.0539,108.1061,108.0068,108.0565,9413.0
2020-01-03 03:09:00,108.1042,108.1532,108.0983,108.1257,708.0
2020-01-03 03:10:00,108.0251,108.0129,107.9847,107.9988,9060.0
2020-01-03 03:11:00,108.1741,108.1919,108.1462,108.1691,883.0
2020-01-03 03:12:00,108.1307,108.2242,108.1544,108.1893,7166.0
2020-01-03 03:13:00,108.3652,108.3755,108.3295,108.3525,2489.0
2020-01-03 03:14:00,108.1562,108.2795,108.2788,108.2792,267.0
2020-01-03 03:15:00,108.4817,108.4928,108.4292,108.461,4879.0
2020-01-03 03:16:00,108.468,108.5585,108.5184,108.5385,6875.0
2020-01-03 03:17:00,108.589,108.6865,108.501,108.5938,3356.0
2020-01-03 03:18:00,108.5575,108.6682,108.5662,108.6172,2579.0
2020-01-03 03:19:00,108.5925,108.6191,108.5656,108.5923,7691.0
2020-01-03 03:20:00,108.7413,108.7639,108.6609,108.7124,9271.0
2020-01-03 03:21:00,108.8016,108.745,108.7079,108.7264,2916.0
2020-01-03 03:22:00,108.4527,108.5551,108.5043,108.5297,9082.0
2020-01-03 03:23:00,108.4668,108.4554,108.3806,108.418,1574.0
2020-01-03 03:24:00,108.406,108.4057,108.3932,108.3994,8225.0
2020-01-03 03:25:00,108.4079,108.4515,108.4093,108.4304,4101.0
2020-01-03 03:26:00,108.4628,108.4852,108.3643,108.4248,7571.0
2020-01-03 03:27:00,108.5349,108.5704,108.5229,108.5467,7840.0
2020-01-03 03:28:00,108.3874,108.3917,108.3114,108.3515,9418.0
2020-01-03 03:29:00,108.3163,108.463,108.2688,108.3659,6126.0
2020-01-03 03:30:00,108.1525,108.2067,108.1615,108.1841,4850.0
2020-01-03 03:31:00,108.3073,108.2678,108.2524,108.2601,7406.0
2020-01-03 03:32:00,108.3249,108.2732,108.2281,108.2506,9043.0
2020-01-03 03:33:00,108.2908,108.3494,108.2358,108.2926,1332.0
2020-01-03 03:34:00,108.0668,108.268,108.1444,108.2062,6181.0
2020-01-03 03:35:00,108.3242,108.366,108.3023,108.3342,9150.0
2020-01-03 03:36:00,108.4399,108.5162,108.3604,108.4383,4514.0
2020-01-03 03:37:00,108.485,108.5306,108.4627,108.4967,3960.0
2020-01-03 03:38:00,108.5005,108.4887,108.4788,108.4837,4828.0
2020-01-03 03:39:00,108.5179,108.5437,108.5397,108.5417,7745.0
2020-01-03 03:40:00,108.513,108.4842,108.4578,108.471,2799.0
2020-01-03 03:41:00,108.4982,108.6293,108.4839,108.5566,7379.0
2020-01-03 03:42:00,108.7834,108.7271,108.716,108.7215,8174.0
2020-01-03 03:43:00,108.9061,108.8999,108.7573,108.8286,5145.0
2020-01-03 03:44:00,108.71,108.7735,108.7377,108.7556,2100.0
2020-01-03 03:45:00,108.7461,108.8982,108.6853,108.7918,6106.0
2020-01-03 03:46:00,108.683,108.755,108.5699,108.6625,339.0
2020-01-03 03:47:00,108.6603,108.7606,108.6788,108.7197,7539.0
2020-01-03 03:48:00,108.7401,108.7921,108.7374,108.7648,2290.0
2020-01-03 03:49:00,108.6329,108.6272,108.5284,108.5778,4314.0
2020-01-03 03:50:00,108.4985,108.5251,108.3981,108.4616,4791.0
2020-01-03 03:51:00,108.5323,108.4497,108.4169,108.4333,2115.0
2020-01-03 03:52:00,108.4117,108.4468,108.3596,108.4032,5470.0
2020-01-03 03:53:00,108.2517,108.2906,108.2739,108.2823,262.0
2020-01-03 03:54:00,108.3237,108.4551,108.1872,108.3211,4849.0
2020-01-03 03:55:00,108.3388,108.3765,108.3161,108.3463,8641.0
2020-01-03 03:56:00,108.32,108.4141,108.2396,108.3269,130.0
2020-01-03 03:57:00,108.2501,108.2544,108.2482,108.2513,6701.0
2020-01-03 03:58:00,108.3096,108.4389,108.2734,108.3562,8105.0
2020-01-03 03:59:00,108.5358,108.5458,108.4976,108.5217,2275.0
2020-01-03 04:00:00,108.4029,108.4891,108.4576,108.4733,2926.0
2020-01-03 04:01:00,108.3763,108.4647,108.3596,108.4121,3719.0
2020-01-03 04:02:00,108.4553,108.5074,108.4151,108.4612,5165.0
2020-01-03 04:03:00,108.3125,108.4267,108.4242,108.4254,947.0
2020-01-03 04:04:00,108.45,108.429,108.394,108.4115,891.0
2020-01-03 04:05:00,108.3828,108.609,108.3619,108.4855,7992.0
2020-01-03 04:06:00,108.328,108.3472,108.2419,108.2945,608.0
2020-01-03 04:07:00,108.3617,108.4511,108.4016,108.4264,7179.0
2020-01-03 04:08:00,108.4134,108.5002,108.367,108.4336,8077.0
2020-01-03 04:09:00,108.4184,108.4395,108.3454,108.3925,4432.0
2020-01-03 04:10:00,108.4935,108.3847,108.3824,108.3836,7875.0
2020-01-03 04:11:00,108.3856,108.4406,108.319,108.3798,9304.0
2020-01-03 04:12:00,108.1076,108.2286,108.1848,108.2067,3124.0
2020-01-03 04:13:00,108.4039,108.3563,108.3561,108.3562,3170.0
2020-01-03 04:14:00,108.3487,108.3679,108.3527,108.3603,1174.0
2020-01-03 04:15:00,108.4081,108.4287,108.3805,108.4046,6068.0
2020-01-03 04:16:00,108.5277,108.5204,108.4791,108.4998,568.0
2020-01-03 04:17:00,108.2864,108.4403,108.355,108.3976,2015.0
2020-01-03 04:18:00,108.4453,108.4755,108.4145,108.445,4583.0
2020-01-03 04:19:00,108.3977,108.4255,108.411,108.4182,7329.0
2020-01-03 04:20:00,108.564,108.5046,108.5012,108.5029,7420.0
2020-01-03 04:21:00,108.3265,108.3447,108.2357,108.2902,835.0
2020-01-03 04:22:00,108.1989,108.286,108.2746,108.2803,8233.0
2020-01-03 04:23:00,108.2831,108.2207,108.2192,108.22,8269.0
2020-01-03 04:24:00,108.2857,108.2932,108.2332,108.2632,5148.0
2020-01-03 04:25:00,108.2329,108.3318,108.2887,108.3102,5921.0
2020-01-03 04:26:00,108.2423,108.257,108.222,108.2395,5776.0
2020-01-03 04:27:00,108.22,108.2133,108.1232,108.1682,4577.0
2020-01-03 04:28:00,108.0965,108.1861,108.1282,108.1572,195.0
2020-01-03 04:29:00,108.1364,108.0904,108.0446,108.0675,9203.0
2020-01-03 04:30:00,108.0761,108.1913,108.1121,108.1517,4488.0
2020-01-03 04:31:00,108.0752,108.1274,108.1022,108.1148,4536.0
2020-01-03 04:32:00,107.777,107.8694,107.7788,107.8241,9010.0
2020-01-03 04:33:00,107.8555,107.8519,107.7213,107.7866,6781.0
2020-01-03 04:34:00,107.6582,107.7677,107.5978,107.6828,9665.0
2020-01-03 04:35:00,107.4615,107.5588,107.4804,107.5196,7115.0
2020-01-03 04:36:00,107.4181,107.4591,107.3326,107.3959,7474.0
2020-01-03 04:37:00,107.4399,107.5011,107.3125,107.4068,5155.0
2020-01-03 04:38:00,107.5731,107.6169,107.4625,107.5397,7758.0
2020-01-03 04:39:00,107.5574,107.6286,107.5134,107.571,7102.0
2020-01-03 04:40:00,107.5231,107.5144,107.5063,107.5104,6110.0
2020-01-03 04:41:00,107.5234,107.5743,107.5376,107.556,3781.0
2020-01-03 04:42:00,107.5938,107.5193,107.5008,107.51,7290.0
2020-01-03 04:43:00,107.4978,107.4722,107.409,107.4406,2909.0
2020-01-03 04:44:00,107.3793,107.3704,107.2799,107.3251,6135.0
2020-01-03 04:45:00,107.1897,107.1908,107.1092,107.15,6226.0
2020-01-03 04:46:00,107.137,107.1435,107.0785,107.111,8796.0
2020-01-03 04:47:00,107.0646,107.2121,107.0414,107.1268,6228.0
2020-01-03 04:48:00,107.1488,107.1463,107.0879,107.1171,6078.0
2020-01-03 04:49:00,107.0812,107.2276,106.9235,107.0755,4160.0
2020-01-03 04:50:00,107.0441,107.0293,106.9325,106.9809,3084.0
2020-01-03 04:51:00,107.0821,107.0992,106.9844,107.0418,2896.0
2020-01-03 04:52:00,106.9376,106.9394,106.8808,106.9101,5544.0
2020-01-03 04:53:00,106.9034,107.0131,106.9622,106.9877,5031.0
2020-01-03 04:54:00,106.883,106.9202,106.8547,106.8874,4026.0
2020-01-03 04:55:00,106.7843,106.8686,106.7557,106.8122,8056.0
2020-01-03 04:56:00,106.6781,106.6755,106.6555,106.6655,3908.0
2020-01-03 04:57:00,106.5946,106.7148,106.5159,106.6154,8780.0
2020-01-03 04:58:00,106.6991,106.7424,106.6834,106.7129,7411.0
2020-01-03 04:59:00,106.7874,106.7762,106.7528,106.7645,7043.0
2020-01-03 05:00:00,106.8407,106.8746,106.85,106.8623,2813.0
2020-01-03 05:01:00,106.9206,106.9706,106.8584,106.9145,9542.0
2020-01-03 05:02:00,106.7282,106.8184,106.7899,106.8042,6218.0
2020-01-03 05:03:00,106.7295,106.7792,106.763,106.7711,5813.0
2020-01-03 05:04:00,106.7259,106.7147,106.6715,106.6931,1514.0
2020-01-03 05:05:00,106.7646,106.9482,106.7041,106.8261,9283.0
2020-01-03 05:06:00,106.7687,106.7484,106.6645,106.7064,6331.0
2020-01-03 05:07:00,106.8445,106.8548,106.7368,106.7958,8691.0
2020-01-03 05:08:00,106.8717,106.9279,106.8423,106.8851,4155.0
2020-01-03 05:09:00,107.218,107.0688,107.0674,107.0681,4199.0
2020-01-03 05:10:00,107.0892,107.0704,106.9838,107.0271,5392.0
2020-01-03 05:11:00,107.0509,107.1367,107.0599,107.0983,9859.0
2020-01-03 05:12:00,107.3638,107.3524,107.3006,107.3265,3917.0
2020-01-03 05:13:00,107.268,107.354,107.1754,107.2647,6582.0
2020-01-03 05:14:00,107.0724,107.1614,107.0611,107.1112,5425.0
2020-01-03 05:15:00,106.8697,106.9973,106.8491,106.9232,9417.0
2020-01-03 05:16:00,107.0442,107.0618,106.9272,106.9945,6301.0
2020-01-03 05:17:00,106.7763,106.8371,106.7753,106.8062,6000.0
2020-01-03 05:18:00,106.7639,106.8082,106.7296,106.7689,3423.0
2020-01-03 05:19:00,106.7666,106.8421,106.7832,106.8127,7746.0
2020-01-03 05:20:00,106.7938,106.8395,106.8228,106.8312,2703.0
2020-01-03 05:21:00,106.8674,106.9468,106.8007,106.8737,1665.0
2020-01-03 05:22:00,106.9154,106.9265,106.8654,106.896,9210.0
2020-01-03 05:23:00,106.8944,107.0292,107.0185,107.0239,4719.0
2020-01-03 05:24:00,106.9295,106.966,106.8913,106.9286,1415.0
2020-01-03 05:25:00,106.8236,106.927,106.7949,106.8609,7467.0
2020-01-03 05:26:00,106.8538,106.9385,106.6288,106.7837,4219.0
2020-01-03 05:27:00,107.0138,106.8681,106.8652,106.8667,1754.0
2020-01-03 05:28:00,106.9388,106.9638,106.9496,106.9567,3558.0
2020-01-03 05:29:00,106.9157,107.0647,106.939,107.0018,9905.0
2020-01-03 05:30:00,107.126,107.1659,107.0744,107.1202,341.0
2020-01-03 05:31:00,106.9921,107.0043,107.0005,107.0024,4398.0
2020-01-03 05:32:00,107.2677,107.1756,107.1626,107.1691,4432.0
2020-01-03 05:33:00,107.4048,107.3966,107.2462,107.3214,9242.0
2020-01-03 05:34:00,107.4383,107.4228,107.3672,107.395,3169.0
2020-01-03 05:35:00,107.5438,107.599,107.5473,107.5732,8585.0
2020-01-03 05:36:00,107.4414,107.4297,107.3853,107.4075,4405.0
2020-01-03 05:37:00,107.3683,107.4161,107.294,107.3551,9079.0
2020-01-03 05:38:00,107.2936,107.2876,107.2755,107.2815,1732.0
2020-01-03 05:39:00,107.2758,107.423,107.2843,107.3537,3173.0
2020-01-03 05:40:00,107.3018,107.3015,107.1958,107.2487,4170.0
2020-01-03 05:41:00,107.3298,107.3962,107.2526,107.3244,2376.0
2020-01-03 05:42:00,107.4564,107.5064,107.4166,107.4615,9783.0
2020-01-03 05:43:00,107.501,107.5392,107.5228,107.531,2701.0
2020-01-03 05:44:00,107.5197,107.6116,107.5071,107.5594,8677.0
2020-01-03 05:45:00,107.4764,107.632,107.2891,107.4606,7782.0
2020-01-03 05:46:00,107.2884,107.3817,107.3701,107.3759,627.0
2020-01-03 05:47:00,107.5403,107.5664,107.4353,107.5009,1511.0
2020-01-03 05:48:00,107.5261,107.6081,107.5495,107.5788,5185.0
2020-01-03 05:49:00,107.472,107.6062,107.5436,107.5749,4297.0
2020-01-03 05:50:00,107.6242,107.6133,107.4529,107.5331,489.0
2020-01-03 05:51:00,107.2876,107.339,107.322,107.3305,9517.0
2020-01-03 05:52:00,107.1873,107.2425,107.2044,107.2234,3738.0
2020-01-03 05:53:00,107.4713,107.4913,107.3378,107.4146,3892.0
2020-01-03 05:54:00,107.3793,107.352,107.221,107.2865,940.0
2020-01-03 05:55:00,107.2288,107.3487,107.2622,107.3055,9669.0
2020-01-03 05:56:00,107.3584,107.5144,107.2981,107.4062,5812.0
2020-01-03 05:57:00,107.2366,107.3268,107.2347,107.2807,334.0
2020-01-03 05:58:00,107.3459,107.3345,107.2639,107.2992,213.0
2020-01-03 05:59:00,107.4749,107.4058,107.3802,107.393,6179.0
2020-01-03 06:00:00,107.3402,107.4808,107.3077,107.3942,3238.0
2020-01-03 06:01:00,107.7518,107.7199,107.6422,107.6811,908.0
2020-01-03 06:02:00,107.4788,107.5726,107.4559,107.5142,5259.0
2020-01-03 06:03:00,107.6369,107.7208,107.5193,107.6201,8000.0
2020-01-03 06:04:00,107.5392,107.603,107.6027,107.6028,510.0
2020-01-03 06:05:00,107.6739,107.7199,107.6401,107.68,1418.0
2020-01-03 06:06:00,107.7186,107.8554,107.5929,107.7241,5784.0
2020-01-03 06:07:00,107.6351,107.6593,107.6424,107.6508,5003.0
2020-01-03 06:08:00,107.693,107.7384,107.609,107.6737,9879.0
2020-01-03 06:09:00,107.4376,107.5664,107.4095,107.4879,9352.0
2020-01-03 06:10:00,107.5041,107.5748,107.5218,107.5483,166.0
2020-01-03 06:11:00,107.6,107.5829,107.5732,107.5781,6646.0
2020-01-03 06:12:00,107.709,107.6873,107.5965,107.6419,2353.0
2020-01-03 06:13:00,107.7466,107.7689,107.7266,107.7478,8632.0
2020-01-03 06:14:00,107.8097,107.7954,107.7736,107.7845,8287.0
2020-01-03 06:15:00,107.8372,107.811,107.7876,107.7993,6053.0
2020-01-03 06:16:00,107.7527,107.804,107.6185,107.7112,1055.0
2020-01-03 06:17:00,107.5923,107.6589,107.6211,107.64,4404.0
2020-01-03 06:18:00,107.7198,107.7826,107.7347,107.7587,5733.0
2020-01-03 06:19:00,107.8678,107.9293,107.8753,107.9023,2110.0
2020-01-03 06:20:00,107.9749,107.9091,107.8479,107.8785,6919.0
2020-01-03 06:21:00,107.9085,107.8872,107.8789,107.8831,1988.0
2020-01-03 06:22:00,107.8158,107.8087,107.7766,107.7926,468.0
2020-01-03 06:23:00,107.9282,107.9182,107.9016,107.9099,1862.0
2020-01-03 06:24:00,107.9104,108.0343,107.9186,107.9764,1093.0
2020-01-03 06:25:00,108.2675,108.2269,108.1143,108.1706,8373.0
2020-01-03 06:26:00,108.1067,108.0948,108.0707,108.0827,1287.0
2020-01-03 06:27:00,108.0811,108.0833,108.0065,108.0449,476.0
2020-01-03 06:28:00,107.9798,108.0778,108.0583,108.0681,102.0
2020-01-03 06:29:00,108.1717,108.1344,108.131,108.1327,783.0
2020-01-03 06:30:00,108.0934,108.1348,108.0875,108.1112,3827.0
2020-01-03 06:31:00,107.9577,108.0329,108.0148,108.0239,863.0
2020-01-03 06:32:00,108.0643,108.1791,108.0449,108.112,8557.0
2020-01-03 06:33:00,108.1209,108.1887,108.1795,108.1841,2582.0
2020-01-03 06:34:00,108.0284,108.0993,108.0857,108.0925,824.0
2020-01-03 06:35:00,108.2311,108.3004,108.1557,108.228,2940.0
2020-01-03 06:36:00,108.3257,108.3605,108.3296,108.3451,5446.0
2020-01-03 06:37:00,108.3752,108.3706,108.3464,108.3585,2523.0
2020-01-03 06:38:00,108.4502,108.4079,108.325,108.3664,5481.0
2020-01-03 06:39:00,108.4154,108.4229,108.4208,108.4219,2575.0
2020-01-03 06:40:00,108.2234,108.3571,108.3142,108.3357,5227.0
2020-01-03 06:41:00,108.3266,108.3427,108.3347,108.3387,6149.0
2020-01-03 06:42:00,108.1831,108.1295,108.1174,108.1234,9356.0
2020-01-03 06:43:00,108.2068,108.2589,108.1633,108.2111,6097.0
2020-01-03 06:44:00,108.1314,108.0749,108.035,108.0549,7524.0
2020-01-03 06:45:00,108.2279,108.2092,108.2014,108.2053,6886.0
2020-01-03 06:46:00,108.0804,108.2315,108.1131,108.1723,6807.0
2020-01-03 06:47:00,108.1566,108.1639,108.1383,108.1511,5438.0
2020-01-03 06:48:00,108.1032,108.1214,108.0552,108.0883,2391.0
2020-01-03 06:49:00,108.1135,108.0795,108.0396,108.0595,5134.0
2020-01-03 06:50:00,108.2924,108.2868,108.116,108.2014,4498.0
2020-01-03 06:51:00,107.998,107.9984,107.9068,107.9526,4565.0
2020-01-03 06:52:00,108.1023,108.1077,108.0529,108.0803,5046.0
2020-01-03 06:53:00,108.1479,108.1504,108.0778,108.1141,8338.0
2020-01-03 06:54:00,107.985,108.0654,107.9214,107.9934,3761.0
2020-01-03 06:55:00,107.8127,107.9396,107.8321,107.8859,2664.0
2020-01-03 06:56:00,108.0556,108.0818,108.0252,108.0535,3425.0
2020-01-03 06:57:00,107.9772,108.0124,107.9055,107.959,5027.0
2020-01-03 06:58:00,107.7834,107.8977,107.7895,107.8436,855.0
2020-01-03 06:59:00,108.0237,108.0325,107.8822,107.9574,1552.0
2020-01-03 07:00:00,108.0415,107.9991,107.9834,107.9912,6279.0
2020-01-03 07:01:00,107.8288,107.9008,107.894,107.8974,1004.0
2020-01-03 07:02:00,107.9874,107.9463,107.8919,107.9191,2554.0
2020-01-03 07:03:00,107.8011,107.8578,107.7752,107.8165,3587.0
2020-01-03 07:04:00,107.8877,108.0197,107.8334,107.9266,4160.0
2020-01-03 07:05:00,108.0867,108.0595,108.006,108.0327,5904.0
2020-01-03 07:06:00,108.0834,108.1102,108.0617,108.0859,9070.0
2020-01-03 07:07:00,108.217,108.2039,108.0403,108.1221,1890.0
2020-01-03 07:08:00,108.2556,108.3729,108.2235,108.2982,7588.0
2020-01-03 07:09:00,108.2116,108.3661,108.2302,108.2982,7836.0
2020-01-03 07:10:00,108.166,108.2094,108.1506,108.18,1701.0
2020-01-03 07:11:00,108.2644,108.2703,108.1795,108.2249,3943.0
2020-01-03 07:12:00,108.3872,108.4658,108.4012,108.4335,6367.0
2020-01-03 07:13:00,108.2656,108.3875,108.2767,108.3321,3775.0
2020-01-03 07:14:00,108.3074,108.33,108.2618,108.2959,1105.0
2020-01-03 07:15:00,108.2644,108.3521,108.3231,108.3376,331.0
2020-01-03 07:16:00,108.3475,108.4488,108.2155,108.3322,6676.0
2020-01-03 07:17:00,108.2169,108.2541,108.2137,108.2339,4686.0
2020-01-03 07:18:00,108.3708,108.3532,108.3391,108.3461,2233.0
2020-01-03 07:19:00,108.5089,108.621,108.5353,108.5781,1790.0
2020-01-03 07:20:00,108.6627,108.635,108.5605,108.5977,1323.0
2020-01-03 07:21:00,108.4982,108.5486,108.466,108.5073,5070.0
2020-01-03 07:22:00,108.3906,108.421,108.2839,108.3524,2303.0
2020-01-03 07:23:00,108.4262,108.3791,108.3773,108.3782,9189.0
2020-01-03 07:24:00,108.4308,108.5169,108.4604,108.4886,7982.0
2020-01-03 07:25:00,108.5803,108.6119,108.4604,108.5361,8443.0
2020-01-03 07:26:00,108.4646,108.6538,108.418,108.5359,1451.0
2020-01-03 07:27:00,108.4085,108.5409,108.413,108.477,271.0
2020-01-03 07:28:00,108.466,108.3705,108.365,108.3678,5624.0
2020-01-03 07:29:00,108.5068,108.473,108.4295,108.4512,1529.0
2020-01-03 07:30:00,108.6463,108.584,108.5012,108.5426,8108.0
2020-01-03 07:31:00,108.3695,108.4258,108.3503,108.388,4957.0
2020-01-03 07:32:00,108.5521,108.5715,108.5226,108.547,5917.0
2020-01-03 07:33:00,108.6308,108.7237,108.4852,108.6044,3533.0
2020-01-03 07:34:00,108.7438,108.7946,108.6942,108.7444,3299.0
2020-01-03 07:35:00,108.5729,108.6735,108.5469,108.6102,1459.0
2020-01-03 07:36:00,108.4288,108.4832,108.464,108.4736,5973.0
2020-01-03 07:37:00,108.4694,108.4887,108.4287,108.4587,8984.0
2020-01-03 07:38:00,108.4556,108.548,108.4699,108.509,7532.0
2020-01-03 07:39:00,108.6339,108.713,108.6642,108.6886,199.0
2020-01-03 07:40:00,108.7789,108.8619,108.6566,108.7592,3542.0
2020-01-03 07:41:00,108.7302,108.7712,108.6987,108.735,3149.0
2020-01-03 07:42:00,108.6792,108.6603,108.6043,108.6323,8719.0
2020-01-03 07:43:00,108.7341,108.7641,108.7465,108.7553,686.0
2020-01-03 07:44:00,108.6298,108.6654,108.6523,108.6588,355.0
2020-01-03 07:45:00,108.8429,108.8398,108.8036,108.8217,1573.0
2020-01-03 07:46:00,108.7527,108.794,108.7925,108.7933,820.0
2020-01-03 07:47:00,108.9194,108.9814,108.9232,108.9523,2100.0
2020-01-03 07:48:00,108.9893,109.1184,108.922,109.0202,3107.0
2020-01-03 07:49:00,108.996,109.0353,108.9777,109.0065,8046.0
2020-01-03 07:50:00,109.0432,109.0032,108.9059,108.9546,4602.0
2020-01-03 07:51:00,108.8516,108.9438,108.8972,108.9205,6290.0
2020-01-03 07:52:00,109.0281,109.0088,108.9178,108.9633,5212.0
2020-01-03 07:53:00,109.0079,109.0179,108.9241,108.971,1831.0
2020-01-03 07:54:00,108.99,108.9495,108.8738,108.9116,5001.0
2020-01-03 07:55:00,109.0519,108.9018,108.8884,108.8951,2277.0
2020-01-03 07:56:00,108.9745,108.929,108.8768,108.9029,1680.0
2020-01-03 07:57:00,108.7363,108.7274,108.6527,108.6901,3326.0
2020-01-03 07:58:00,108.6703,108.8113,108.6605,108.7359,9285.0
2020-01-03 07:59:00,108.5786,108.6875,108.5883,108.6379,4690.0
2020-01-03 08:00:00,108.5406,108.5313,108.5138,108.5226,1952.0
2020-01-03 08:01:00,108.2689,108.4162,108.2915,108.3538,181.0
2020-01-03 08:02:00,108.2052,108.2158,108.1331,108.1744,3950.0
2020-01-03 08:03:00,107.9322,108.0823,107.9956,108.0389,3112.0
2020-01-03 08:04:00,108.0256,107.9702,107.9658,107.968,2816.0
2020-01-03 08:05:00,108.1472,108.2167,108.11,108.1633,7292.0
2020-01-03 08:06:00,108.1171,108.1281,108.0933,108.1107,7601.0
2020-01-03 08:07:00,108.0911,108.2411,108.0159,108.1285,5401.0
2020-01-03 08:08:00,108.0736,108.178,108.1591,108.1686,1555.0
2020-01-03 08:09:00,108.2434,108.1895,108.1739,108.1817,9489.0
2020-01-03 08:10:00,108.2407,108.1852,108.1627,108.1739,7052.0
2020-01-03 08:11:00,108.0368,108.0858,108.023,108.0544,3212.0
2020-01-03 08:12:00,108.2326,108.2104,108.1886,108.1995,6688.0
2020-01-03 08:13:00,108.3607,108.3835,108.3769,108.3802,7662.0
2020-01-03 08:14:00,108.2264,108.2132,108.2107,108.2119,8207.0
2020-01-03 08:15:00,108.1475,108.1302,108.0889,108.1095,9603.0
2020-01-03 08:16:00,108.1093,108.103,108.0601,108.0816,8852.0
2020-01-03 08:17:00,108.0522,108.0094,107.9608,107.9851,5481.0
2020-01-03 08:18:00,108.0616,108.1047,107.9667,108.0357,2204.0
2020-01-03 08:19:00,107.9643,107.9908,107.9349,107.9629,2153.0
2020-01-03 08:20:00,108.1413,108.2207,108.138,108.1794,7826.0
2020-01-03 08:21:00,108.2745,108.3597,108.2371,108.2984,9890.0
2020-01-03 08:22:00,108.3602,108.346,108.2934,108.3197,1044.0
2020-01-03 08:23:00,108.3473,108.4688,108.376,108.4224,8185.0
2020-01-03 08:24:00,108.5883,108.6119,108.454,108.533,8870.0
2020-01-03 08:25:00,108.4625,108.4868,108.4664,108.4766,9206.0
2020-01-03 08:26:00,108.354,108.4041,108.3858,108.395,8453.0
2020-01-03 08:27:00,108.3478,108.4867,108.3189,108.4028,7564.0
2020-01-03 08:28:00,108.5227,108.5353,108.4426,108.4889,5836.0
2020-01-03 08:29:00,108.5021,108.5344,108.4713,108.5028,874.0
2020-01-03 08:30:00,108.4246,108.3638,108.3265,108.3451,156.0
2020-01-03 08:31:00,108.2017,108.2732,108.2565,108.2649,6771.0
2020-01-03 08:32:00,108.2286,108.2802,108.2348,108.2575,7326.0
2020-01-03 08:33:00,108.2453,108.3008,108.199,108.2499,9481.0
2020-01-03 08:34:00,108.4096,108.4652,108.4292,108.4472,4144.0
2020-01-03 08:35:00,108.3089,108.32,108.2971,108.3086,645.0
2020-01-03 08:36:00,108.3751,108.3732,108.345,108.3591,3080.0
2020-01-03 08:37:00,108.5323,108.5442,108.4718,108.508,5006.0
2020-01-03 08:38:00,108.8105,108.7644,108.7059,108.7352,9705.0
2020-01-03 08:39:00,108.6296,108.7534,108.636,108.6947,6495.0
2020-01-03 08:40:00,108.7608,108.7965,108.6913,108.7439,5598.0
2020-01-03 08:41:00,108.7685,108.8497,108.752,108.8009,3488.0
2020-01-03 08:42:00,108.8419,108.823,108.8178,108.8204,3303.0
2020-01-03 08:43:00,108.8321,108.8491,108.7719,108.8105,1512.0
2020-01-03 08:44:00,108.8048,108.8984,108.8099,108.8541,671.0
2020-01-03 08:45:00,108.5558,108.6061,108.5956,108.6009,1840.0
2020-01-03 08:46:00,108.6947,108.7443,108.5938,108.6691,4027.0
2020-01-03 08:47:00,108.6829,108.7321,108.6313,108.6817,447.0
2020-01-03 08:48:00,108.6485,108.7622,108.5568,108.6595,944.0
2020-01-03 08:49:00,108.8971,108.8871,108.8412,108.8642,2765.0
2020-01-03 08:50:00,108.8332,108.834,108.7593,108.7967,4692.0
2020-01-03 08:51:00,108.7299,108.7773,108.7354,108.7564,6069.0
2020-01-03 08:52:00,108.9129,108.9839,108.9271,108.9555,6174.0
2020-01-03 08:53:00,108.8092,108.922,108.8226,108.8723,3690.0
2020-01-03 08:54:00,108.819,108.8236,108.8109,108.8173,8834.0
2020-01-03 08:55:00,108.7314,108.8514,108.7538,108.8026,315.0
2020-01-03 08:56:00,108.8916,108.9886,108.7847,108.8867,6713.0
2020-01-03 08:57:00,108.9683,108.9603,108.8546,108.9074,1469.0
2020-01-03 08:58:00,108.7605,108.7864,108.77,108.7782,8577.0
2020-01-03 08:59:00,108.6981,108.7414,108.7085,108.725,8152.0
2020-01-03 09:00:00,108.7641,108.7098,108.6186,108.6642,3159.0
2020-01-03 09:01:00,108.732,108.6695,108.6435,108.6565,150.0
2020-01-03 09:02:00,108.6609,108.7303,108.6679,108.6991,5638.0
2020-01-03 09:03:00,108.7479,108.7548,108.7271,108.7409,1825.0
2020-01-03 09:04:00,108.5797,108.6145,108.5121,108.5633,4666.0
2020-01-03 09:05:00,108.6799,108.7151,108.6243,108.6697,9691.0
2020-01-03 09:06:00,108.7857,108.7448,108.6451,108.695,7957.0
2020-01-03 09:07:00,108.8378,108.8863,108.7805,108.8334,7926.0
2020-01-03 09:08:00,108.8897,108.8984,108.8573,108.8778,1429.0
2020-01-03 09:09:00,109.0224,108.9893,108.9866,108.988,4633.0
2020-01-03 09:10:00,109.0941,109.0675,109.0017,109.0346,3422.0
2020-01-03 09:11:00,109.2161,109.2213,109.1172,109.1692,2998.0
2020-01-03 09:12:00,109.2484,109.2388,109.2041,109.2215,9040.0
2020-01-03 09:13:00,109.1337,109.232,109.1914,109.2117,623.0
2020-01-03 09:14:00,109.4145,109.5022,109.3756,109.4389,8946.0
2020-01-03 09:15:00,109.5688,109.5862,109.4695,109.5278,4701.0
2020-01-03 09:16:00,109.5977,109.7262,109.4442,109.5852,3053.0
2020-01-03 09:17:00,109.4989,109.4993,109.4159,109.4576,3289.0
2020-01-03 09:18:00,109.4231,109.3754,109.282,109.3287,2208.0
2020-01-03 09:19:00,109.2992,109.3796,109.3364,109.358,1304.0
2020-01-03 09:20:00,109.4295,109.4362,109.3089,109.3726,4139.0
2020-01-03 09:21:00,109.2946,109.3143,109.308,109.3111,4182.0
2020-01-03 09:22:00,109.372,109.3284,109.3221,109.3252,6556.0
2020-01-03 09:23:00,109.482,109.5011,109.4671,109.4841,8556.0
2020-01-03 09:24:00,109.66,109.713,109.3943,109.5536,5248.0
2020-01-03 09:25:00,109.446,109.5068,109.3723,109.4395,3434.0
2020-01-03 09:26:00,109.3964,109.4635,109.3933,109.4284,811.0
2020-01-03 09:27:00,109.3689,109.3935,109.3023,109.3479,9204.0
2020-01-03 09:28:00,109.3253,109.3163,109.3019,109.3091,5810.0
2020-01-03 09:29:00,109.3247,109.3084,109.2271,109.2678,9737.0
2020-01-03 09:30:00,109.2424,109.2611,109.1789,109.22,431.0
2020-01-03 09:31:00,109.2182,109.1015,109.0875,109.0945,8259.0
2020-01-03 09:32:00,109.0762,109.1379,109.0255,109.0817,3934.0
2020-01-03 09:33:00,109.0207,109.0297,109.0216,109.0257,8443.0
2020-01-03 09:34:00,108.7025,108.7752,108.6902,108.7327,8999.0
2020-01-03 09:35:00,108.9423,108.9456,108.9305,108.938,7310.0
2020-01-03 09:36:00,109.0584,109.0898,109.0039,109.0469,8712.0
2020-01-03 09:37:00,109.0233,109.0106,109.0079,109.0093,5904.0
2020-01-03 09:38:00,109.0145,109.0487,108.9736,109.0111,7757.0
2020-01-03 09:39:00,108.8635,108.8966,108.8913,108.894,7833.0
2020-01-03 09:40:00,109.0195,109.0831,109.044,109.0635,352.0
2020-01-03 09:41:00,109.2345,109.2634,109.2431,109.2533,9290.0
2020-01-03 09:42:00,109.326,109.3038,109.2341,109.2689,5927.0
2020-01-03 09:43:00,109.4391,109.4267,109.3159,109.3713,3655.0
2020-01-03 09:44:00,109.385,109.4019,109.3758,109.3888,8584.0
2020-01-03 09:45:00,109.2081,109.321,109.1893,109.2552,9532.0
2020-01-03 09:46:00,109.2099,109.2427,109.1853,109.214,8460.0
2020-01-03 09:47:00,109.3318,109.2301,109.2243,109.2272,7907.0
2020-01-03 09:48:00,109.2317,109.2137,109.1497,109.1817,7652.0
2020-01-03 09:49:00,109.1874,109.1825,109.1372,109.1598,136.0
2020-01-03 09:50:00,109.1988,109.1884,109.113,109.1507,1544.0
2020-01-03 09:51:00,109.2196,109.2438,109.0414,109.1426,6122.0
2020-01-03 09:52:00,109.0902,109.2255,109.0702,109.1478,4491.0
2020-01-03 09:53:00,109.0222,109.092,108.9915,109.0418,6678.0
2020-01-03 09:54:00,108.9436,109.0453,108.8948,108.9701,8004.0
2020-01-03 09:55:00,108.871,108.8617,108.8215,108.8416,7893.0
2020-01-03 09:56:00,108.9474,108.957,108.9218,108.9394,6777.0
2020-01-03 09:57:00,108.7667,108.7787,108.679,108.7288,7566.0
2020-01-03 09:58:00,108.8189,108.8617,108.8267,108.8442,6817.0
2020-01-03 09:59:00,109.0514,108.9929,108.9728,108.9828,7961.0
2020-01-03 10:00:00,108.9492,109.0581,108.8471,108.9526,9214.0
2020-01-03 10:01:00,108.727,108.7235,108.6611,108.6923,7283.0
2020-01-03 10:02:00,108.7159,108.7282,108.5842,108.6562,6520.0
2020-01-03 10:03:00,108.7055,108.6674,108.6321,108.6498,4844.0
2020-01-03 10:04:00,108.5667,108.5817,108.5156,108.5487,4478.0
2020-01-03 10:05:00,108.5381,108.5371,108.4572,108.4972,1762.0
2020-01-03 10:06:00,108.7373,108.6785,108.6219,108.6502,1098.0
2020-01-03 10:07:00,108.7424,108.7185,108.7149,108.7167,4402.0
2020-01-03 10:08:00,108.5877,108.6375,108.6109,108.6242,7930.0
2020-01-03 10:09:00,108.4936,108.4943,108.4346,108.4645,2624.0
2020-01-03 10:10:00,108.4299,108.4731,108.3905,108.4318,6835.0
2020-01-03 10:11:00,108.293,108.4484,108.3724,108.4104,230.0
2020-01-03 10:12:00,108.4831,108.4712,108.4488,108.46,3116.0
2020-01-03 10:13:00,108.4123,108.4105,108.4025,108.4065,1286.0
2020-01-03 10:14:00,108.5155,108.4717,108.4437,108.4577,4394.0
2020-01-03 10:15:00,108.6137,108.6644,108.6379,108.6512,8235.0
2020-01-03 10:16:00,108.6574,108.8042,108.6613,108.7327,4934.0
2020-01-03 10:17:00,108.7364,108.7922,108.6636,108.7279,7315.0
2020-01-03 10:18:00,108.7286,108.7157,108.7035,108.7096,8089.0
2020-01-03 10:19:00,108.6786,108.6841,108.6638,108.6739,9809.0
2020-01-03 10:20:00,108.793,108.8135,108.7705,108.792,4298.0
2020-01-03 10:21:00,108.6758,108.7411,108.7174,108.7293,105.0
2020-01-03 10:22:00,108.7268,108.7721,108.6954,108.7338,810.0
2020-01-03 10:23:00,108.7215,108.7658,108.712,108.7389,8303.0
2020-01-03 10:24:00,108.7424,108.7246,108.6528,108.6887,2250.0
2020-01-03 10:25:00,108.5704,108.619,108.4839,108.5515,6942.0
2020-01-03 10:26:00,108.5699,108.628,108.5396,108.5838,4622.0
2020-01-03 10:27:00,108.6639,108.5857,108.5697,108.5777,5908.0
2020-01-03 10:28:00,108.6143,108.6838,108.5716,108.6277,5050.0
2020-01-03 10:29:00,108.6022,108.6577,108.491,108.5743,3382.0
2020-01-03 10:30:00,108.6881,108.7083,108.6845,108.6964,7992.0
2020-01-03 10:31:00,108.6903,108.6324,108.5851,108.6087,5653.0
2020-01-03 10:32:00,108.7843,108.8668,108.6931,108.78,3704.0
2020-01-03 10:33:00,108.611,108.6221,108.5883,108.6052,7254.0
2020-01-03 10:34:00,108.6417,108.6561,108.6412,108.6487,7239.0
2020-01-03 10:35:00,108.706,108.772,108.6205,108.6962,4082.0
2020-01-03 10:36:00,108.6766,108.6393,108.594,108.6167,277.0
2020-01-03 10:37:00,108.7014,108.684,108.6342,108.6591,4613.0
2020-01-03 10:38:00,108.7884,108.9216,108.6525,108.787,8845.0
2020-01-03 10:39:00,108.6504,108.5938,108.5369,108.5654,7874.0
2020-01-03 10:40:00,108.6593,108.6374,108.5939,108.6156,341.0
2020-01-03 10:41:00,108.3444,108.41,108.3226,108.3663,9671.0
2020-01-03 10:42:00,108.2007,108.3336,108.2059,108.2697,9888.0
2020-01-03 10:43:00,108.4119,108.4513,108.414,108.4327,8128.0
2020-01-03 10:44:00,108.3952,108.4107,108.3382,108.3745,7495.0
2020-01-03 10:45:00,108.287,108.2924,108.2217,108.2571,1400.0
2020-01-03 10:46:00,108.3053,108.3063,108.1683,108.2373,8023.0
2020-01-03 10:47:00,108.3894,108.4753,108.4128,108.4441,7578.0
2020-01-03 10:48:00,108.239,108.35,108.1719,108.2609,3495.0
2020-01-03 10:49:00,108.0969,108.1841,108.1275,108.1558,1170.0
2020-01-03 10:50:00,108.2386,108.3374,108.2736,108.3055,5017.0
2020-01-03 10:51:00,108.4599,108.5348,108.4478,108.4913,6773.0
2020-01-03 10:52:00,108.4993,108.5664,108.3955,108.481,6743.0
2020-01-03 10:53:00,108.3956,108.4176,108.2966,108.3571,4387.0
2020-01-03 10:54:00,108.5192,108.5886,108.5447,108.5666,6337.0
2020-01-03 10:55:00,108.6856,108.7713,108.6809,108.7261,5126.0
2020-01-03 10:56:00,108.705,108.8383,108.7497,108.794,3905.0
2020-01-03 10:57:00,108.7235,108.7516,108.6739,108.7127,2314.0
2020-01-03 10:58:00,108.6712,108.7581,108.6576,108.7078,8221.0
2020-01-03 10:59:00,108.775,108.7102,108.6735,108.6918,8348.0
2020-01-03 11:00:00,108.7454,108.879,108.5708,108.7249,6249.0
2020-01-03 11:01:00,108.8614,108.8901,108.8499,108.87,337.0
2020-01-03 11:02:00,108.9259,108.9901,108.9257,108.9579,832.0
2020-01-03 11:03:00,108.7755,108.9057,108.7946,108.8502,6263.0
2020-01-03 11:04:00,108.9194,109.0074,108.9683,108.9878,3989.0
2020-01-03 11:05:00,108.988,109.0754,108.9629,109.0192,2924.0
2020-01-03 11:06:00,109.0529,109.142,109.0337,109.0879,1327.0
2020-01-03 11:07:00,109.1846,109.2864,109.1826,109.2345,6619.0
2020-01-03 11:08:00,109.1422,109.2286,109.0181,109.1234,2554.0
2020-01-03 11:09:00,109.1455,109.158,109.0816,109.1198,6323.0
2020-01-03 11:10:00,109.0437,109.1061,109.0271,109.0666,867.0
2020-01-03 11:11:00,109.0066,108.9183,108.9014,108.9098,8268.0
2020-01-03 11:12:00,108.8572,108.9707,108.9183,108.9445,2524.0
2020-01-03 11:13:00,109.1986,109.2337,109.1576,109.1957,6283.0
2020-01-03 11:14:00,109.0007,109.087,108.9364,109.0117,3524.0
2020-01-03 11:15:00,108.9809,109.0293,108.9875,109.0084,4648.0
2020-01-03 11:16:00,109.0376,109.161,108.9839,109.0725,7690.0
2020-01-03 11:17:00,109.0844,109.12,109.0496,109.0848,813.0
2020-01-03 11:18:00,109.0622,109.1056,109.0414,109.0735,185.0
2020-01-03 11:19:00,108.924,108.9688,108.9183,108.9436,1678.0
2020-01-03 11:20:00,108.9019,108.9694,108.9643,108.9668,6479.0
2020-01-03 11:21:00,108.8103,108.8997,108.8826,108.8912,2116.0
2020-01-03 11:22:00,108.6577,108.7665,108.5779,108.6722,5801.0
2020-01-03 11:23:00,108.7715,108.8103,108.773,108.7916,3814.0
2020-01-03 11:24:00,108.8776,108.9215,108.8534,108.8875,9563.0
2020-01-03 11:25:00,108.8872,108.9256,108.8597,108.8926,9916.0
2020-01-03 11:26:00,108.8894,108.9455,108.8856,108.9155,2508.0
2020-01-03 11:27:00,109.0124,109.066,108.9799,109.023,6418.0
2020-01-03 11:28:00,109.0027,109.0756,109.0152,109.0454,7071.0
2020-01-03 11:29:00,109.212,109.2402,109.0315,109.1358,2951.0
2020-01-03 11:30:00,109.0661,109.1208,109.0914,109.1061,1497.0
2020-01-03 11:31:00,109.2187,109.2917,109.1829,109.2373,4256.0
2020-01-03 11:32:00,109.2331,109.2733,109.2654,109.2693,3341.0
2020-01-03 11:33:00,109.2517,109.3363,109.2412,109.2887,1630.0
2020-01-03 11:34:00,109.163,109.167,109.1565,109.1617,874.0
2020-01-03 11:35:00,109.1853,109.1977,109.1832,109.1904,2561.0
2020-01-03 11:36:00,109.0843,109.1908,109.0236,109.1072,8085.0
2020-01-03 11:37:00,109.0292,109.0683,109.0185,109.0434,8407.0
2020-01-03 11:38:00,108.9259,109.0539,108.8699,108.9619,7442.0
2020-01-03 11:39:00,108.8753,108.9185,108.792,108.8552,5347.0
2020-01-03 11:40:00,109.1705,109.0705,109.065,109.0677,7756.0
2020-01-03 11:41:00,109.1571,109.2474,109.1544,109.2009,1449.0
2020-01-03 11:42:00,109.4126,109.5413,109.2445,109.3929,2845.0
2020-01-03 11:43:00,109.2729,109.3381,109.2031,109.2706,2947.0
2020-01-03 11:44:00,109.3112,109.3137,109.2417,109.2777,8114.0
2020-01-03 11:45:00,109.1832,109.1744,109.1223,109.1484,726.0
2020-01-03 11:46:00,109.0891,109.1092,109.0484,109.0788,5685.0
2020-01-03 11:47:00,108.985,109.0084,108.9656,108.987,6061.0
2020-01-03 11:48:00,109.0892,109.1462,109.0757,109.111,7691.0
2020-01-03 11:49:00,109.0331,109.0816,109.0611,109.0713,9931.0
2020-01-03 11:50:00,109.1733,109.2242,109.1321,109.1782,7230.0
2020-01-03 11:51:00,109.1744,109.3144,109.1628,109.2386,8528.0
2020-01-03 11:52:00,109.4393,109.5475,109.3904,109.4689,3157.0
2020-01-03 11:53:00,109.3763,109.3826,109.2594,109.321,5967.0
2020-01-03 11:54:00,109.4519,109.4489,109.445,109.4469,9259.0
2020-01-03 11:55:00,109.6062,109.586,109.5371,109.5616,6036.0
2020-01-03 11:56:00,109.5377,109.4726,109.4559,109.4642,7305.0
2020-01-03 11:57:00,109.5561,109.6016,109.5283,109.5649,6107.0
2020-01-03 11:58:00,109.6089,109.6669,109.5302,109.5986,9311.0
2020-01-03 11:59:00,109.5607,109.5915,109.5602,109.5758,2106.0
2020-01-03 12:00:00,109.4528,109.538,109.4489,109.4934,9854.0
2020-01-03 12:01:00,109.3739,109.4243,109.4187,109.4215,9133.0
2020-01-03 12:02:00,109.6686,109.7173,109.5357,109.6265,2303.0
2020-01-03 12:03:00,109.637,109.6939,109.5592,109.6266,9104.0
2020-01-03 12:04:00,109.7971,109.7502,109.6593,109.7048,6883.0
2020-01-03 12:05:00,109.6743,109.6655,109.5859,109.6257,3297.0
2020-01-03 12:06:00,109.5111,109.5827,109.5127,109.5477,5766.0
2020-01-03 12:07:00,109.6979,109.7138,109.598,109.6559,7506.0
2020-01-03 12:08:00,109.5057,109.5438,109.4981,109.5209,9356.0
2020-01-03 12:09:00,109.5403,109.5472,109.4117,109.4794,2608.0
2020-01-03 12:10:00,109.4585,109.4863,109.4794,109.4828,1818.0
2020-01-03 12:11:00,109.4413,109.5348,109.4531,109.494,2693.0
2020-01-03 12:12:00,109.4363,109.5288,109.4233,109.476,1572.0
2020-01-03 12:13:00,109.4784,109.5516,109.4796,109.5156,798.0
2020-01-03 12:14:00,109.5429,109.7092,109.4606,109.5849,7668.0
2020-01-03 12:15:00,109.6297,109.6652,109.6516,109.6584,6550.0
2020-01-03 12:16:00,109.6026,109.5779,109.5417,109.5598,9236.0
2020-01-03 12:17:00,109.6212,109.5925,109.4703,109.5314,8428.0
2020-01-03 12:18:00,109.5843,109.743,109.5587,109.6509,1325.0
2020-01-03 12:19:00,109.8035,109.7813,109.6994,109.7403,2802.0
2020-01-03 12:20:00,109.5792,109.6749,109.5311,109.603,2304.0
2020-01-03 12:21:00,109.6556,109.6549,109.6215,109.6382,3426.0
2020-01-03 12:22:00,109.3577,109.4703,109.4104,109.4404,2328.0
2020-01-03 12:23:00,109.4713,109.482,109.4081,109.4451,5048.0
2020-01-03 12:24:00,109.5346,109.6644,109.6053,109.6348,3902.0
2020-01-03 12:25:00,109.5557,109.6094,109.4706,109.54,3199.0
2020-01-03 12:26:00,109.4695,109.4883,109.425,109.4566,1638.0
2020-01-03 12:27:00,109.5426,109.6033,109.4627,109.533,9860.0
2020-01-03 12:28:00,109.342,109.4008,109.3566,109.3787,4264.0
2020-01-03 12:29:00,109.3429,109.4049,109.226,109.3155,8893.0
2020-01-03 12:30:00,109.3947,109.4125,109.3377,109.3751,5074.0
2020-01-03 12:31:00,109.3012,109.4009,109.2224,109.3117,7078.0
2020-01-03 12:32:00,109.3217,109.3462,109.2299,109.2881,645.0
2020-01-03 12:33:00,109.3577,109.3637,109.3613,109.3625,6032.0
2020-01-03 12:34:00,109.4311,109.5161,109.2932,109.4047,6303.0
2020-01-03 12:35:00,109.425,109.4501,109.4125,109.4313,8475.0
2020-01-03 12:36:00,109.4083,109.4243,109.3706,109.3974,937.0
2020-01-03 12:37:00,109.4632,109.5086,109.3602,109.4344,1992.0
2020-01-03 12:38:00,109.4022,109.506,109.3382,109.4221,1488.0
2020-01-03 12:39:00,109.4061,109.4732,109.4625,109.4678,7265.0
2020-01-03 12:40:00,109.4319,109.4328,109.4035,109.4181,1557.0
2020-01-03 12:41:00,109.4594,109.4199,109.3799,109.3999,2900.0
2020-01-03 12:42:00,109.3158,109.3766,109.2252,109.3009,3403.0
2020-01-03 12:43:00,109.3133,109.3626,109.2322,109.2974,9745.0
2020-01-03 12:44:00,109.2142,109.2805,109.152,109.2163,7386.0
2020-01-03 12:45:00,109.1418,109.1286,109.0812,109.1049,6573.0
2020-01-03 12:46:00,109.1215,109.1319,109.1296,109.1307,3386.0
2020-01-03 12:47:00,109.1293,109.2542,109.0498,109.152,7589.0
2020-01-03 12:48:00,109.2856,109.2962,109.1644,109.2303,1272.0
2020-01-03 12:49:00,109.1607,109.2177,109.1567,109.1872,1811.0
2020-01-03 12:50:00,109.2725,109.2469,109.2091,109.228,5596.0
2020-01-03 12:51:00,109.3384,109.3708,109.1954,109.2831,9072.0
2020-01-03 12:52:00,109.3559,109.3947,109.2604,109.3276,7587.0
2020-01-03 12:53:00,109.1825,109.2565,109.2335,109.245,1128.0
2020-01-03 12:54:00,109.2613,109.2836,109.2363,109.2599,6645.0
2020-01-03 12:55:00,109.2862,109.3122,109.2805,109.2963,2350.0
2020-01-03 12:56:00,109.2723,109.3998,109.1943,109.2971,4249.0
2020-01-03 12:57:00,109.0956,109.1459,109.031,109.0884,4483.0
2020-01-03 12:58:00,109.1429,109.1129,109.096,109.1045,7551.0
2020-01-03 12:59:00,109.3028,109.3357,109.3157,109.3257,3769.0
2020-01-03 13:00:00,109.2811,109.362,109.2175,109.2897,9360.0
2020-01-03 13:01:00,109.2049,109.2459,109.1879,109.2169,8575.0
2020-01-03 13:02:00,109.3124,109.3322,109.1763,109.2542,9124.0
2020-01-03 13:03:00,109.2726,109.3952,109.1758,109.2855,4777.0
2020-01-03 13:04:00,109.343,109.4278,109.3817,109.4048,6190.0
2020-01-03 13:05:00,109.2003,109.3047,109.2532,109.279,3588.0
2020-01-03 13:06:00,109.3702,109.4399,109.2643,109.3521,3312.0
2020-01-03 13:07:00,109.3731,109.4885,109.3338,109.4111,1016.0
2020-01-03 13:08:00,109.4304,109.3986,109.3953,109.3969,8862.0
2020-01-03 13:09:00,109.3642,109.5076,109.354,109.4308,2194.0
2020-01-03 13:10:00,109.5068,109.6229,109.4446,109.5337,6369.0
2020-01-03 13:11:00,109.5544,109.6247,109.6173,109.621,5006.0
2020-01-03 13:12:00,109.5284,109.6303,109.3831,109.5067,6142.0
2020-01-03 13:13:00,109.6211,109.5903,109.5871,109.5887,8912.0
2020-01-03 13:14:00,109.5992,109.5929,109.5715,109.5822,9062.0
2020-01-03 13:15:00,109.5352,109.6328,109.5462,109.5895,6831.0
2020-01-03 13:16:00,109.5595,109.6145,109.5791,109.5968,4893.0
2020-01-03 13:17:00,109.5935,109.5861,109.5775,109.5818,9906.0
2020-01-03 13:18:00,109.6166,109.7714,109.6305,109.701,164.0
2020-01-03 13:19:00,109.6805,109.6936,109.6916,109.6926,3798.0
2020-01-03 13:20:00,109.6565,109.6654,109.4959,109.5806,301.0
2020-01-03 13:21:00,109.5323,109.5597,109.5229,109.5413,4337.0
2020-01-03 13:22:00,109.4847,109.594,109.5244,109.5592,3269.0
2020-01-03 13:23:00,109.6517,109.7253,109.6388,109.6821,2964.0
2020-01-03 13:24:00,109.7109,109.7772,109.7076,109.7424,6460.0
2020-01-03 13:25:00,109.7644,109.7309,109.5838,109.6573,5512.0
2020-01-03 13:26:00,109.9891,109.9512,109.8605,109.9059,7775.0
2020-01-03 13:27:00,109.9689,109.9869,109.8778,109.9323,9449.0
2020-01-03 13:28:00,110.0427,110.0933,110.0264,110.0599,2409.0
2020-01-03 13:29:00,110.1047,110.0849,110.0045,110.0447,6527.0
2020-01-03 13:30:00,110.0414,110.1965,109.9996,110.098,201.0
2020-01-03 13:31:00,110.2358,110.2164,110.1476,110.182,476.0
2020-01-03 13:32:00,110.3502,110.3938,110.2138,110.3038,8497.0
2020-01-03 13:33:00,110.402,110.437,110.3821,110.4095,3763.0
2020-01-03 13:34:00,110.5537,110.5394,110.4542,110.4968,9926.0
2020-01-03 13:35:00,110.4429,110.4801,110.4504,110.4653,6394.0
2020-01-03 13:36:00,110.3448,110.4439,110.3723,110.4081,1160.0
2020-01-03 13:37:00,110.4902,110.4869,110.3958,110.4413,5693.0
2020-01-03 13:38:00,110.5304,110.5827,110.4866,110.5347,5663.0
2020-01-03 13:39:00,110.5425,110.5341,110.4907,110.5124,5224.0
2020-01-03 13:40:00,110.7099,110.6532,110.5846,110.6189,9181.0
2020-01-03 13:41:00,110.728,110.8386,110.6897,110.7642,1662.0
2020-01-03 13:42:00,110.6654,110.719,110.6261,110.6725,3295.0
2020-01-03 13:43:00,110.6673,110.6264,110.5513,110.5888,910.0
2020-01-03 13:44:00,110.6082,110.6009,110.5487,110.5748,9350.0
2020-01-03 13:45:00,110.5706,110.6632,110.548,110.6056,9552.0
2020-01-03 13:46:00,110.5054,110.6268,110.4794,110.5531,8803.0
2020-01-03 13:47:00,110.6619,110.7059,110.6707,110.6883,4512.0
2020-01-03 13:48:00,110.6938,110.7896,110.6719,110.7307,4498.0
2020-01-03 13:49:00,110.7465,110.7661,110.7032,110.7347,9417.0
2020-01-03 13:50:00,110.595,110.6222,110.5599,110.5911,5531.0
2020-01-03 13:51:00,110.4735,110.5121,110.4069,110.4595,4277.0
2020-01-03 13:52:00,110.4456,110.5276,110.4476,110.4876,757.0
2020-01-03 13:53:00,110.2708,110.3037,110.245,110.2743,6436.0
2020-01-03 13:54:00,110.2728,110.3914,110.3598,110.3756,152.0
2020-01-03 13:55:00,110.367,110.4708,110.2488,110.3598,5210.0
2020-01-03 13:56:00,110.7429,110.7314,110.6368,110.6841,1208.0
2020-01-03 13:57:00,110.8437,110.9559,110.8738,110.9149,1086.0
2020-01-03 13:58:00,110.9209,110.897,110.8965,110.8967,6126.0
2020-01-03 13:59:00,110.8556,110.9625,110.8097,110.8861,8147.0
2020-01-03 14:00:00,111.0258,111.0461,110.9252,110.9857,4836.0
2020-01-03 14:01:00,111.1639,111.1893,111.1227,111.156,8502.0
2020-01-03 14:02:00,111.0124,111.0149,110.9695,110.9922,5059.0
2020-01-03 14:03:00,110.8168,110.9292,110.6979,110.8136,875.0
2020-01-03 14:04:00,110.8178,110.7865,110.7162,110.7513,9206.0
2020-01-03 14:05:00,110.827,110.8467,110.7725,110.8096,7539.0
2020-01-03 14:06:00,110.824,110.8874,110.8312,110.8593,605.0
2020-01-03 14:07:00,110.9712,110.9858,110.9468,110.9663,3398.0
2020-01-03 14:08:00,110.8279,110.8604,110.8322,110.8463,4288.0
2020-01-03 14:09:00,110.6228,110.6335,110.5959,110.6147,4525.0
2020-01-03 14:10:00,110.6795,110.7141,110.6869,110.7005,3101.0
2020-01-03 14:11:00,110.5838,110.6203,110.6151,110.6177,360.0
2020-01-03 14:12:00,110.4258,110.4914,110.3403,110.4158,9001.0
2020-01-03 14:13:00,110.4331,110.496,110.3647,110.4303,2051.0
2020-01-03 14:14:00,110.5629,110.5607,110.4586,110.5097,2470.0
2020-01-03 14:15:00,110.4767,110.5386,110.4563,110.4975,6253.0
2020-01-03 14:16:00,110.3526,110.4866,110.4167,110.4517,8379.0
2020-01-03 14:17:00,110.4175,110.4916,110.3799,110.4357,6583.0
2020-01-03 14:18:00,110.3174,110.4033,110.394,110.3987,5768.0
2020-01-03 14:19:00,110.2847,110.3573,110.1704,110.2639,2834.0
2020-01-03 14:20:00,110.1087,110.196,110.1888,110.1924,2356.0
2020-01-03 14:21:00,110.1951,110.2941,110.195,110.2445,1172.0
2020-01-03 14:22:00,110.2586,110.3133,110.2401,110.2767,4021.0
2020-01-03 14:23:00,110.3707,110.3556,110.2314,110.2935,3069.0
2020-01-03 14:24:00,110.1403,110.2179,110.1701,110.194,6042.0
2020-01-03 14:25:00,110.1765,110.2057,110.146,110.1758,3377.0
2020-01-03 14:26:00,109.9871,110.077,109.8393,109.9581,4069.0
2020-01-03 14:27:00,110.0502,110.011,109.941,109.976,8020.0
2020-01-03 14:28:00,110.1578,110.2299,110.0078,110.1189,1588.0
2020-01-03 14:29:00,110.0261,110.0018,109.9411,109.9715,9950.0
2020-01-03 14:30:00,109.9561,109.923,109.9027,109.9129,8059.0
2020-01-03 14:31:00,109.8853,109.9485,109.943,109.9458,9423.0
2020-01-03 14:32:00,110.089,110.0921,110.05,110.0711,2287.0
2020-01-03 14:33:00,110.0687,110.0307,110.0217,110.0262,5310.0
2020-01-03 14:34:00,109.9092,109.9589,109.9552,109.957,370.0
2020-01-03 14:35:00,109.7311,109.8022,109.7181,109.7601,7477.0
2020-01-03 14:36:00,109.7303,109.8546,109.6863,109.7705,9888.0
2020-01-03 14:37:00,110.0133,110.049,109.9003,109.9747,465.0
2020-01-03 14:38:00,109.9989,110.0383,109.9665,110.0024,8294.0
2020-01-03 14:39:00,109.9841,110.0052,109.9951,110.0002,3151.0
2020-01-03 14:40:00,109.9683,110.1274,109.9373,110.0324,883.0
2020-01-03 14:41:00,110.0279,110.0483,110.0142,110.0313,4583.0
2020-01-03 14:42:00,109.9216,109.968,109.932,109.95,7238.0
2020-01-03 14:43:00,110.0445,110.0447,110.0199,110.0323,9324.0
2020-01-03 14:44:00,109.9977,110.0569,110.0529,110.0549,7259.0
2020-01-03 14:45:00,110.0655,110.1138,109.9995,110.0566,5585.0
2020-01-03 14:46:00,109.9372,109.9974,109.9208,109.9591,337.0
2020-01-03 14:47:00,110.027,110.1787,110.0002,110.0895,7158.0
2020-01-03 14:48:00,110.0896,110.2021,110.1098,110.1559,1562.0
2020-01-03 14:49:00,110.0418,110.1053,110.0959,110.1006,9163.0
2020-01-03 14:50:00,110.1905,110.2158,110.1858,110.2008,9513.0
2020-01-03 14:51:00,110.1571,110.25,110.0521,110.1511,1766.0
2020-01-03 14:52:00,110.0863,110.0797,110.066,110.0729,6396.0
2020-01-03 14:53:00,110.0123,110.0251,109.9687,109.9969,1756.0
2020-01-03 14:54:00,109.7819,109.8279,109.8116,109.8198,1231.0
2020-01-03 14:55:00,109.9199,109.8986,109.8352,109.8669,910.0
2020-01-03 14:56:00,109.6617,109.7044,109.6632,109.6838,155.0
2020-01-03 14:57:00,109.5835,109.588,109.5339,109.561,3623.0
2020-01-03 14:58:00,109.3452,109.3852,109.3216,109.3534,7659.0
2020-01-03 14:59:00,109.3636,109.3535,109.3361,109.3448,2762.0
2020-01-03 15:00:00,109.3191,109.4452,109.2144,109.3298,3379.0
2020-01-03 15:01:00,109.3168,109.3343,109.2599,109.2971,1633.0
2020-01-03 15:02:00,109.1925,109.2088,109.1769,109.1928,4111.0
2020-01-03 15:03:00,109.1163,109.0782,109.073,109.0756,1033.0
2020-01-03 15:04:00,109.0811,109.1564,109.0877,109.1221,762.0
2020-01-03 15:05:00,108.9785,109.1219,109.0121,109.067,3945.0
2020-01-03 15:06:00,109.05,109.2172,108.9801,109.0986,3123.0
2020-01-03 15:07:00,109.0636,109.0367,108.9836,109.0101,6067.0
2020-01-03 15:08:00,109.0205,109.0691,108.9873,109.0282,8435.0
2020-01-03 15:09:00,109.1632,109.1733,109.1438,109.1585,8007.0
2020-01-03 15:10:00,109.1645,109.2582,109.1761,109.2172,6709.0
2020-01-03 15:11:00,109.1792,109.198,109.1539,109.1759,6380.0
2020-01-03 15:12:00,109.1505,109.247,109.1563,109.2016,8531.0
2020-01-03 15:13:00,109.1338,109.1881,109.167,109.1776,2104.0
2020-01-03 15:14:00,109.1582,109.2184,109.1383,109.1784,6692.0
2020-01-03 15:15:00,109.1681,109.1686,109.123,109.1458,5534.0
2020-01-03 15:16:00,109.157,109.1495,109.1093,109.1294,4346.0
2020-01-03 15:17:00,109.1795,109.1878,109.1133,109.1506,3496.0
2020-01-03 15:18:00,108.9718,109.1254,108.9771,109.0512,7670.0
2020-01-03 15:19:00,108.9493,109.0799,108.8194,108.9497,9094.0
2020-01-03 15:20:00,108.801,108.8164,108.8052,108.8108,8644.0
2020-01-03 15:21:00,108.5742,108.7376,108.564,108.6508,2074.0
2020-01-03 15:22:00,108.5298,108.6511,108.407,108.529,9425.0
2020-01-03 15:23:00,108.5325,108.5684,108.5216,108.545,4661.0
2020-01-03 15:24:00,108.4813,108.493,108.4184,108.4557,1163.0
2020-01-03 15:25:00,108.5111,108.5088,108.5053,108.5071,1495.0
2020-01-03 15:26:00,108.4831,108.5507,108.4704,108.5105,9840.0
2020-01-03 15:27:00,108.36,108.3598,108.2676,108.3137,1630.0
2020-01-03 15:28:00,108.2681,108.4585,108.2999,108.3792,152.0
2020-01-03 15:29:00,108.4571,108.5081,108.4125,108.4603,3251.0
2020-01-03 15:30:00,108.2727,108.4581,108.2637,108.3609,5964.0
2020-01-03 15:31:00,108.3573,108.4057,108.4001,108.4029,5770.0
2020-01-03 15:32:00,108.3435,108.3317,108.3029,108.3173,2886.0
2020-01-03 15:33:00,108.2633,108.3404,108.3137,108.327,1244.0
2020-01-03 15:34:00,108.1294,108.2149,108.1862,108.2006,2212.0
2020-01-03 15:35:00,108.1404,108.0734,107.9692,108.0213,395.0
2020-01-03 15:36:00,107.915,107.9872,107.9788,107.983,4842.0
2020-01-03 15:37:00,108.0531,108.0101,107.9311,107.9706,1680.0
2020-01-03 15:38:00,107.9222,107.9529,107.9087,107.9308,6378.0
2020-01-03 15:39:00,107.7862,107.8209,107.8039,107.8124,2525.0
2020-01-03 15:40:00,107.8008,107.7868,107.7581,107.7724,8247.0
2020-01-03 15:41:00,107.8662,107.8831,107.7156,107.7994,7319.0
2020-01-03 15:42:00,107.7376,107.7968,107.793,107.7949,7111.0
2020-01-03 15:43:00,107.7876,107.851,107.7753,107.8131,2727.0
2020-01-03 15:44:00,107.7885,107.8487,107.6436,107.7461,4905.0
2020-01-03 15:45:00,107.8777,107.9286,107.798,107.8633,6246.0
2020-01-03 15:46:00,107.8008,107.8033,107.688,107.7457,9885.0
2020-01-03 15:47:00,107.8202,107.8098,107.7791,107.7944,7718.0
2020-01-03 15:48:00,108.003,107.9241,107.9011,107.9126,8801.0
2020-01-03 15:49:00,107.9696,108.0266,107.8948,107.9607,8035.0
2020-01-03 15:50:00,107.9516,107.9654,107.9155,107.9405,1991.0
2020-01-03 15:51:00,107.9037,107.9014,107.8739,107.8876,1561.0
2020-01-03 15:52:00,107.9841,107.9924,107.9901,107.9912,7020.0
2020-01-03 15:53:00,107.8914,107.9003,107.7976,107.8489,2099.0
2020-01-03 15:54:00,107.7638,107.8123,107.6915,107.7519,2070.0
2020-01-03 15:55:00,107.7516,107.7939,107.6304,107.7122,1651.0
2020-01-03 15:56:00,107.8832,107.881,107.7909,107.8359,3951.0
2020-01-03 15:57:00,107.8953,107.8775,107.8704,107.8739,201.0
2020-01-03 15:58:00,107.8022,107.7846,107.7697,107.7771,8183.0
2020-01-03 15:59:00,107.6956,107.7701,107.7221,107.7461,1560.0
2020-01-03 16:00:00,107.6571,107.7607,107.6086,107.6847,9025.0
2020-01-03 16:01:00,107.6558,107.6188,107.6086,107.6137,632.0
2020-01-03 16:02:00,107.7827,107.7188,107.7044,107.7116,191.0
2020-01-03 16:03:00,107.4774,107.5753,107.5735,107.5744,1919.0
2020-01-03 16:04:00,107.7069,107.8244,107.6462,107.7353,1256.0
2020-01-03 16:05:00,107.8193,107.8365,107.7996,107.8181,5034.0
2020-01-03 16:06:00,107.8832,107.9287,107.9257,107.9272,8796.0
2020-01-03 16:07:00,107.8398,107.9541,107.8077,107.8809,5036.0
2020-01-03 16:08:00,107.8896,107.8732,107.8585,107.8659,4882.0
2020-01-03 16:09:00,107.8016,107.7794,107.6657,107.7226,6968.0
2020-01-03 16:10:00,107.5685,107.7157,107.6245,107.6701,9225.0
2020-01-03 16:11:00,107.7109,107.7297,107.7092,107.7195,9547.0
2020-01-03 16:12:00,107.8722,107.9233,107.7749,107.8491,983.0
2020-01-03 16:13:00,107.7774,107.7722,107.7045,107.7384,2804.0
2020-01-03 16:14:00,107.7178,107.7094,107.6942,107.7018,6541.0
2020-01-03 16:15:00,107.7748,107.6995,107.6738,107.6867,4159.0
2020-01-03 16:16:00,107.5485,107.5966,107.4976,107.5471,4418.0
2020-01-03 16:17:00,107.6718,107.6269,107.5855,107.6062,2209.0
2020-01-03 16:18:00,107.5015,107.5395,107.5282,107.5338,7172.0
2020-01-03 16:19:00,107.5172,107.5166,107.512,107.5143,9570.0
2020-01-03 16:20:00,107.4085,107.5331,107.4051,107.4691,7718.0
2020-01-03 16:21:00,107.4352,107.4672,107.3131,107.3902,489.0
2020-01-03 16:22:00,107.3834,107.4323,107.3467,107.3895,1748.0
2020-01-03 16:23:00,107.3858,107.3735,107.3623,107.3679,9057.0
2020-01-03 16:24:00,107.3151,107.3644,107.297,107.3307,8639.0
2020-01-03 16:25:00,107.2872,107.3337,107.1821,107.2579,9637.0
2020-01-03 16:26:00,107.3097,107.3258,107.2539,107.2898,6115.0
2020-01-03 16:27:00,107.4055,107.4697,107.4406,107.4552,8621.0
2020-01-03 16:28:00,107.4223,107.5025,107.4359,107.4692,3893.0
2020-01-03 16:29:00,107.5674,107.6025,107.5351,107.5688,6164.0
2020-01-03 16:30:00,107.4627,107.4762,107.3834,107.4298,9265.0
2020-01-03 16:31:00,107.5387,107.4552,107.4359,107.4455,1345.0
2020-01-03 16:32:00,107.351,107.4088,107.2628,107.3358,2337.0
2020-01-03 16:33:00,107.2385,107.1985,107.1777,107.1881,2719.0
2020-01-03 16:34:00,107.0335,107.1206,107.1077,107.1142,8496.0
2020-01-03 16:35:00,107.334,107.2455,107.2212,107.2334,8015.0
2020-01-03 16:36:00,107.3587,107.4441,107.2127,107.3284,462.0
2020-01-03 16:37:00,107.3502,107.3537,107.3516,107.3527,431.0
2020-01-03 16:38:00,107.1912,107.2145,107.1843,107.1994,7693.0
2020-01-03 16:39:00,107.1244,107.2054,107.1541,107.1798,7087.0
2020-01-03 16:40:00,107.1689,107.2677,107.1522,107.2099,521.0
2020-01-03 16:41:00,107.323,107.2715,107.1835,107.2275,9054.0
2020-01-03 16:42:00,106.9937,107.0813,107.0049,107.0431,2883.0
2020-01-03 16:43:00,106.9037,107.0527,106.8555,106.9541,5390.0
2020-01-03 16:44:00,106.9126,107.0168,106.8786,106.9477,348.0
2020-01-03 16:45:00,106.9414,107.0685,106.9341,107.0013,6424.0
2020-01-03 16:46:00,106.7825,106.8244,106.739,106.7817,582.0
2020-01-03 16:47:00,106.8199,106.7986,106.7323,106.7655,5603.0
2020-01-03 16:48:00,106.7493,106.8089,106.7507,106.7798,4514.0
2020-01-03 16:49:00,106.7961,106.8878,106.8416,106.8647,8991.0
2020-01-03 16:50:00,106.9486,106.9693,106.8987,106.934,5332.0
2020-01-03 16:51:00,106.9895,107.0403,106.9443,106.9923,3961.0
2020-01-03 16:52:00,106.9624,106.9172,106.9074,106.9123,6806.0
2020-01-03 16:53:00,106.6988,106.7255,106.7174,106.7215,9659.0
2020-01-03 16:54:00,106.6692,106.7054,106.659,106.6822,8414.0
2020-01-03 16:55:00,106.7749,106.8108,106.754,106.7824,849.0
2020-01-03 16:56:00,106.9261,106.9805,106.8629,106.9217,1697.0
2020-01-03 16:57:00,106.9731,107.057,106.9285,106.9928,8877.0
2020-01-03 16:58:00,107.008,107.0367,107.0347,107.0357,6488.0
2020-01-03 16:59:00,106.9811,107.1271,107.0202,107.0737,8835.0
2020-01-03 17:00:00,106.9898,107.0206,107.0155,107.018,5676.0
2020-01-03 17:01:00,107.0408,107.0163,106.9937,107.005,2300.0
2020-01-03 17:02:00,107.2145,107.1743,107.1696,107.1719,2803.0
2020-01-03 17:03:00,107.0541,107.1177,107.0377,107.0777,8306.0
2020-01-03 17:04:00,107.3041,107.3135,107.1648,107.2392,9758.0
2020-01-03 17:05:00,107.2055,107.3117,107.1022,107.207,8053.0
2020-01-03 17:06:00,107.2726,107.3461,107.3329,107.3395,8536.0
2020-01-03 17:07:00,107.1162,107.2204,107.1773,107.1988,2714.0
2020-01-03 17:08:00,107.3183,107.2912,107.2236,107.2574,9190.0
2020-01-03 17:09:00,107.1651,107.2499,107.1176,107.1837,1578.0
2020-01-03 17:10:00,106.9815,107.0852,106.9992,107.0422,9674.0
2020-01-03 17:11:00,106.9511,107.1349,106.9932,107.0641,8343.0
2020-01-03 17:12:00,107.1452,107.2462,107.0838,107.165,5018.0
2020-01-03 17:13:00,107.1008,107.1781,106.983,107.0805,2374.0
2020-01-03 17:14:00,106.8957,106.9352,106.926,106.9306,2261.0
2020-01-03 17:15:00,106.8688,106.9414,106.9014,106.9214,3708.0
2020-01-03 17:16:00,106.8852,107.0583,106.7671,106.9127,703.0
2020-01-03 17:17:00,107.0297,107.0397,106.8953,106.9675,4143.0
2020-01-03 17:18:00,106.9928,107.1012,107.0237,107.0625,7354.0
2020-01-03 17:19:00,107.0244,107.1575,106.9556,107.0565,5469.0
2020-01-03 17:20:00,107.3026,107.2872,107.197,107.2421,3592.0
2020-01-03 17:21:00,107.2892,107.2807,107.2483,107.2645,9296.0
2020-01-03 17:22:00,107.2388,107.2309,107.2288,107.2299,6854.0
2020-01-03 17:23:00,107.0363,107.1528,106.9846,107.0687,3234.0
2020-01-03 17:24:00,107.044,107.1499,106.935,107.0424,914.0
2020-01-03 17:25:00,106.9819,107.0381,106.9795,107.0088,8823.0
2020-01-03 17:26:00,107.0619,107.2048,107.0048,107.1048,858.0
2020-01-03 17:27:00,107.0971,107.256,107.0462,107.1511,105.0
2020-01-03 17:28:00,107.0724,107.0992,106.9671,107.0331,8876.0
2020-01-03 17:29:00,107.0474,107.0527,107.048,107.0504,3776.0
2020-01-03 17:30:00,107.1332,107.1267,107.1084,107.1175,1634.0
2020-01-03 17:31:00,107.2779,107.3599,107.1808,107.2703,1584.0
2020-01-03 17:32:00,107.3811,107.3967,107.3214,107.3591,2366.0
2020-01-03 17:33:00,107.4224,107.4499,107.4204,107.4352,2514.0
2020-01-03 17:34:00,107.4171,107.4516,107.4308,107.4412,660.0
2020-01-03 17:35:00,107.4392,107.4999,107.4601,107.48,4559.0
2020-01-03 17:36:00,107.5343,107.6568,107.5531,107.605,9705.0
2020-01-03 17:37:00,107.4156,107.5109,107.4324,107.4717,1418.0
2020-01-03 17:38:00,107.4185,107.4971,107.3763,107.4367,2652.0
2020-01-03 17:39:00,107.2793,107.3717,107.3472,107.3595,6420.0
2020-01-03 17:40:00,107.3283,107.428,107.3668,107.3974,5518.0
2020-01-03 17:41:00,107.5725,107.5654,107.4755,107.5204,2960.0
2020-01-03 17:42:00,107.4719,107.6084,107.313,107.4607,6820.0
2020-01-03 17:43:00,107.1991,107.2478,107.1955,107.2217,1177.0
2020-01-03 17:44:00,107.294,107.2238,107.1371,107.1805,5539.0
2020-01-03 17:45:00,107.1894,107.2893,107.2544,107.2718,2626.0
2020-01-03 17:46:00,107.3744,107.4899,107.1613,107.3256,821.0
2020-01-03 17:47:00,107.3628,107.4031,107.3336,107.3684,9536.0
2020-01-03 17:48:00,107.3796,107.4772,107.2036,107.3404,5901.0
2020-01-03 17:49:00,107.2179,107.2409,107.184,107.2125,6153.0
2020-01-03 17:50:00,107.1704,107.2955,107.2325,107.264,1445.0
2020-01-03 17:51:00,107.1854,107.198,107.1632,107.1806,845.0
2020-01-03 17:52:00,107.4158,107.488,107.31,107.399,8224.0
2020-01-03 17:53:00,107.3465,107.5475,107.3646,107.456,5699.0
2020-01-03 17:54:00,107.4952,107.4268,107.3692,107.398,977.0
2020-01-03 17:55:00,107.3524,107.3495,107.3242,107.3368,8425.0
2020-01-03 17:56:00,107.3612,107.399,107.2561,107.3276,4913.0
2020-01-03 17:57:00,107.2453,107.3448,107.2624,107.3036,9339.0
2020-01-03 17:58:00,107.4498,107.493,107.3376,107.4153,7864.0
2020-01-03 17:59:00,107.4884,107.4359,107.4319,107.4339,7409.0
2020-01-03 18:00:00,107.3734,107.3941,107.3274,107.3608,9754.0
2020-01-03 18:01:00,107.5493,107.5678,107.5318,107.5498,1447.0
2020-01-03 18:02:00,107.5101,107.5756,107.5339,107.5547,1464.0
2020-01-03 18:03:00,107.6208,107.6357,107.6276,107.6316,9523.0
2020-01-03 18:04:00,107.5452,107.5797,107.5619,107.5708,4361.0
2020-01-03 18:05:00,107.6357,107.6158,107.5984,107.6071,7308.0
2020-01-03 18:06:00,107.5957,107.688,107.5884,107.6382,4182.0
2020-01-03 18:07:00,107.4775,107.4861,107.4124,107.4493,1679.0
2020-01-03 18:08:00,107.6088,107.6999,107.6016,107.6508,5699.0
2020-01-03 18:09:00,107.7667,107.8304,107.7293,107.7798,3519.0
2020-01-03 18:10:00,107.7709,107.7528,107.7274,107.7401,2117.0
2020-01-03 18:11:00,107.5947,107.6667,107.5931,107.6299,4117.0
2020-01-03 18:12:00,107.6972,107.6721,107.6573,107.6647,3137.0
2020-01-03 18:13:00,107.701,107.7055,107.6412,107.6733,861.0
2020-01-03 18:14:00,107.6953,107.722,107.6958,107.7089,698.0
2020-01-03 18:15:00,107.7861,107.7446,107.7115,107.7281,3843.0
2020-01-03 18:16:00,107.7826,107.8227,107.7347,107.7787,8708.0
2020-01-03 18:17:00,107.9785,107.9401,107.9068,107.9234,3517.0
2020-01-03 18:18:00,108.0699,107.996,107.9645,107.9802,6310.0
2020-01-03 18:19:00,107.8632,107.8868,107.8637,107.8753,2664.0
2020-01-03 18:20:00,108.0438,108.0773,107.9458,108.0115,8241.0
2020-01-03 18:21:00,108.1437,108.2041,108.1471,108.1756,1182.0
2020-01-03 18:22:00,108.4391,108.5109,108.4706,108.4908,687.0
2020-01-03 18:23:00,108.3687,108.382,108.3749,108.3784,7283.0
2020-01-03 18:24:00,108.3346,108.4241,108.3814,108.4027,3758.0
2020-01-03 18:25:00,108.1476,108.2272,108.1618,108.1945,5680.0
2020-01-03 18:26:00,108.2794,108.2553,108.2443,108.2498,6013.0
2020-01-03 18:27:00,108.1693,108.2504,108.1396,108.195,5126.0
2020-01-03 18:28:00,108.4229,108.4342,108.3405,108.3873,7154.0
2020-01-03 18:29:00,108.3249,108.3764,108.2434,108.3099,9651.0
2020-01-03 18:30:00,108.2335,108.2055,108.0764,108.141,880.0
2020-01-03 18:31:00,108.1201,108.1524,108.0353,108.0938,9828.0
2020-01-03 18:32:00,107.952,107.9261,107.8665,107.8963,270.0
2020-01-03 18:33:00,107.9915,108.0417,107.9011,107.9714,5119.0
2020-01-03 18:34:00,107.7805,107.7798,107.75,107.7649,4324.0
2020-01-03 18:35:00,107.826,107.7987,107.7368,107.7677,2827.0
2020-01-03 18:36:00,107.5934,107.5808,107.5391,107.56,2208.0
2020-01-03 18:37:00,107.5384,107.5472,107.5086,107.5279,9950.0
2020-01-03 18:38:00,107.7025,107.7018,107.6827,107.6923,6716.0
2020-01-03 18:39:00,107.7552,107.7337,107.723,107.7283,2885.0
2020-01-03 18:40:00,107.6084,107.6532,107.6308,107.642,496.0
2020-01-03 18:41:00,107.6032,107.6494,107.6283,107.6389,9095.0
2020-01-03 18:42:00,107.7119,107.7524,107.5289,107.6407,8131.0
2020-01-03 18:43:00,107.7811,107.7284,107.6475,107.6879,3104.0
2020-01-03 18:44:00,107.5048,107.6753,107.4272,107.5512,7864.0
2020-01-03 18:45:00,107.577,107.6353,107.5856,107.6105,8946.0
2020-01-03 18:46:00,107.3972,107.3443,107.3358,107.3401,7744.0
2020-01-03 18:47:00,107.3037,107.3437,107.2105,107.2771,8559.0
2020-01-03 18:48:00,107.2621,107.2687,107.1878,107.2282,1192.0
2020-01-03 18:49:00,107.3364,107.3867,107.1965,107.2916,9760.0
2020-01-03 18:50:00,107.2818,107.3199,107.2677,107.2938,9613.0
2020-01-03 18:51:00,107.1698,107.2492,107.0573,107.1533,1597.0
2020-01-03 18:52:00,107.0674,107.1169,106.9926,107.0548,7427.0
2020-01-03 18:53:00,107.0317,107.1273,107.022,107.0746,5093.0
2020-01-03 18:54:00,107.0825,107.0838,107.0497,107.0667,3179.0
2020-01-03 18:55:00,107.0707,107.012,107.0056,107.0088,9800.0
2020-01-03 18:56:00,106.944,107.0069,106.9146,106.9607,9113.0
2020-01-03 18:57:00,107.038,107.0529,107.0078,107.0304,2235.0
2020-01-03 18:58:00,106.9889,106.9994,106.9578,106.9786,1264.0
2020-01-03 18:59:00,106.9556,106.9764,106.9631,106.9698,2672.0
2020-01-03 19:00:00,107.2206,107.2027,107.1708,107.1868,5021.0
2020-01-03 19:01:00,107.0104,107.0901,106.9987,107.0444,4770.0
2020-01-03 19:02:00,106.9259,106.9036,106.8148,106.8592,786.0
2020-01-03 19:03:00,106.9689,106.989,106.8862,106.9376,9266.0
2020-01-03 19:04:00,106.8229,106.9611,106.7783,106.8697,8797.0
2020-01-03 19:05:00,106.9228,106.9188,106.757,106.8379,1870.0
2020-01-03 19:06:00,106.7682,106.7769,106.7426,106.7598,173.0
2020-01-03 19:07:00,106.6977,106.7724,106.6952,106.7338,5001.0
2020-01-03 19:08:00,106.9489,106.9306,106.8567,106.8937,680.0
2020-01-03 19:09:00,106.9986,107.0481,106.8996,106.9739,8514.0
2020-01-03 19:10:00,106.9715,107.116,107.0042,107.0601,996.0
2020-01-03 19:11:00,106.8922,106.9436,106.8934,106.9185,2533.0
2020-01-03 19:12:00,106.8173,106.8577,106.749,106.8034,4052.0
2020-01-03 19:13:00,106.4115,106.6053,106.4336,106.5194,7552.0
2020-01-03 19:14:00,106.4428,106.4646,106.4124,106.4385,2269.0
2020-01-03 19:15:00,106.5421,106.5797,106.4886,106.5342,9024.0
2020-01-03 19:16:00,106.5267,106.6471,106.5246,106.5859,1564.0
2020-01-03 19:17:00,106.5773,106.5829,106.5445,106.5637,922.0
2020-01-03 19:18:00,106.5619,106.6038,106.5192,106.5615,8748.0
2020-01-03 19:19:00,106.433,106.5194,106.4658,106.4926,2239.0
2020-01-03 19:20:00,106.5591,106.5562,106.47,106.5131,4781.0
2020-01-03 19:21:00,106.6316,106.619,106.5603,106.5897,8605.0
2020-01-03 19:22:00,106.4136,106.4928,106.3634,106.4281,2749.0
2020-01-03 19:23:00,106.4481,106.4968,106.4193,106.458,5189.0
2020-01-03 19:24:00,106.5876,106.5575,106.545,106.5513,3979.0
2020-01-03 19:25:00,106.4997,106.5489,106.4706,106.5098,7153.0
2020-01-03 19:26:00,106.4833,106.5955,106.5641,106.5798,1589.0
2020-01-03 19:27:00,106.8857,106.8636,106.859,106.8613,1764.0
2020-01-03 19:28:00,106.8102,106.89,106.8117,106.8509,2632.0
2020-01-03 19:29:00,106.8707,106.9382,106.8422,106.8902,755.0
2020-01-03 19:30:00,106.8893,106.8307,106.8021,106.8164,3818.0
2020-01-03 19:31:00,106.8278,106.8768,106.7923,106.8345,4082.0
2020-01-03 19:32:00,106.8806,106.9211,106.84,106.8806,2774.0
2020-01-03 19:33:00,106.9255,106.947,106.8531,106.9,7544.0
2020-01-03 19:34:00,106.8233,106.802,106.7942,106.7981,6309.0
2020-01-03 19:35:00,106.7727,106.8659,106.7715,106.8187,7966.0
2020-01-03 19:36:00,106.9619,107.0402,106.8896,106.9649,4115.0
2020-01-03 19:37:00,107.0116,107.0461,106.9735,107.0098,6076.0
2020-01-03 19:38:00,107.1196,107.2135,106.9985,107.106,300.0
2020-01-03 19:39:00,107.0967,107.1325,107.032,107.0823,6711.0
2020-01-03 19:40:00,107.2866,107.2115,107.1031,107.1573,8429.0
2020-01-03 19:41:00,107.1264,107.2213,107.1491,107.1852,1175.0
2020-01-03 19:42:00,107.1391,107.1337,107.0466,107.0901,1848.0
2020-01-03 19:43:00,107.1811,107.1592,107.0847,107.122,1575.0
2020-01-03 19:44:00,107.0474,107.0254,107.0202,107.0228,7045.0
2020-01-03 19:45:00,106.927,106.9885,106.9305,106.9595,5057.0
2020-01-03 19:46:00,107.0617,107.0119,106.9449,106.9784,4004.0
2020-01-03 19:47:00,106.8986,107.0554,106.961,107.0082,548.0
2020-01-03 19:48:00,106.8551,106.9387,106.8398,106.8892,168.0
2020-01-03 19:49:00,107.0532,107.0405,106.9488,106.9946,7196.0
2020-01-03 19:50:00,107.0333,107.0574,107.0463,107.0518,5008.0
2020-01-03 19:51:00,107.0612,106.9919,106.9709,106.9814,7469.0
2020-01-03 19:52:00,106.752,106.8751,106.7801,106.8276,7841.0
2020-01-03 19:53:00,106.7575,106.8266,106.7996,106.8131,1290.0
2020-01-03 19:54:00,106.7419,106.8816,106.6554,106.7685,1840.0
2020-01-03 19:55:00,106.8007,106.8051,106.7546,106.7798,3292.0
2020-01-03 19:56:00,106.7324,106.7652,106.7218,106.7435,3992.0
2020-01-03 19:57:00,106.5183,106.5708,106.5148,106.5428,8388.0
2020-01-03 19:58:00,106.575,106.5319,106.476,106.5039,9806.0
2020-01-03 19:59:00,106.5491,106.5068,106.4399,106.4734,6143.0
2020-01-03 20:00:00,106.516,106.5727,106.5008,106.5367,1176.0
2020-01-03 20:01:00,106.3814,106.5585,106.3753,106.4669,108.0
2020-01-03 20:02:00,106.5269,106.652,106.6176,106.6348,350.0
2020-01-03 20:03:00,106.4556,106.4746,106.4126,106.4436,8651.0
2020-01-03 20:04:00,106.6075,106.6042,106.5453,106.5747,2496.0
2020-01-03 20:05:00,106.5555,106.578,106.5266,106.5523,223.0
2020-01-03 20:06:00,106.6347,106.7069,106.5696,106.6383,9120.0
2020-01-03 20:07:00,106.606,106.7097,106.5828,106.6463,9726.0
2020-01-03 20:08:00,106.793,106.7936,106.7268,106.7602,7772.0
2020-01-03 20:09:00,106.8054,106.7496,106.6934,106.7215,2177.0
2020-01-03 20:10:00,106.5008,106.6124,106.6108,106.6116,9407.0
2020-01-03 20:11:00,106.7498,106.7672,106.7401,106.7537,695.0
2020-01-03 20:12:00,106.6938,106.8169,106.6678,106.7423,3186.0
2020-01-03 20:13:00,106.6899,106.7845,106.7445,106.7645,7064.0
2020-01-03 20:14:00,106.8314,106.8929,106.883,106.8879,1844.0
2020-01-03 20:15:00,106.8037,106.8162,106.7533,106.7847,122.0
2020-01-03 20:16:00,106.8645,106.8786,106.81,106.8443,8617.0
2020-01-03 20:17:00,106.8583,106.8313,106.7393,106.7853,5072.0
2020-01-03 20:18:00,106.7725,106.776,106.7682,106.7721,8254.0
2020-01-03 20:19:00,106.6914,106.7908,106.7678,106.7793,362.0
2020-01-03 20:20:00,106.6174,106.7374,106.5212,106.6293,1685.0
2020-01-03 20:21:00,106.4821,106.5725,106.5304,106.5514,532.0
2020-01-03 20:22:00,106.6262,106.7368,106.6363,106.6865,8851.0
2020-01-03 20:23:00,106.8042,106.7963,106.754,106.7751,6411.0
2020-01-03 20:24:00,106.7786,106.8057,106.732,106.7689,9994.0
2020-01-03 20:25:00,106.8226,106.9071,106.6793,106.7932,2588.0
2020-01-03 20:26:00,106.7459,106.8547,106.6728,106.7638,5794.0
2020-01-03 20:27:00,106.9389,106.9228,106.876,106.8994,6171.0
2020-01-03 20:28:00,106.8587,106.9363,106.8224,106.8794,313.0
2020-01-03 20:29:00,106.9584,107.0139,106.7913,106.9026,9957.0
2020-01-03 20:30:00,107.0344,107.0566,106.9778,107.0172,7123.0
2020-01-03 20:31:00,106.9291,106.9629,106.9159,106.9394,8021.0
2020-01-03 20:32:00,107.1059,107.1071,107.0835,107.0953,3578.0
2020-01-03 20:33:00,106.9414,106.9668,106.9178,106.9423,2897.0
2020-01-03 20:34:00,107.185,107.2327,106.9777,107.1052,9333.0
2020-01-03 20:35:00,107.0802,107.0873,107.0487,107.068,2491.0
2020-01-03 20:36:00,107.0436,107.0709,107.0165,107.0437,5465.0
2020-01-03 20:37:00,106.8428,106.9348,106.7746,106.8547,9375.0
2020-01-03 20:38:00,106.8514,106.8486,106.7698,106.8092,5861.0
2020-01-03 20:39:00,106.7406,106.7487,106.6617,106.7052,7316.0
2020-01-03 20:40:00,106.6308,106.7785,106.5105,106.6445,2050.0
2020-01-03 20:41:00,106.573,106.6454,106.6161,106.6307,6923.0
2020-01-03 20:42:00,106.6814,106.7716,106.6815,106.7265,947.0
2020-01-03 20:43:00,106.7381,106.7779,106.7167,106.7473,5602.0
2020-01-03 20:44:00,106.8455,106.8852,106.6709,106.778,7576.0
2020-01-03 20:45:00,106.656,106.6813,106.6557,106.6685,4771.0
2020-01-03 20:46:00,106.5507,106.5878,106.5731,106.5804,8836.0
2020-01-03 20:47:00,106.6723,106.8284,106.6921,106.7603,4253.0
2020-01-03 20:48:00,106.7624,106.7011,106.6724,106.6868,2211.0
2020-01-03 20:49:00,106.8808,106.9514,106.7534,106.8524,2272.0
2020-01-03 20:50:00,106.8679,106.8628,106.7934,106.8281,8671.0
2020-01-03 20:51:00,106.8764,106.8645,106.7921,106.8283,9453.0
2020-01-03 20:52:00,106.9271,107.0033,106.8674,106.9354,165.0
2020-01-03 20:53:00,107.0668,107.1135,107.0115,107.0625,5398.0
2020-01-03 20:54:00,107.1259,107.0595,107.0434,107.0515,897.0
2020-01-03 20:55:00,107.0216,107.0408,106.9844,107.0126,5390.0
2020-01-03 20:56:00,107.0364,107.0292,106.9849,107.007,731.0
2020-01-03 20:57:00,107.0844,107.0841,106.9976,107.0408,9659.0
2020-01-03 20:58:00,107.1621,107.2496,107.0104,107.13,3358.0
2020-01-03 20:59:00,107.124,107.1477,107.113,107.1304,7201.0
2020-01-03 21:00:00,107.1906,107.1999,107.1847,107.1923,8518.0
2020-01-03 21:01:00,107.395,107.3845,107.3278,107.3561,7533.0
2020-01-03 21:02:00,107.433,107.4324,107.3561,107.3942,8483.0
2020-01-03 21:03:00,107.4838,107.4277,107.4232,107.4254,2899.0
2020-01-03 21:04:00,107.3011,107.3395,107.2076,107.2735,5825.0
2020-01-03 21:05:00,107.0403,107.107,106.9139,107.0105,1249.0
2020-01-03 21:06:00,107.027,107.1057,106.9928,107.0493,3103.0
2020-01-03 21:07:00,107.0107,107.1595,106.9202,107.0398,3645.0
2020-01-03 21:08:00,107.0274,107.0245,106.9522,106.9883,119.0
2020-01-03 21:09:00,106.984,107.0221,107.0032,107.0127,8724.0
2020-01-03 21:10:00,107.0056,107.0157,106.9976,107.0066,1099.0
2020-01-03 21:11:00,107.1884,107.1318,107.107,107.1194,2758.0
2020-01-03 21:12:00,107.1891,107.1864,107.0697,107.128,2634.0
2020-01-03 21:13:00,107.0684,107.0779,107.0288,107.0533,4525.0
2020-01-03 21:14:00,107.1375,107.1812,107.1235,107.1524,1790.0
2020-01-03 21:15:00,107.1245,107.1481,107.1132,107.1306,7574.0
2020-01-03 21:16:00,107.2267,107.2803,107.0863,107.1833,6428.0
2020-01-03 21:17:00,107.1337,107.1727,107.0984,107.1356,8626.0
2020-01-03 21:18:00,107.0427,107.1328,107.0083,107.0706,2653.0
2020-01-03 21:19:00,107.1398,107.1082,107.0498,107.079,2610.0
2020-01-03 21:20:00,107.0893,107.1332,107.0274,107.0803,6152.0
2020-01-03 21:21:00,107.0994,107.1439,107.1126,107.1283,7238.0
2020-01-03 21:22:00,107.1253,107.1069,107.0959,107.1014,1971.0
2020-01-03 21:23:00,106.9663,106.9995,106.836,106.9178,1704.0
2020-01-03 21:24:00,106.8241,106.9266,106.8223,106.8745,9848.0
2020-01-03 21:25:00,106.9438,106.964,106.9437,106.9539,7243.0
2020-01-03 21:26:00,106.9118,106.946,106.9022,106.9241,9080.0
2020-01-03 21:27:00,106.9221,106.9255,106.8735,106.8995,741.0
2020-01-03 21:28:00,107.0297,107.0207,106.9756,106.9981,7402.0
2020-01-03 21:29:00,106.8993,107.0312,106.8226,106.9269,7470.0
2020-01-03 21:30:00,106.698,106.8374,106.7079,106.7726,3206.0
2020-01-03 21:31:00,106.8082,106.8295,106.6836,106.7566,9743.0
2020-01-03 21:32:00,106.6522,106.7689,106.6474,106.7082,3089.0
2020-01-03 21:33:00,106.6251,106.7066,106.5165,106.6115,5018.0
2020-01-03 21:34:00,106.5874,106.6734,106.5146,106.594,4403.0
2020-01-03 21:35:00,106.6513,106.6866,106.5997,106.6431,9170.0
2020-01-03 21:36:00,106.7248,106.7168,106.5676,106.6422,7842.0
2020-01-03 21:37:00,106.8248,106.7668,106.5791,106.6729,2489.0
2020-01-03 21:38:00,106.7726,106.9346,106.7739,106.8543,1712.0
2020-01-03 21:39:00,106.8692,106.8444,106.7956,106.82,7732.0
2020-01-03 21:40:00,106.84,106.8574,106.8382,106.8478,3564.0
2020-01-03 21:41:00,106.8493,106.8765,106.7173,106.7969,7080.0
2020-01-03 21:42:00,106.7601,106.7215,106.703,106.7122,8862.0
2020-01-03 21:43:00,106.7242,106.6842,106.6233,106.6538,9466.0
2020-01-03 21:44:00,106.6201,106.6215,106.5903,106.6059,5839.0
2020-01-03 21:45:00,106.5973,106.6653,106.6183,106.6418,5326.0
2020-01-03 21:46:00,106.9231,106.8988,106.8547,106.8767,5358.0
2020-01-03 21:47:00,106.811,106.814,106.7962,106.8051,379.0
2020-01-03 21:48:00,106.7518,106.8612,106.6657,106.7635,6315.0
2020-01-03 21:49:00,106.7333,106.803,106.7113,106.7572,2770.0
2020-01-03 21:50:00,106.8471,106.8678,106.7257,106.7967,5957.0
2020-01-03 21:51:00,106.9033,106.8324,106.8137,106.8231,2253.0
2020-01-03 21:52:00,106.8917,106.9676,106.9354,106.9515,7768.0
2020-01-03 21:53:00,106.74,106.7648,106.653,106.7089,6402.0
2020-01-03 21:54:00,106.4515,106.5267,106.4137,106.4702,5369.0
2020-01-03 21:55:00,106.3472,106.4318,106.4093,106.4206,4209.0
2020-01-03 21:56:00,106.5377,106.5372,106.5234,106.5303,2152.0
2020-01-03 21:57:00,106.3321,106.3958,106.3517,106.3737,3166.0
2020-01-03 21:58:00,105.9941,106.078,106.0679,106.073,9149.0
2020-01-03 21:59:00,106.091,106.1395,106.1207,106.1301,7346.0
2020-01-03 22:00:00,106.1031,106.2244,106.0845,106.1545,7872.0
2020-01-03 22:01:00,106.0131,106.0545,106.0364,106.0454,5986.0
2020-01-03 22:02:00,105.8806,106.0133,105.8805,105.9469,9068.0
2020-01-03 22:03:00,105.8302,105.8582,105.8416,105.8499,7645.0
2020-01-03 22:04:00,105.8253,105.9297,105.7923,105.861,3548.0
2020-01-03 22:05:00,105.8171,105.8124,105.7843,105.7983,7413.0
2020-01-03 22:06:00,105.8774,105.9063,105.7892,105.8477,7922.0
2020-01-03 22:07:00,105.5753,105.5686,105.5559,105.5623,1655.0
2020-01-03 22:08:00,105.4648,105.5182,105.435,105.4766,5789.0
2020-01-03 22:09:00,105.3509,105.3937,105.3343,105.364,3467.0
2020-01-03 22:10:00,105.2965,105.3458,105.331,105.3384,677.0
2020-01-03 22:11:00,105.2439,105.37,105.1991,105.2846,5616.0
2020-01-03 22:12:00,105.3995,105.4225,105.3062,105.3643,2622.0
2020-01-03 22:13:00,105.0904,105.1861,105.1708,105.1784,5793.0
2020-01-03 22:14:00,105.1789,105.2187,105.1472,105.183,145.0
2020-01-03 22:15:00,105.2226,105.2584,105.2191,105.2388,5824.0
2020-01-03 22:16:00,105.4544,105.4262,105.4228,105.4245,1080.0
2020-01-03 22:17:00,105.305,105.3943,105.3582,105.3763,5647.0
2020-01-03 22:18:00,105.4093,105.447,105.3704,105.4087,3394.0
2020-01-03 22:19:00,105.2455,105.3,105.1567,105.2283,6088.0
2020-01-03 22:20:00,104.8939,105.0291,104.9492,104.9891,2214.0
2020-01-03 22:21:00,105.0199,105.1197,105.0275,105.0736,8917.0
2020-01-03 22:22:00,105.0685,105.1192,105.0269,105.0731,3654.0
2020-01-03 22:23:00,105.2166,105.2185,105.1633,105.1909,7829.0
2020-01-03 22:24:00,105.0627,105.1105,104.9966,105.0536,357.0
2020-01-03 22:25:00,105.1336,105.1906,105.0205,105.1056,4143.0
2020-01-03 22:26:00,105.2385,105.3827,105.2022,105.2924,7051.0
2020-01-03 22:27:00,105.255,105.3461,105.3227,105.3344,352.0
2020-01-03 22:28:00,105.3663,105.3806,105.3435,105.3621,5800.0
2020-01-03 22:29:00,105.3015,105.3935,105.3323,105.3629,9504.0
2020-01-03 22:30:00,105.1626,105.2334,105.1783,105.2058,6396.0
2020-01-03 22:31:00,105.388,105.3515,105.3313,105.3414,2224.0
2020-01-03 22:32:00,105.2898,105.3428,105.2178,105.2803,6946.0
2020-01-03 22:33:00,105.3024,105.346,105.3155,105.3308,9016.0
2020-01-03 22:34:00,105.1396,105.202,105.1469,105.1745,4763.0
2020-01-03 22:35:00,105.0876,105.0928,105.0202,105.0565,5974.0
2020-01-03 22:36:00,105.2106,105.2175,105.1826,105.2,9469.0
2020-01-03 22:37:00,105.1046,105.1788,105.1517,105.1653,2302.0
2020-01-03 22:38:00,105.2132,105.3603,105.2609,105.3106,2941.0
2020-01-03 22:39:00,105.3969,105.3061,105.2995,105.3028,370.0
2020-01-03 22:40:00,105.0575,105.1419,105.0954,105.1186,8853.0
2020-01-03 22:41:00,105.2342,105.2168,105.1988,105.2078,5609.0
2020-01-03 22:42:00,105.2244,105.2361,105.0615,105.1488,3239.0
2020-01-03 22:43:00,105.2261,105.2278,105.2096,105.2187,1793.0
2020-01-03 22:44:00,105.1912,105.2556,105.1868,105.2212,9136.0
2020-01-03 22:45:00,104.9956,105.0839,105.0499,105.0669,3723.0
2020-01-03 22:46:00,105.0113,105.1594,105.0073,105.0833,5094.0
2020-01-03 22:47:00,105.3218,105.3161,105.2898,105.303,7180.0
2020-01-03 22:48:00,105.4248,105.3766,105.3279,105.3522,9394.0
2020-01-03 22:49:00,105.3267,105.3861,105.3069,105.3465,850.0
2020-01-03 22:50:00,105.4262,105.5712,105.3369,105.454,7839.0
2020-01-03 22:51:00,105.51,105.4823,105.4679,105.4751,4513.0
2020-01-03 22:52:00,105.4618,105.5483,105.4438,105.4961,8114.0
2020-01-03 22:53:00,105.4006,105.4293,105.3445,105.3869,2186.0
2020-01-03 22:54:00,105.4124,105.5036,105.317,105.4103,5801.0
2020-01-03 22:55:00,105.4933,105.5299,105.4977,105.5138,3965.0
2020-01-03 22:56:00,105.4294,105.4723,105.3882,105.4302,8798.0
2020-01-03 22:57:00,105.6608,105.6341,105.5112,105.5727,428.0
2020-01-03 22:58:00,105.5937,105.6143,105.5126,105.5635,8513.0
2020-01-03 22:59:00,105.5293,105.481,105.4684,105.4747,3987.0
2020-01-03 23:00:00,105.5285,105.6094,105.5396,105.5745,6916.0
2020-01-03 23:01:00,105.6006,105.5499,105.5417,105.5458,6416.0
2020-01-03 23:02:00,105.6537,105.6447,105.5988,105.6218,9270.0
2020-01-03 23:03:00,105.5176,105.638,105.5472,105.5926,3193.0
2020-01-03 23:04:00,105.6136,105.6033,105.5699,105.5866,7053.0
2020-01-03 23:05:00,105.6103,105.6549,105.617,105.6359,720.0
2020-01-03 23:06:00,105.5877,105.6928,105.6373,105.665,3565.0
2020-01-03 23:07:00,105.472,105.5085,105.4225,105.4655,6290.0
2020-01-03 23:08:00,105.3803,105.3723,105.3344,105.3534,9923.0
2020-01-03 23:09:00,105.4539,105.4881,105.4045,105.4463,5344.0
2020-01-03 23:10:00,105.4276,105.4422,105.424,105.4331,5514.0
2020-01-03 23:11:00,105.3642,105.4281,105.3333,105.3807,5035.0
2020-01-03 23:12:00,105.3682,105.314,105.1757,105.2449,9852.0
2020-01-03 23:13:00,105.0778,105.2415,105.0322,105.1369,6813.0
2020-01-03 23:14:00,104.9783,105.0101,104.8593,104.9347,6174.0
2020-01-03 23:15:00,104.9253,104.9501,104.899,104.9246,6781.0
2020-01-03 23:16:00,104.822,104.8951,104.8344,104.8647,5516.0
2020-01-03 23:17:00,104.7657,104.8219,104.7142,104.7681,8335.0
2020-01-03 23:18:00,104.6916,104.7981,104.7244,104.7613,4569.0
2020-01-03 23:19:00,104.7679,104.8114,104.7839,104.7977,6856.0
2020-01-03 23:20:00,105.0046,105.0862,104.9278,105.007,1127.0
2020-01-03 23:21:00,104.7782,104.927,104.7846,104.8558,9124.0
2020-01-03 23:22:00,104.997,104.9797,104.9638,104.9717,7900.0
2020-01-03 23:23:00,105.0208,105.0888,105.0492,105.069,1488.0
2020-01-03 23:24:00,104.9185,105.01,104.9722,104.9911,1012.0
2020-01-03 23:25:00,104.9574,105.1122,104.9107,105.0115,9384.0
2020-01-03 23:26:00,105.0745,104.9954,104.936,104.9657,7739.0
2020-01-03 23:27:00,104.8854,104.9974,104.9712,104.9843,7772.0
2020-01-03 23:28:00,105.157,105.1449,105.1255,105.1352,5532.0
2020-01-03 23:29:00,105.1581,105.2597,105.1318,105.1957,5291.0
2020-01-03 23:30:00,105.2291,105.3158,105.1774,105.2466,9561.0
2020-01-03 23:31:00,105.2338,105.2334,105.1737,105.2036,857.0
2020-01-03 23:32:00,105.0829,105.0977,105.0127,105.0552,8143.0
2020-01-03 23:33:00,105.0003,105.0482,105.0204,105.0343,5292.0
2020-01-03 23:34:00,105.0871,105.1583,105.1516,105.155,2933.0
2020-01-03 23:35:00,105.0334,105.0238,104.9808,105.0023,7795.0
2020-01-03 23:36:00,104.9244,104.9141,104.8794,104.8967,3161.0
2020-01-03 23:37:00,104.8951,104.9532,104.8655,104.9094,2187.0
2020-01-03 23:38:00,104.833,104.8952,104.7266,104.8109,3210.0
2020-01-03 23:39:00,104.7094,104.8522,104.6111,104.7317,7128.0
2020-01-03 23:40:00,104.6479,104.6965,104.6821,104.6893,3343.0
2020-01-03 23:41:00,104.5529,104.5906,104.5149,104.5527,7757.0
2020-01-03 23:42:00,104.4813,104.5291,104.3815,104.4553,7699.0
2020-01-03 23:43:00,104.5411,104.598,104.4533,104.5257,1824.0
2020-01-03 23:44:00,104.4204,104.4117,104.3782,104.3949,9225.0
2020-01-03 23:45:00,104.1971,104.2699,104.2003,104.2351,654.0
2020-01-03 23:46:00,104.2512,104.2301,104.1142,104.1721,8295.0
2020-01-03 23:47:00,104.2282,104.2593,104.2313,104.2453,1384.0
2020-01-03 23:48:00,104.2197,104.2688,104.1824,104.2256,5076.0
2020-01-03 23:49:00,104.1132,104.1798,104.1785,104.1792,6258.0
2020-01-03 23:50:00,104.1739,104.185,104.1823,104.1836,8379.0
2020-01-03 23:51:00,104.0357,104.0401,103.978,104.009,6203.0
2020-01-03 23:52:00,104.0966,104.077,104.04,104.0585,5203.0
2020-01-03 23:53:00,104.175,104.1084,104.0853,104.0969,9932.0
2020-01-03 23:54:00,104.0819,104.0964,104.0154,104.0559,316.0
2020-01-03 23:55:00,104.1704,104.1639,104.1491,104.1565,6653.0
2020-01-03 23:56:00,104.0215,104.085,104.0025,104.0438,8482.0
2020-01-03 23:57:00,104.1235,104.1859,104.1273,104.1566,1833.0
2020-01-03 23:58:00,104.2205,104.2006,104.1434,104.172,4812.0
2020-01-03 23:59:00,104.1859,104.2077,104.069,104.1384,7294.0
2020-01-04 00:00:00,104.0825,104.1923,104.0804,104.1364,1305.0
2020-01-04 00:01:00,104.1618,104.1493,104.102,104.1256,2742.0
2020-01-04 00:02:00,104.2802,104.3358,104.1595,104.2477,6473.0
2020-01-04 00:03:00,104.0843,104.1529,104.1271,104.14,3455.0
2020-01-04 00:04:00,104.0908,104.2045,103.923,104.0638,2264.0
2020-01-04 00:05:00,104.1149,104.1775,104.1572,104.1674,199.0
2020-01-04 00:06:00,103.9864,104.1146,104.1011,104.1078,699.0
2020-01-04 00:07:00,104.1899,104.3287,104.067,104.1979,9151.0
2020-01-04 00:08:00,104.3807,104.4345,104.3011,104.3678,5884.0
2020-01-04 00:09:00,104.3219,104.3633,104.292,104.3276,6538.0
2020-01-04 00:10:00,104.5391,104.4122,104.3794,104.3958,5942.0
2020-01-04 00:11:00,104.2994,104.2917,104.2691,104.2804,7280.0
2020-01-04 00:12:00,104.3632,104.4203,104.2915,104.3559,7842.0
2020-01-04 00:13:00,104.3973,104.4294,104.3223,104.3758,9285.0
2020-01-04 00:14:00,104.4011,104.4699,104.3764,104.4231,4010.0
2020-01-04 00:15:00,104.405,104.4129,104.3043,104.3586,9468.0
2020-01-04 00:16:00,104.2105,104.1998,104.1851,104.1925,5920.0
2020-01-04 00:17:00,104.2585,104.2689,104.2167,104.2428,1476.0
2020-01-04 00:18:00,104.0052,104.0832,103.9897,104.0365,8863.0
2020-01-04 00:19:00,103.9265,104.0645,103.9449,104.0047,9807.0
2020-01-04 00:20:00,104.0738,104.172,104.0256,104.0988,4759.0
2020-01-04 00:21:00,104.1322,104.1773,104.0588,104.118,8471.0
2020-01-04 00:22:00,104.2906,104.3375,104.2882,104.3129,825.0
2020-01-04 00:23:00,104.43,104.4299,104.4009,104.4154,1140.0
2020-01-04 00:24:00,104.3384,104.4108,104.2892,104.35,6369.0
2020-01-04 00:25:00,104.3742,104.365,104.3404,104.3527,181.0
2020-01-04 00:26:00,104.2991,104.3822,104.3138,104.348,5835.0
2020-01-04 00:27:00,104.1994,104.281,104.0985,104.1898,1305.0
2020-01-04 00:28:00,104.0637,104.1486,104.0429,104.0957,6773.0
2020-01-04 00:29:00,103.9627,104.0744,104.0048,104.0396,5872.0
2020-01-04 00:30:00,103.8278,103.8958,103.7762,103.836,6242.0
2020-01-04 00:31:00,103.9176,103.8849,103.7967,103.8408,3081.0
2020-01-04 00:32:00,103.7429,103.8437,103.788,103.8159,5406.0
2020-01-04 00:33:00,103.6545,103.6792,103.6179,103.6486,3546.0
2020-01-04 00:34:00,103.7289,103.7198,103.6582,103.689,9782.0
2020-01-04 00:35:00,103.8756,103.8535,103.6677,103.7606,2388.0
2020-01-04 00:36:00,103.7586,103.7854,103.7811,103.7833,5956.0
2020-01-04 00:37:00,103.7193,103.766,103.7358,103.7509,2481.0
2020-01-04 00:38:00,103.7517,103.8425,103.7776,103.81,8339.0
2020-01-04 00:39:00,103.9351,103.9246,103.8315,103.878,4108.0
2020-01-04 00:40:00,103.8654,103.9326,103.8849,103.9088,7371.0
2020-01-04 00:41:00,103.8078,103.8372,103.8154,103.8263,8754.0
2020-01-04 00:42:00,103.7615,103.8934,103.8145,103.854,5293.0
2020-01-04 00:43:00,104.0177,104.0455,103.9016,103.9735,7834.0
2020-01-04 00:44:00,103.9718,103.9774,103.8504,103.9139,2464.0
2020-01-04 00:45:00,104.1659,104.1835,104.0639,104.1237,8021.0
2020-01-04 00:46:00,103.9908,104.1018,104.0404,104.0711,1893.0
2020-01-04 00:47:00,104.1047,104.0913,104.0574,104.0743,3640.0
2020-01-04 00:48:00,103.9235,104.0796,103.9346,104.0071,9325.0
2020-01-04 00:49:00,104.0323,104.0855,103.9733,104.0294,8879.0
2020-01-04 00:50:00,103.8654,103.8915,103.8188,103.8552,7525.0
2020-01-04 00:51:00,103.8161,103.839,103.7622,103.8006,5852.0
2020-01-04 00:52:00,103.7181,103.7723,103.6105,103.6914,7076.0
2020-01-04 00:53:00,103.7045,103.8046,103.6052,103.7049,2874.0
2020-01-04 00:54:00,103.7062,103.8419,103.7668,103.8044,575.0
2020-01-04 00:55:00,103.8957,103.9081,103.8298,103.869,4440.0
2020-01-04 00:56:00,103.6367,103.6608,103.6028,103.6318,7604.0
2020-01-04 00:57:00,103.7909,103.9334,103.7386,103.836,4683.0
2020-01-04 00:58:00,103.7871,103.8789,103.8521,103.8655,7988.0
2020-01-04 00:59:00,103.8649,103.8305,103.7452,103.7879,5123.0
2020-01-04 01:00:00,103.8652,103.8089,103.7983,103.8036,5681.0
2020-01-04 01:01:00,103.8565,103.8346,103.8078,103.8212,5585.0
2020-01-04 01:02:00,103.7207,103.8377,103.6714,103.7545,3666.0
2020-01-04 01:03:00,103.6485,103.8013,103.7473,103.7743,6460.0
2020-01-04 01:04:00,103.7518,103.7861,103.641,103.7136,1448.0
2020-01-04 01:05:00,103.6915,103.6859,103.6604,103.6731,2457.0
2020-01-04 01:06:00,103.5858,103.6469,103.5621,103.6045,5100.0
2020-01-04 01:07:00,103.5175,103.4904,103.4321,103.4612,5314.0
2020-01-04 01:08:00,103.5182,103.481,103.4707,103.4758,6008.0
2020-01-04 01:09:00,103.5432,103.5657,103.503,103.5343,4708.0
2020-01-04 01:10:00,103.5876,103.6412,103.5305,103.5858,2546.0
2020-01-04 01:11:00,103.6704,103.7279,103.6078,103.6678,9892.0
2020-01-04 01:12:00,103.7343,103.7275,103.673,103.7003,3177.0
2020-01-04 01:13:00,103.6041,103.6539,103.6401,103.647,6155.0
2020-01-04 01:14:00,103.7523,103.7458,103.7162,103.731,8198.0
2020-01-04 01:15:00,103.5492,103.6246,103.5658,103.5952,9978.0
2020-01-04 01:16:00,103.572,103.5777,103.4326,103.5051,4855.0
2020-01-04 01:17:00,103.4353,103.4646,103.3529,103.4087,2101.0
2020-01-04 01:18:00,103.4823,103.5298,103.5036,103.5167,8426.0
2020-01-04 01:19:00,103.615,103.6233,103.5987,103.611,1889.0
2020-01-04 01:20:00,103.617,103.6624,103.657,103.6597,7347.0
2020-01-04 01:21:00,103.8421,103.8318,103.7021,103.7669,8048.0
2020-01-04 01:22:00,103.7601,103.7225,103.6355,103.679,3007.0
2020-01-04 01:23:00,103.7487,103.751,103.6767,103.7139,6634.0
2020-01-04 01:24:00,103.7792,103.7351,103.6676,103.7013,6842.0
2020-01-04 01:25:00,103.7936,103.8214,103.7507,103.786,7162.0
2020-01-04 01:26:00,103.8127,103.7933,103.7558,103.7745,2370.0
2020-01-04 01:27:00,103.7972,103.8,103.672,103.736,9119.0
2020-01-04 01:28:00,103.7898,103.8328,103.7474,103.7901,8086.0
2020-01-04 01:29:00,103.8813,103.9346,103.8208,103.8777,9635.0
2020-01-04 01:30:00,103.8576,103.8264,103.7954,103.8109,7373.0
2020-01-04 01:31:00,103.8371,103.833,103.7766,103.8048,6496.0
2020-01-04 01:32:00,103.6612,103.7419,103.656,103.6989,4394.0
2020-01-04 01:33:00,103.3398,103.4749,103.4234,103.4491,3227.0
2020-01-04 01:34:00,103.4604,103.4914,103.447,103.4692,7171.0
2020-01-04 01:35:00,103.4252,103.5724,103.4878,103.5301,8698.0
2020-01-04 01:36:00,103.5067,103.6434,103.4692,103.5563,1561.0
2020-01-04 01:37:00,103.3176,103.4183,103.3043,103.3613,1874.0
2020-01-04 01:38:00,103.2978,103.3748,103.2777,103.3262,5676.0
2020-01-04 01:39:00,103.1454,103.1681,103.0407,103.1044,9662.0
2020-01-04 01:40:00,103.2932,103.2482,103.2346,103.2414,8777.0
2020-01-04 01:41:00,103.1582,103.1779,103.0876,103.1328,7096.0
2020-01-04 01:42:00,103.2899,103.2714,103.2452,103.2583,462.0
2020-01-04 01:43:00,103.3857,103.3701,103.3356,103.3529,8233.0
2020-01-04 01:44:00,103.138,103.2842,103.2414,103.2628,3901.0
2020-01-04 01:45:00,103.1501,103.2497,103.0494,103.1496,311.0
2020-01-04 01:46:00,103.0948,103.2066,103.1626,103.1846,4896.0
2020-01-04 01:47:00,103.1256,103.1406,103.0597,103.1002,8114.0
2020-01-04 01:48:00,103.0057,103.1485,103.0723,103.1104,7120.0
2020-01-04 01:49:00,103.0531,103.1143,103.0099,103.0621,2761.0
2020-01-04 01:50:00,102.9114,102.9666,102.8014,102.884,9207.0
2020-01-04 01:51:00,102.6051,102.6991,102.6228,102.661,9752.0
2020-01-04 01:52:00,102.7317,102.756,102.6113,102.6836,1193.0
2020-01-04 01:53:00,102.6528,102.6397,102.6153,102.6275,7844.0
2020-01-04 01:54:00,102.5912,102.5818,102.5626,102.5722,5153.0
2020-01-04 01:55:00,102.6766,102.7484,102.5351,102.6417,1651.0
2020-01-04 01:56:00,102.7411,102.7714,102.7468,102.7591,9625.0
2020-01-04 01:57:00,102.7394,102.7672,102.6964,102.7318,9156.0
2020-01-04 01:58:00,102.6983,102.7119,102.6837,102.6978,9578.0
2020-01-04 01:59:00,102.7472,102.8046,102.691,102.7478,4255.0
2020-01-04 02:00:00,102.5785,102.6749,102.5493,102.6121,4717.0
2020-01-04 02:01:00,102.5723,102.6631,102.6057,102.6344,8600.0
2020-01-04 02:02:00,102.6728,102.7458,102.6334,102.6896,1643.0
2020-01-04 02:03:00,102.738,102.8183,102.697,102.7576,1505.0
2020-01-04 02:04:00,102.5271,102.5847,102.5432,102.564,6584.0
2020-01-04 02:05:00,102.5304,102.5351,102.4406,102.4878,5821.0
2020-01-04 02:06:00,102.3414,102.4026,102.3974,102.4,1672.0
2020-01-04 02:07:00,102.4014,102.4536,102.3663,102.41,2101.0
2020-01-04 02:08:00,102.5164,102.4663,102.4498,102.4581,9191.0
2020-01-04 02:09:00,102.6532,102.6643,102.5511,102.6077,1207.0
2020-01-04 02:10:00,102.619,102.5666,102.5498,102.5582,8275.0
2020-01-04 02:11:00,102.4789,102.516,102.501,102.5085,3405.0
2020-01-04 02:12:00,102.6627,102.6281,102.6187,102.6234,4957.0
2020-01-04 02:13:00,102.5999,102.6932,102.613,102.6531,7371.0
2020-01-04 02:14:00,102.7661,102.8132,102.7465,102.7799,4420.0
2020-01-04 02:15:00,102.7996,102.9186,102.6989,102.8087,5612.0
2020-01-04 02:16:00,102.6642,102.7166,102.6695,102.693,8693.0
2020-01-04 02:17:00,102.5416,102.6091,102.5103,102.5597,3347.0
2020-01-04 02:18:00,102.3799,102.4269,102.3822,102.4046,3956.0
2020-01-04 02:19:00,102.4216,102.5028,102.4387,102.4708,9681.0
2020-01-04 02:20:00,102.6324,102.6464,102.5329,102.5896,5392.0
2020-01-04 02:21:00,102.7654,102.7993,102.7498,102.7746,4499.0
2020-01-04 02:22:00,102.8689,102.8659,102.8518,102.8589,2498.0
2020-01-04 02:23:00,102.9833,102.9814,102.9689,102.9752,8383.0
2020-01-04 02:24:00,102.9199,103.0083,102.826,102.9171,5322.0
2020-01-04 02:25:00,102.8061,102.8488,102.7542,102.8015,2279.0
2020-01-04 02:26:00,102.8712,102.9753,102.7978,102.8865,1412.0
2020-01-04 02:27:00,102.9992,102.9299,102.9267,102.9283,9190.0
2020-01-04 02:28:00,102.9771,103.0308,102.8473,102.939,3272.0
2020-01-04 02:29:00,102.9787,102.9867,102.9688,102.9778,6032.0
2020-01-04 02:30:00,102.9877,103.0581,102.9621,103.0101,3192.0
2020-01-04 02:31:00,103.1325,103.1567,103.1202,103.1385,8540.0
2020-01-04 02:32:00,103.2888,103.3417,103.1942,103.268,2732.0
2020-01-04 02:33:00,103.3974,103.3306,103.3142,103.3224,3484.0
2020-01-04 02:34:00,103.3383,103.4498,103.3641,103.407,4363.0
2020-01-04 02:35:00,103.4914,103.483,103.4338,103.4584,3804.0
2020-01-04 02:36:00,103.4686,103.4509,103.3736,103.4123,5728.0
2020-01-04 02:37:00,103.4136,103.5407,103.4351,103.4879,1297.0
2020-01-04 02:38:00,103.3394,103.3838,103.3132,103.3485,4603.0
2020-01-04 02:39:00,103.4006,103.4917,103.416,103.4539,8792.0
2020-01-04 02:40:00,103.3559,103.3773,103.2915,103.3344,9453.0
2020-01-04 02:41:00,103.3451,103.4171,103.3089,103.363,8390.0
2020-01-04 02:42:00,103.272,103.3374,103.2195,103.2785,3228.0
2020-01-04 02:43:00,103.3133,103.3514,103.3162,103.3338,2394.0
2020-01-04 02:44:00,103.3664,103.3459,103.315,103.3304,9004.0
2020-01-04 02:45:00,103.1824,103.2051,103.1367,103.1709,4014.0
2020-01-04 02:46:00,103.2246,103.2133,103.2128,103.213,8398.0
2020-01-04 02:47:00,103.1632,103.2316,103.0789,103.1552,7088.0
2020-01-04 02:48:00,103.272,103.292,103.1946,103.2433,8337.0
2020-01-04 02:49:00,103.2304,103.341,103.1459,103.2435,3231.0
2020-01-04 02:50:00,103.368,103.3058,103.2602,103.283,9241.0
2020-01-04 02:51:00,103.1255,103.1928,103.1817,103.1872,3898.0
2020-01-04 02:52:00,103.042,103.1638,103.0928,103.1283,5337.0
2020-01-04 02:53:00,102.992,103.1151,103.0498,103.0824,4824.0
2020-01-04 02:54:00,103.0641,103.2101,103.1262,103.1681,6635.0
2020-01-04 02:55:00,103.3695,103.4463,103.2254,103.3359,3417.0
2020-01-04 02:56:00,103.2829,103.288,103.2227,103.2553,4144.0
2020-01-04 02:57:00,103.4234,103.4789,103.2471,103.363,7458.0
2020-01-04 02:58:00,103.0932,103.1752,103.1169,103.1461,2321.0
2020-01-04 02:59:00,103.0639,103.0604,102.9928,103.0266,4367.0
2020-01-04 03:00:00,102.9336,102.9894,102.8721,102.9308,9249.0
2020-01-04 03:01:00,102.8038,102.7964,102.7947,102.7955,6919.0
2020-01-04 03:02:00,102.6684,102.677,102.5973,102.6372,5004.0
2020-01-04 03:03:00,102.6406,102.7144,102.6425,102.6785,4818.0
2020-01-04 03:04:00,102.7864,102.684,102.6301,102.657,4914.0
2020-01-04 03:05:00,102.7616,102.7111,102.6789,102.695,9726.0
2020-01-04 03:06:00,102.7374,102.7726,102.7554,102.764,7337.0
2020-01-04 03:07:00,102.7361,102.82,102.7612,102.7906,3084.0
2020-01-04 03:08:00,102.852,102.857,102.8557,102.8564,5736.0
2020-01-04 03:09:00,102.8585,102.9078,102.791,102.8494,3356.0
2020-01-04 03:10:00,102.784,102.7702,102.6912,102.7307,9728.0
2020-01-04 03:11:00,102.7781,102.8506,102.8224,102.8365,4573.0
2020-01-04 03:12:00,102.7919,102.8248,102.7304,102.7776,8264.0
2020-01-04 03:13:00,102.6076,102.7093,102.6588,102.684,7279.0
2020-01-04 03:14:00,102.6881,102.6744,102.658,102.6662,1532.0
2020-01-04 03:15:00,102.5696,102.5951,102.5548,102.575,517.0
2020-01-04 03:16:00,102.63,102.5807,102.4857,102.5332,6574.0
2020-01-04 03:17:00,102.4903,102.5908,102.5444,102.5676,1082.0
2020-01-04 03:18:00,102.671,102.6692,102.5357,102.6025,6523.0
2020-01-04 03:19:00,102.4275,102.5596,102.4657,102.5127,1238.0
2020-01-04 03:20:00,102.3975,102.4891,102.4387,102.4639,3028.0
2020-01-04 03:21:00,102.4875,102.579,102.5636,102.5713,9525.0
2020-01-04 03:22:00,102.6335,102.6369,102.605,102.621,4642.0
2020-01-04 03:23:00,102.7698,102.8878,102.7691,102.8285,930.0
2020-01-04 03:24:00,102.8791,103.0077,102.8853,102.9465,7732.0
2020-01-04 03:25:00,103.0711,103.1277,102.9942,103.0609,4388.0
2020-01-04 03:26:00,102.9447,102.9242,102.9201,102.9221,2960.0
2020-01-04 03:27:00,103.0005,103.0263,102.9708,102.9985,7205.0
2020-01-04 03:28:00,102.9851,103.0604,102.926,102.9932,5475.0
2020-01-04 03:29:00,103.0296,102.9693,102.9069,102.9381,7890.0
2020-01-04 03:30:00,102.9622,102.9708,102.939,102.9549,2571.0
2020-01-04 03:31:00,103.0897,103.0502,103.0486,103.0494,6334.0
2020-01-04 03:32:00,103.1067,103.1445,103.0545,103.0995,4936.0
2020-01-04 03:33:00,102.9568,103.0574,102.9659,103.0117,6388.0
2020-01-04 03:34:00,103.1134,103.0975,103.0744,103.0859,7695.0
2020-01-04 03:35:00,102.9894,103.0976,102.9467,103.0222,4437.0
2020-01-04 03:36:00,103.0393,103.0561,103.0315,103.0438,9801.0
2020-01-04 03:37:00,103.0288,103.0594,102.9676,103.0135,5250.0
2020-01-04 03:38:00,102.8945,103.0661,102.9171,102.9916,9064.0
2020-01-04 03:39:00,102.9878,103.1314,103.005,103.0682,5279.0
2020-01-04 03:40:00,103.0097,102.9805,102.9479,102.9642,1878.0
2020-01-04 03:41:00,103.1255,103.2268,103.0907,103.1587,8880.0
2020-01-04 03:42:00,102.9458,102.9786,102.9747,102.9766,372.0
2020-01-04 03:43:00,102.9252,102.9274,102.9063,102.9169,1601.0
2020-01-04 03:44:00,102.9346,103.013,102.8947,102.9539,7002.0
2020-01-04 03:45:00,103.0332,103.0895,102.9351,103.0123,7188.0
2020-01-04 03:46:00,102.9997,103.0283,102.9762,103.0023,3676.0
2020-01-04 03:47:00,103.0064,102.9971,102.9959,102.9965,7728.0
2020-01-04 03:48:00,103.0025,103.0659,103.0093,103.0376,5827.0
2020-01-04 03:49:00,103.0241,103.0386,102.9903,103.0145,1381.0
2020-01-04 03:50:00,103.209,103.1947,103.1129,103.1538,9106.0
2020-01-04 03:51:00,103.2093,103.2447,103.2307,103.2377,1369.0
2020-01-04 03:52:00,103.3708,103.4075,103.2425,103.325,4435.0
2020-01-04 03:53:00,103.2258,103.2714,103.1853,103.2284,9443.0
2020-01-04 03:54:00,103.2572,103.2458,103.1951,103.2204,2354.0
2020-01-04 03:55:00,103.1968,103.2574,103.1234,103.1904,1675.0
2020-01-04 03:56:00,103.0882,103.1739,103.0057,103.0898,9124.0
2020-01-04 03:57:00,103.1433,103.1917,103.0601,103.1259,9661.0
2020-01-04 03:58:00,103.1328,103.1198,103.0243,103.0721,8859.0
2020-01-04 03:59:00,103.1494,103.1539,103.1214,103.1376,3287.0
2020-01-04 04:00:00,103.0545,103.0967,102.9646,103.0306,3383.0
2020-01-04 04:01:00,103.1841,103.2832,103.1218,103.2025,698.0
2020-01-04 04:02:00,103.1914,103.1875,103.0383,103.1129,6511.0
2020-01-04 04:03:00,103.1668,103.1475,103.1221,103.1348,8335.0
2020-01-04 04:04:00,103.2179,103.2714,103.1566,103.214,1981.0
2020-01-04 04:05:00,103.1508,103.1693,103.1446,103.1569,3643.0
2020-01-04 04:06:00,103.2911,103.2783,103.2061,103.2422,6252.0
2020-01-04 04:07:00,103.089,103.1413,103.0972,103.1193,1983.0
2020-01-04 04:08:00,103.1753,103.2969,103.2321,103.2645,7456.0
2020-01-04 04:09:00,103.2695,103.3615,103.1703,103.2659,8672.0
2020-01-04 04:10:00,103.2657,103.2173,103.1952,103.2062,6051.0
2020-01-04 04:11:00,103.2559,103.2442,103.1085,103.1763,5862.0
2020-01-04 04:12:00,103.2519,103.2674,103.247,103.2572,6970.0
2020-01-04 04:13:00,103.201,103.2581,103.1394,103.1988,2262.0
2020-01-04 04:14:00,103.1498,103.1482,103.0994,103.1238,1758.0
2020-01-04 04:15:00,103.0885,103.1108,103.0926,103.1017,6682.0
2020-01-04 04:16:00,103.0098,102.9946,102.9734,102.984,8137.0
2020-01-04 04:17:00,103.1618,103.1786,103.1535,103.166,2992.0
2020-01-04 04:18:00,103.16,103.1434,103.0754,103.1094,6143.0
2020-01-04 04:19:00,103.2287,103.2505,103.1347,103.1926,3082.0
2020-01-04 04:20:00,103.254,103.2167,103.2103,103.2135,9167.0
2020-01-04 04:21:00,103.1048,103.2815,102.9486,103.1151,7971.0
2020-01-04 04:22:00,103.2108,103.1268,103.1021,103.1145,3615.0
2020-01-04 04:23:00,103.2171,103.2079,103.1778,103.1929,7927.0
2020-01-04 04:24:00,103.1864,103.2232,103.1249,103.174,127.0
2020-01-04 04:25:00,103.2553,103.3091,103.2776,103.2934,735.0
2020-01-04 04:26:00,103.3906,103.4541,103.3369,103.3955,2115.0
2020-01-04 04:27:00,103.4931,103.5112,103.4636,103.4874,686.0
2020-01-04 04:28:00,103.402,103.4887,103.3942,103.4414,7625.0
2020-01-04 04:29:00,103.3188,103.3417,103.3252,103.3334,3722.0
2020-01-04 04:30:00,103.2638,103.3389,103.2053,103.2721,7515.0
2020-01-04 04:31:00,103.2945,103.3247,103.2587,103.2917,3570.0
2020-01-04 04:32:00,103.2582,103.4074,103.2852,103.3463,3814.0
2020-01-04 04:33:00,103.1224,103.1322,103.126,103.1291,2495.0
2020-01-04 04:34:00,103.1095,103.2223,103.0343,103.1283,3570.0
2020-01-04 04:35:00,103.1431,103.234,103.0543,103.1441,9574.0
2020-01-04 04:36:00,103.1681,103.1245,103.1083,103.1164,7000.0
2020-01-04 04:37:00,103.3481,103.2886,103.2024,103.2455,6662.0
2020-01-04 04:38:00,103.3216,103.3686,103.2068,103.2877,8682.0
2020-01-04 04:39:00,103.357,103.4412,103.3962,103.4187,6081.0
2020-01-04 04:40:00,103.3798,103.4636,103.3306,103.3971,6232.0
2020-01-04 04:41:00,103.5206,103.5852,103.3965,103.4909,2050.0
2020-01-04 04:42:00,103.6785,103.6709,103.6378,103.6544,2737.0
2020-01-04 04:43:00,103.8349,103.8109,103.7602,103.7855,6067.0
2020-01-04 04:44:00,103.6714,103.783,103.5697,103.6763,6358.0
2020-01-04 04:45:00,103.6328,103.7559,103.546,103.6509,8295.0
2020-01-04 04:46:00,103.7041,103.6452,103.5877,103.6164,8006.0
2020-01-04 04:47:00,103.6683,103.712,103.6187,103.6654,4204.0
2020-01-04 04:48:00,103.6832,103.7468,103.7212,103.734,7591.0
2020-01-04 04:49:00,103.7239,103.7257,103.5745,103.6501,3638.0
2020-01-04 04:50:00,103.5821,103.7673,103.5465,103.6569,2847.0
2020-01-04 04:51:00,103.2801,103.4612,103.4486,103.4549,1774.0
2020-01-04 04:52:00,103.6376,103.649,103.5492,103.5991,9223.0
2020-01-04 04:53:00,103.5934,103.55,103.5457,103.5478,8416.0
2020-01-04 04:54:00,103.5741,103.6053,103.5015,103.5534,8165.0
2020-01-04 04:55:00,103.4573,103.5963,103.4486,103.5225,2965.0
2020-01-04 04:56:00,103.6341,103.6682,103.606,103.6371,8550.0
2020-01-04 04:57:00,103.3394,103.4301,103.2765,103.3533,7126.0
2020-01-04 04:58:00,103.3248,103.4166,103.2867,103.3517,9263.0
2020-01-04 04:59:00,103.4117,103.3718,103.3104,103.3411,8283.0
2020-01-04 05:00:00,103.2434,103.3872,103.2043,103.2957,7901.0
2020-01-04 05:01:00,103.4841,103.58,103.3567,103.4683,1246.0
2020-01-04 05:02:00,103.4393,103.3884,103.3708,103.3796,4784.0
2020-01-04 05:03:00,103.4759,103.4972,103.4163,103.4568,6901.0
2020-01-04 05:04:00,103.5545,103.5856,103.3992,103.4924,992.0
2020-01-04 05:05:00,103.6467,103.7308,103.5063,103.6186,4413.0
2020-01-04 05:06:00,103.5733,103.5738,103.5299,103.5518,6928.0
2020-01-04 05:07:00,103.4969,103.5353,103.4218,103.4785,3723.0
2020-01-04 05:08:00,103.6188,103.6252,103.5511,103.5882,8138.0
2020-01-04 05:09:00,103.6114,103.7076,103.5538,103.6307,459.0
2020-01-04 05:10:00,103.4111,103.5112,103.4412,103.4762,1588.0
2020-01-04 05:11:00,103.47,103.4818,103.3627,103.4223,5860.0
2020-01-04 05:12:00,103.519,103.4713,103.4505,103.4609,390.0
2020-01-04 05:13:00,103.5573,103.5713,103.5181,103.5447,5055.0
2020-01-04 05:14:00,103.4493,103.5066,103.4469,103.4768,2213.0
2020-01-04 05:15:00,103.1074,103.1879,103.1828,103.1853,7040.0
2020-01-04 05:16:00,103.2419,103.269,103.2063,103.2376,5774.0
2020-01-04 05:17:00,103.0482,103.1302,103.1011,103.1156,6364.0
2020-01-04 05:18:00,102.8394,102.9471,102.8806,102.9139,6435.0
2020-01-04 05:19:00,102.6296,102.6598,102.6015,102.6307,5573.0
2020-01-04 05:20:00,102.6739,102.8143,102.6098,102.712,1666.0
2020-01-04 05:21:00,102.7422,102.7362,102.7137,102.7249,579.0
2020-01-04 05:22:00,102.6944,102.8015,102.6032,102.7023,4992.0
2020-01-04 05:23:00,102.8109,102.8673,102.8152,102.8412,5292.0
2020-01-04 05:24:00,102.8197,102.9098,102.9001,102.905,7658.0
2020-01-04 05:25:00,103.024,103.1589,102.9743,103.0666,7197.0
2020-01-04 05:26:00,102.8865,102.9788,102.8759,102.9273,1199.0
2020-01-04 05:27:00,102.8626,102.97,102.8778,102.9239,2335.0
2020-01-04 05:28:00,102.7458,102.8831,102.6413,102.7622,8767.0
2020-01-04 05:29:00,102.6819,102.7408,102.7377,102.7393,1016.0
2020-01-04 05:30:00,102.7062,102.7767,102.6521,102.7144,4844.0
2020-01-04 05:31:00,102.7891,102.8348,102.7193,102.7771,4997.0
2020-01-04 05:32:00,102.7403,102.9015,102.6617,102.7816,6290.0
2020-01-04 05:33:00,102.8652,102.9144,102.7735,102.844,9651.0
2020-01-04 05:34:00,102.8462,103.0768,102.7518,102.9143,1407.0
2020-01-04 05:35:00,103.0742,103.2354,103.0242,103.1298,2321.0
2020-01-04 05:36:00,103.0926,103.109,103.0875,103.0983,7574.0
2020-01-04 05:37:00,103.0385,103.0504,102.9579,103.0042,5074.0
2020-01-04 05:38:00,103.0722,103.0514,103.0062,103.0288,6214.0
2020-01-04 05:39:00,103.0292,102.958,102.9391,102.9486,8994.0
2020-01-04 05:40:00,103.0779,103.1278,103.0657,103.0968,217.0
2020-01-04 05:41:00,103.0621,103.1289,103.008,103.0684,3363.0
2020-01-04 05:42:00,102.9602,103.0264,102.9974,103.0119,5143.0
2020-01-04 05:43:00,102.9021,103.0087,102.9207,102.9647,4767.0
2020-01-04 05:44:00,103.048,103.078,102.9952,103.0366,4718.0
2020-01-04 05:45:00,102.982,103.0609,102.9807,103.0208,9063.0
2020-01-04 05:46:00,103.0183,102.9617,102.9516,102.9566,6898.0
2020-01-04 05:47:00,103.0501,103.2321,103.0143,103.1232,1387.0
2020-01-04 05:48:00,103.0619,103.0594,103.0157,103.0376,7758.0
2020-01-04 05:49:00,102.9908,103.0861,102.9961,103.0411,9659.0
2020-01-04 05:50:00,103.0653,103.1272,103.0854,103.1063,8147.0
2020-01-04 05:51:00,102.9702,102.977,102.9095,102.9432,8390.0
2020-01-04 05:52:00,102.9574,103.016,102.9665,102.9912,1146.0
2020-01-04 05:53:00,102.8599,102.9274,102.8441,102.8857,5482.0
2020-01-04 05:54:00,102.9274,102.988,102.948,102.968,5544.0
2020-01-04 05:55:00,102.961,102.9663,102.7772,102.8717,3903.0
2020-01-04 05:56:00,102.9101,102.9613,102.9207,102.941,3855.0
2020-01-04 05:57:00,103.0542,103.0915,103.0117,103.0516,4582.0
2020-01-04 05:58:00,103.1276,103.1963,103.0792,103.1377,8897.0
2020-01-04 05:59:00,103.1739,103.2154,103.1103,103.1629,2269.0
2020-01-04 06:00:00,103.109,103.1744,103.1051,103.1397,5519.0
2020-01-04 06:01:00,103.0721,103.1109,103.0533,103.0821,662.0
2020-01-04 06:02:00,103.2489,103.2761,103.1823,103.2292,6560.0
2020-01-04 06:03:00,103.1161,103.2203,103.0982,103.1593,6038.0
2020-01-04 06:04:00,103.11,103.0929,103.0182,103.0556,4100.0
2020-01-04 06:05:00,103.1814,103.1519,103.0923,103.1221,8311.0
2020-01-04 06:06:00,103.0728,103.0658,103.0192,103.0425,4737.0
2020-01-04 06:07:00,102.951,102.9778,102.9172,102.9475,4060.0
2020-01-04 06:08:00,102.6536,102.8633,102.7429,102.8031,9615.0
2020-01-04 06:09:00,102.776,102.7823,102.7273,102.7548,3641.0
2020-01-04 06:10:00,102.727,102.7605,102.7326,102.7465,3257.0
2020-01-04 06:11:00,102.7585,102.7786,102.7631,102.7709,5961.0
2020-01-04 06:12:00,102.7711,102.9195,102.8124,102.866,6648.0
2020-01-04 06:13:00,102.9434,102.967,102.8704,102.9187,7221.0
2020-01-04 06:14:00,102.8272,102.9276,102.8716,102.8996,6936.0
2020-01-04 06:15:00,102.8857,102.9791,102.7805,102.8798,7406.0
2020-01-04 06:16:00,102.976,102.9447,102.9169,102.9308,7277.0
2020-01-04 06:17:00,103.0346,103.0967,103.0194,103.058,1414.0
2020-01-04 06:18:00,103.1315,103.1255,103.0158,103.0707,2526.0
2020-01-04 06:19:00,102.9864,103.096,102.9515,103.0238,1039.0
2020-01-04 06:20:00,102.9545,102.9423,102.9066,102.9245,8529.0
2020-01-04 06:21:00,102.7147,102.7981,102.7619,102.78,8935.0
2020-01-04 06:22:00,102.8981,102.8493,102.8439,102.8466,8476.0
2020-01-04 06:23:00,102.9482,102.9425,102.8662,102.9044,1930.0
2020-01-04 06:24:00,102.9855,103.038,102.8862,102.9621,7987.0
2020-01-04 06:25:00,102.9296,103.0318,102.8667,102.9492,1885.0
2020-01-04 06:26:00,103.0198,103.1162,103.0637,103.0899,9740.0
2020-01-04 06:27:00,103.022,103.1095,102.9735,103.0415,8129.0
2020-01-04 06:28:00,103.1926,103.1808,103.0933,103.1371,7590.0
2020-01-04 06:29:00,103.1397,103.1338,103.1326,103.1332,4677.0
2020-01-04 06:30:00,102.9947,103.1366,103.0081,103.0723,1481.0
2020-01-04 06:31:00,103.0754,103.1598,103.1034,103.1316,461.0
2020-01-04 06:32:00,103.2352,103.252,103.0931,103.1726,1159.0
2020-01-04 06:33:00,103.2327,103.2775,103.139,103.2083,8807.0
2020-01-04 06:34:00,103.1547,103.2474,103.1854,103.2164,5965.0
2020-01-04 06:35:00,103.1243,103.3535,103.0717,103.2126,8621.0
2020-01-04 06:36:00,103.4202,103.4621,103.4408,103.4514,6512.0
2020-01-04 06:37:00,103.4773,103.5842,103.5555,103.5699,3241.0
2020-01-04 06:38:00,103.6344,103.6546,103.6297,103.6421,5738.0
2020-01-04 06:39:00,103.7759,103.6798,103.6269,103.6533,3839.0
2020-01-04 06:40:00,103.6742,103.7979,103.7102,103.754,392.0
2020-01-04 06:41:00,103.7965,103.8554,103.7563,103.8058,6130.0
2020-01-04 06:42:00,103.8741,103.8307,103.7862,103.8085,5505.0
2020-01-04 06:43:00,103.8156,103.8681,103.6881,103.7781,459.0
2020-01-04 06:44:00,103.7626,103.7871,103.753,103.77,1709.0
2020-01-04 06:45:00,103.4457,103.5682,103.3378,103.453,1460.0
2020-01-04 06:46:00,103.4162,103.4927,103.4553,103.474,723.0
2020-01-04 06:47:00,103.4118,103.4436,103.4068,103.4252,1665.0
2020-01-04 06:48:00,103.5966,103.6024,103.5665,103.5844,2020.0
2020-01-04 06:49:00,103.6416,103.6072,103.5656,103.5864,1611.0
2020-01-04 06:50:00,103.4365,103.5866,103.3483,103.4675,7646.0
2020-01-04 06:51:00,103.453,103.4745,103.4505,103.4625,6587.0
2020-01-04 06:52:00,103.3104,103.3598,103.356,103.3579,4813.0
2020-01-04 06:53:00,103.4165,103.4693,103.3412,103.4052,6019.0
2020-01-04 06:54:00,103.4735,103.4367,103.4319,103.4343,8029.0
2020-01-04 06:55:00,103.5616,103.6124,103.4478,103.5301,8866.0
2020-01-04 06:56:00,103.3925,103.4725,103.4295,103.451,2101.0
2020-01-04 06:57:00,103.4618,103.4946,103.4142,103.4544,496.0
2020-01-04 06:58:00,103.2841,103.3788,103.2571,103.3179,5775.0
2020-01-04 06:59:00,103.4386,103.4298,103.3464,103.3881,4597.0
2020-01-04 07:00:00,103.4319,103.4671,103.4128,103.44,1611.0
2020-01-04 07:01:00,103.4136,103.5525,103.4266,103.4895,2792.0
2020-01-04 07:02:00,103.4787,103.5138,103.4655,103.4897,2132.0
2020-01-04 07:03:00,103.5541,103.5628,103.4996,103.5312,7088.0
2020-01-04 07:04:00,103.7038,103.7153,103.668,103.6916,5972.0
2020-01-04 07:05:00,103.6375,103.6682,103.658,103.6631,9646.0
2020-01-04 07:06:00,103.6477,103.7118,103.6421,103.677,4834.0
2020-01-04 07:07:00,103.519,103.6893,103.4474,103.5683,7739.0
2020-01-04 07:08:00,103.4618,103.4871,103.476,103.4815,9584.0
2020-01-04 07:09:00,103.4485,103.5436,103.4391,103.4913,4352.0
2020-01-04 07:10:00,103.6502,103.6598,103.5436,103.6017,4809.0
2020-01-04 07:11:00,103.531,103.5834,103.5687,103.5761,2008.0
2020-01-04 07:12:00,103.5586,103.554,103.5509,103.5525,5177.0
2020-01-04 07:13:00,103.5145,103.587,103.4365,103.5118,1375.0
2020-01-04 07:14:00,103.5056,103.5092,103.4075,103.4583,158.0
2020-01-04 07:15:00,103.5423,103.5192,103.4564,103.4878,4023.0
2020-01-04 07:16:00,103.3729,103.3659,103.3102,103.3381,716.0
2020-01-04 07:17:00,103.4838,103.5068,103.4255,103.4662,3771.0
2020-01-04 07:18:00,103.3472,103.4383,103.361,103.3996,5883.0
2020-01-04 07:19:00,103.4184,103.483,103.4606,103.4718,1811.0
2020-01-04 07:20:00,103.3025,103.3796,103.3101,103.3448,1442.0
2020-01-04 07:21:00,103.4493,103.4335,103.39,103.4117,4852.0
2020-01-04 07:22:00,103.4826,103.587,103.3709,103.4789,5032.0
2020-01-04 07:23:00,103.5608,103.5417,103.4929,103.5173,1123.0
2020-01-04 07:24:00,103.468,103.5077,103.328,103.4179,7065.0
2020-01-04 07:25:00,103.4065,103.4648,103.4209,103.4428,833.0
2020-01-04 07:26:00,103.3261,103.3329,103.3162,103.3245,8689.0
2020-01-04 07:27:00,103.2986,103.3985,103.2,103.2993,9260.0
2020-01-04 07:28:00,103.3858,103.519,103.2854,103.4022,561.0
2020-01-04 07:29:00,103.4551,103.5226,103.4411,103.4819,8429.0
2020-01-04 07:30:00,103.5426,103.5034,103.4633,103.4834,861.0
2020-01-04 07:31:00,103.3885,103.4288,103.343,103.3859,9154.0
2020-01-04 07:32:00,103.4511,103.4942,103.4067,103.4505,692.0
2020-01-04 07:33:00,103.4123,103.4957,103.4091,103.4524,5796.0
2020-01-04 07:34:00,103.2541,103.2703,103.1705,103.2204,7921.0
2020-01-04 07:35:00,103.2484,103.3188,103.2785,103.2986,2447.0
2020-01-04 07:36:00,103.319,103.3568,103.2356,103.2962,1546.0
2020-01-04 07:37:00,103.4406,103.4681,103.3648,103.4165,1542.0
2020-01-04 07:38:00,103.2863,103.3131,103.3008,103.3069,2906.0
2020-01-04 07:39:00,103.0051,103.0138,102.9647,102.9893,7550.0
2020-01-04 07:40:00,103.0264,103.07,102.9644,103.0172,3425.0
2020-01-04 07:41:00,103.0444,103.0725,103.0202,103.0463,6747.0
2020-01-04 07:42:00,102.8779,102.8794,102.8751,102.8773,3856.0
2020-01-04 07:43:00,102.7825,102.8047,102.7541,102.7794,1436.0
2020-01-04 07:44:00,103.0614,103.0822,103.0277,103.0549,5497.0
2020-01-04 07:45:00,103.0274,103.0687,102.98,103.0244,9093.0
2020-01-04 07:46:00,103.0423,103.108,103.0869,103.0975,8172.0
2020-01-04 07:47:00,103.0248,103.0533,103.0115,103.0324,7689.0
2020-01-04 07:48:00,102.8366,102.8409,102.8059,102.8234,8887.0
2020-01-04 07:49:00,102.8112,102.8076,102.8051,102.8063,2147.0
2020-01-04 07:50:00,102.8275,102.7923,102.7673,102.7798,8318.0
2020-01-04 07:51:00,102.7708,102.7472,102.7324,102.7398,2528.0
2020-01-04 07:52:00,102.6848,102.7293,102.7274,102.7283,5539.0
2020-01-04 07:53:00,102.7464,102.8306,102.6789,102.7548,230.0
2020-01-04 07:54:00,102.7242,102.7731,102.7064,102.7397,3167.0
2020-01-04 07:55:00,102.6131,102.6224,102.6043,102.6133,3451.0
2020-01-04 07:56:00,102.6618,102.7121,102.6119,102.662,2432.0
2020-01-04 07:57:00,102.4976,102.467,102.467,102.467,5416.0
2020-01-04 07:58:00,102.2709,102.3489,102.1751,102.262,836.0
2020-01-04 07:59:00,102.3974,102.3538,102.318,102.3359,3947.0
2020-01-04 08:00:00,102.3987,102.3966,102.3766,102.3866,1398.0
2020-01-04 08:01:00,102.3393,102.418,102.3437,102.3809,1191.0
2020-01-04 08:02:00,102.218,102.3448,102.1378,102.2413,332.0
2020-01-04 08:03:00,102.2007,102.1726,102.1685,102.1705,321.0
2020-01-04 08:04:00,102.0635,102.1699,102.1186,102.1443,8744.0
2020-01-04 08:05:00,101.9174,102.0177,101.9516,101.9847,5855.0
2020-01-04 08:06:00,101.9113,101.9145,101.907,101.9108,4499.0
2020-01-04 08:07:00,102.0235,102.0074,101.9446,101.976,1035.0
2020-01-04 08:08:00,102.1841,102.1552,102.0823,102.1187,5833.0
2020-01-04 08:09:00,102.0659,102.0972,102.0564,102.0768,8230.0
2020-01-04 08:10:00,102.2055,102.188,102.1169,102.1524,7667.0
2020-01-04 08:11:00,101.9646,101.9952,101.9268,101.961,1443.0
2020-01-04 08:12:00,101.9504,102.0637,101.9902,102.027,464.0
2020-01-04 08:13:00,101.9462,101.9917,101.9014,101.9466,9542.0
2020-01-04 08:14:00,101.9464,102.0657,101.8889,101.9773,8747.0
2020-01-04 08:15:00,101.9984,102.0006,101.9045,101.9525,9110.0
2020-01-04 08:16:00,102.0833,102.1777,101.9915,102.0846,3491.0
2020-01-04 08:17:00,101.9332,102.0354,101.9589,101.9971,835.0
2020-01-04 08:18:00,101.9849,102.072,102.0478,102.0599,3706.0
2020-01-04 08:19:00,102.0309,102.0481,102.0158,102.0319,1567.0
2020-01-04 08:20:00,101.8951,102.0906,101.9416,102.0161,3614.0
2020-01-04 08:21:00,101.9718,102.0557,101.9398,101.9977,3875.0
2020-01-04 08:22:00,101.9247,101.9544,101.8719,101.9132,4761.0
2020-01-04 08:23:00,101.8589,101.9358,101.8877,101.9118,9111.0
2020-01-04 08:24:00,101.9552,101.9733,101.8377,101.9055,8256.0
2020-01-04 08:25:00,101.9892,101.9522,101.907,101.9296,1814.0
2020-01-04 08:26:00,101.8872,101.9605,101.9156,101.9381,615.0
2020-01-04 08:27:00,102.003,102.0957,101.94,102.0179,5320.0
2020-01-04 08:28:00,102.1599,102.1653,102.0552,102.1102,9720.0
2020-01-04 08:29:00,102.0051,102.0472,101.9631,102.0052,5349.0
2020-01-04 08:30:00,102.0223,102.1237,102.0604,102.092,8110.0
2020-01-04 08:31:00,101.9662,102.0066,101.9402,101.9734,9135.0
2020-01-04 08:32:00,101.9895,102.0574,102.007,102.0322,8231.0
2020-01-04 08:33:00,102.1496,102.118,102.0703,102.0942,6242.0
2020-01-04 08:34:00,101.9333,101.9722,101.8338,101.903,3235.0
2020-01-04 08:35:00,101.8966,101.9184,101.9062,101.9123,5978.0
2020-01-04 08:36:00,101.8726,101.8787,101.8522,101.8655,7133.0
2020-01-04 08:37:00,101.7242,101.8114,101.7678,101.7896,4424.0
2020-01-04 08:38:00,101.887,101.9404,101.9089,101.9247,5171.0
2020-01-04 08:39:00,101.937,101.8996,101.819,101.8593,6042.0
2020-01-04 08:40:00,101.7813,101.7802,101.7771,101.7787,4079.0
2020-01-04 08:41:00,101.8327,101.7975,101.775,101.7862,9568.0
2020-01-04 08:42:00,101.8664,101.924,101.7856,101.8548,1611.0
2020-01-04 08:43:00,101.9064,101.8643,101.817,101.8406,5000.0
2020-01-04 08:44:00,101.8573,101.9673,101.9472,101.9573,4759.0
2020-01-04 08:45:00,102.001,102.0583,101.9625,102.0104,3062.0
2020-01-04 08:46:00,101.8748,101.8261,101.759,101.7926,9186.0
2020-01-04 08:47:00,101.7874,101.7561,101.7231,101.7396,9145.0
2020-01-04 08:48:00,101.7497,101.7476,101.6192,101.6834,2510.0
2020-01-04 08:49:00,101.731,101.7337,101.729,101.7314,279.0
2020-01-04 08:50:00,101.442,101.5597,101.3781,101.4689,688.0
2020-01-04 08:51:00,101.6724,101.8088,101.6388,101.7238,2145.0
2020-01-04 08:52:00,101.722,101.8137,101.7401,101.7769,5954.0
2020-01-04 08:53:00,101.8321,101.8203,101.7633,101.7918,3325.0
2020-01-04 08:54:00,101.9356,101.9318,101.8881,101.9099,8856.0
2020-01-04 08:55:00,102.141,102.15,102.1386,102.1443,4864.0
2020-01-04 08:56:00,102.2568,102.2397,102.223,102.2314,7187.0
2020-01-04 08:57:00,102.3334,102.3311,102.3214,102.3262,4153.0
2020-01-04 08:58:00,102.3874,102.3826,102.296,102.3393,4564.0
2020-01-04 08:59:00,102.3728,102.3259,102.3244,102.3252,2806.0
2020-01-04 09:00:00,102.2243,102.3068,102.2484,102.2776,7266.0
2020-01-04 09:01:00,102.2087,102.2136,102.1764,102.195,5338.0
2020-01-04 09:02:00,102.0428,102.1424,102.1101,102.1263,4026.0
2020-01-04 09:03:00,101.9979,102.0025,101.9799,101.9912,1740.0
2020-01-04 09:04:00,102.0138,102.0297,101.9375,101.9836,1750.0
2020-01-04 09:05:00,101.7495,101.8216,101.8087,101.8152,8794.0
2020-01-04 09:06:00,101.8134,101.8854,101.7831,101.8342,8353.0
2020-01-04 09:07:00,101.8311,101.9075,101.7537,101.8306,5866.0
2020-01-04 09:08:00,101.857,101.8881,101.8026,101.8453,5715.0
2020-01-04 09:09:00,101.7792,101.8198,101.7664,101.7931,5829.0
2020-01-04 09:10:00,102.0422,102.1171,102.0844,102.1008,3386.0
2020-01-04 09:11:00,102.2341,102.2801,102.1935,102.2368,1792.0
2020-01-04 09:12:00,102.0297,102.1168,102.1079,102.1123,7374.0
2020-01-04 09:13:00,102.124,102.1849,102.0864,102.1356,456.0
2020-01-04 09:14:00,102.0528,102.1055,102.0441,102.0748,695.0
2020-01-04 09:15:00,101.9667,101.9914,101.9554,101.9734,1724.0
2020-01-04 09:16:00,101.8114,101.8842,101.7946,101.8394,9421.0
2020-01-04 09:17:00,101.8072,101.8872,101.878,101.8826,8128.0
2020-01-04 09:18:00,101.7961,101.8198,101.8091,101.8145,5066.0
2020-01-04 09:19:00,101.9578,101.935,101.8874,101.9112,4053.0
2020-01-04 09:20:00,102.0737,102.0189,102.0023,102.0106,7415.0
2020-01-04 09:21:00,102.27,102.1978,102.0982,102.148,8160.0
2020-01-04 09:22:00,102.1474,102.1072,102.0183,102.0628,6330.0
2020-01-04 09:23:00,102.0505,102.128,102.0926,102.1103,2670.0
2020-01-04 09:24:00,102.1531,102.2035,102.1436,102.1736,192.0
2020-01-04 09:25:00,102.125,102.1897,102.0625,102.1261,4999.0
2020-01-04 09:26:00,102.0447,102.0565,102.0415,102.049,9170.0
2020-01-04 09:27:00,102.2134,102.2657,102.1541,102.2099,4803.0
2020-01-04 09:28:00,102.353,102.2977,102.1676,102.2327,7841.0
2020-01-04 09:29:00,102.2422,102.3227,102.2698,102.2963,1996.0
2020-01-04 09:30:00,102.1784,102.2486,102.1795,102.214,9274.0
2020-01-04 09:31:00,102.1743,102.1819,102.0023,102.0921,3064.0
2020-01-04 09:32:00,102.0044,102.0637,102.0066,102.0352,9402.0
2020-01-04 09:33:00,102.0424,102.1038,101.9417,102.0228,6454.0
2020-01-04 09:34:00,101.9681,101.9539,101.8788,101.9163,8168.0
2020-01-04 09:35:00,101.9397,101.9448,101.886,101.9154,8674.0
2020-01-04 09:36:00,101.7561,101.7826,101.7104,101.7465,9839.0
2020-01-04 09:37:00,101.6814,101.6671,101.6019,101.6345,3018.0
2020-01-04 09:38:00,101.6569,101.7083,101.6949,101.7016,7420.0
2020-01-04 09:39:00,101.7372,101.8056,101.7183,101.762,5224.0
2020-01-04 09:40:00,101.7496,101.7502,101.6954,101.7228,2558.0
2020-01-04 09:41:00,101.5175,101.6343,101.6077,101.621,1206.0
2020-01-04 09:42:00,101.5891,101.5434,101.4932,101.5183,5136.0
2020-01-04 09:43:00,101.4961,101.4932,101.4687,101.4809,8722.0
2020-01-04 09:44:00,101.5531,101.6186,101.4722,101.5454,3643.0
2020-01-04 09:45:00,101.5567,101.6949,101.5816,101.6382,6212.0
2020-01-04 09:46:00,101.5242,101.6141,101.5631,101.5886,2182.0
2020-01-04 09:47:00,101.4533,101.5129,101.4336,101.4732,3827.0
2020-01-04 09:48:00,101.5404,101.5645,101.4355,101.5,5103.0
2020-01-04 09:49:00,101.3138,101.4589,101.3764,101.4177,2958.0
2020-01-04 09:50:00,101.4052,101.3837,101.3479,101.3658,8575.0
2020-01-04 09:51:00,101.4804,101.5931,101.4036,101.4984,826.0
2020-01-04 09:52:00,101.5699,101.7381,101.424,101.5811,1881.0
2020-01-04 09:53:00,101.6095,101.6043,101.5894,101.5969,7505.0
2020-01-04 09:54:00,101.4831,101.5216,101.4177,101.4697,436.0
2020-01-04 09:55:00,101.4552,101.5527,101.4289,101.4908,3702.0
2020-01-04 09:56:00,101.6283,101.6469,101.5473,101.5971,6183.0
2020-01-04 09:57:00,101.4435,101.6524,101.4666,101.5595,8877.0
2020-01-04 09:58:00,101.6721,101.6976,101.6916,101.6946,2014.0
2020-01-04 09:59:00,101.8316,101.8744,101.7734,101.8239,8858.0
2020-01-04 10:00:00,101.973,101.9972,101.9833,101.9903,6326.0
2020-01-04 10:01:00,101.9295,102.1321,101.9095,102.0208,5070.0
2020-01-04 10:02:00,102.1174,102.0814,102.0776,102.0795,6922.0
2020-01-04 10:03:00,102.1585,102.262,102.1799,102.221,1751.0
2020-01-04 10:04:00,102.2623,102.2675,102.2639,102.2657,1420.0
2020-01-04 10:05:00,102.2232,102.2298,102.2014,102.2156,1890.0
2020-01-04 10:06:00,102.1717,102.1971,102.1443,102.1707,5561.0
2020-01-04 10:07:00,102.253,102.2248,102.1644,102.1946,2981.0
2020-01-04 10:08:00,102.0629,102.1485,101.9825,102.0655,1054.0
2020-01-04 10:09:00,102.0726,102.0556,102.0467,102.0512,6084.0
2020-01-04 10:10:00,102.1581,102.2826,102.039,102.1608,5643.0
2020-01-04 10:11:00,101.9724,102.0085,101.875,101.9417,7230.0
2020-01-04 10:12:00,102.1648,102.0994,102.0909,102.0952,2166.0
2020-01-04 10:13:00,102.2143,102.3045,102.1103,102.2074,4051.0
2020-01-04 10:14:00,102.2005,102.2166,102.1062,102.1614,2961.0
2020-01-04 10:15:00,102.2885,102.2414,102.1901,102.2158,5500.0
2020-01-04 10:16:00,102.2839,102.2264,102.2058,102.2161,8354.0
2020-01-04 10:17:00,102.3198,102.3392,102.339,102.3391,9305.0
2020-01-04 10:18:00,102.4892,102.4748,102.3999,102.4374,6233.0
2020-01-04 10:19:00,102.3098,102.3011,102.2936,102.2973,2089.0
2020-01-04 10:20:00,102.4119,102.3701,102.3421,102.3561,1904.0
2020-01-04 10:21:00,102.3639,102.3411,102.3299,102.3355,3425.0
2020-01-04 10:22:00,102.3576,102.3812,102.3064,102.3438,3798.0
2020-01-04 10:23:00,102.2927,102.3348,102.2071,102.271,6073.0
2020-01-04 10:24:00,102.4585,102.4479,102.4437,102.4458,5991.0
2020-01-04 10:25:00,102.5645,102.6355,102.464,102.5498,9317.0
2020-01-04 10:26:00,102.4679,102.4799,102.4717,102.4758,6310.0
2020-01-04 10:27:00,102.3298,102.3589,102.3258,102.3424,977.0
2020-01-04 10:28:00,102.3919,102.3415,102.2661,102.3038,3457.0
2020-01-04 10:29:00,102.3711,102.3552,102.3393,102.3472,231.0
2020-01-04 10:30:00,102.3426,102.4647,102.2779,102.3713,5267.0
2020-01-04 10:31:00,102.4827,102.4968,102.4964,102.4966,7184.0
2020-01-04 10:32:00,102.6284,102.6106,102.5405,102.5756,1092.0
2020-01-04 10:33:00,102.6357,102.7103,102.6348,102.6725,5872.0
2020-01-04 10:34:00,102.6311,102.7304,102.6801,102.7052,1170.0
2020-01-04 10:35:00,102.4959,102.58,102.5525,102.5663,7498.0
2020-01-04 10:36:00,102.4603,102.5495,102.5439,102.5467,6527.0
2020-01-04 10:37:00,102.5878,102.6778,102.6276,102.6527,2696.0
2020-01-04 10:38:00,102.5885,102.6795,102.6157,102.6476,5630.0
2020-01-04 10:39:00,102.7671,102.712,102.6838,102.6979,3049.0
2020-01-04 10:40:00,102.6637,102.6974,102.6345,102.666,5441.0
2020-01-04 10:41:00,102.5449,102.5694,102.5567,102.563,9193.0
2020-01-04 10:42:00,102.4785,102.565,102.5363,102.5507,3584.0
2020-01-04 10:43:00,102.5744,102.5835,102.5797,102.5816,5690.0
2020-01-04 10:44:00,102.4292,102.5209,102.5111,102.516,7337.0
2020-01-04 10:45:00,102.474,102.5025,102.4824,102.4924,165.0
2020-01-04 10:46:00,102.5017,102.3994,102.3976,102.3985,3864.0
2020-01-04 10:47:00,102.5436,102.6453,102.3755,102.5104,2893.0
2020-01-04 10:48:00,102.4705,102.4966,102.4654,102.481,1519.0
2020-01-04 10:49:00,102.6612,102.6585,102.594,102.6263,5577.0
2020-01-04 10:50:00,102.7531,102.801,102.7572,102.7791,1515.0
2020-01-04 10:51:00,102.731,102.7842,102.7579,102.771,8667.0
2020-01-04 10:52:00,102.7554,102.7349,102.6055,102.6702,5524.0
2020-01-04 10:53:00,102.4045,102.4761,102.447,102.4616,6307.0
2020-01-04 10:54:00,102.2967,102.3671,102.2616,102.3144,8469.0
2020-01-04 10:55:00,102.1923,102.1937,102.1603,102.177,334.0
2020-01-04 10:56:00,102.268,102.3628,102.2669,102.3148,3012.0
2020-01-04 10:57:00,102.359,102.3447,102.3082,102.3264,861.0
2020-01-04 10:58:00,102.3501,102.4206,102.3102,102.3654,3978.0
2020-01-04 10:59:00,102.1765,102.1701,102.1166,102.1434,5506.0
2020-01-04 11:00:00,102.0529,102.0833,101.9638,102.0236,1382.0
2020-01-04 11:01:00,102.1001,102.1282,102.0963,102.1123,1363.0
2020-01-04 11:02:00,102.2265,102.2125,102.0694,102.1409,5803.0
2020-01-04 11:03:00,102.093,102.2674,101.985,102.1262,3713.0
2020-01-04 11:04:00,102.2501,102.2654,102.1,102.1827,4546.0
2020-01-04 11:05:00,102.405,102.3468,102.3458,102.3463,4736.0
2020-01-04 11:06:00,102.4127,102.3813,102.267,102.3242,7209.0
2020-01-04 11:07:00,102.3398,102.3829,102.2793,102.3311,3483.0
2020-01-04 11:08:00,102.3109,102.3929,102.3078,102.3504,3109.0
2020-01-04 11:09:00,102.6934,102.6054,102.5737,102.5896,1722.0
2020-01-04 11:10:00,102.3629,102.4472,102.3121,102.3797,7375.0
2020-01-04 11:11:00,102.4073,102.4936,102.4023,102.448,129.0
2020-01-04 11:12:00,102.427,102.4471,102.4259,102.4365,408.0
2020-01-04 11:13:00,102.4441,102.5052,102.4811,102.4932,9801.0
2020-01-04 11:14:00,102.4537,102.4426,102.4122,102.4274,2193.0
2020-01-04 11:15:00,102.3923,102.468,102.3771,102.4225,3530.0
2020-01-04 11:16:00,102.4793,102.5555,102.4318,102.4937,236.0
2020-01-04 11:17:00,102.8534,102.8706,102.7394,102.805,874.0
2020-01-04 11:18:00,102.917,102.93,102.8416,102.8858,1698.0
2020-01-04 11:19:00,102.8017,102.8087,102.7933,102.801,9746.0
2020-01-04 11:20:00,102.7671,102.7658,102.7514,102.7586,2703.0
2020-01-04 11:21:00,102.7139,102.7149,102.7116,102.7132,2580.0
2020-01-04 11:22:00,102.5121,102.5369,102.5305,102.5337,9138.0
2020-01-04 11:23:00,102.5005,102.548,102.4533,102.5007,8498.0
2020-01-04 11:24:00,102.5985,102.6113,102.5366,102.574,3230.0
2020-01-04 11:25:00,102.4402,102.4889,102.4042,102.4465,9521.0
2020-01-04 11:26:00,102.5724,102.6132,102.4896,102.5514,6574.0
2020-01-04 11:27:00,102.5583,102.6233,102.577,102.6002,4791.0
2020-01-04 11:28:00,102.4965,102.5899,102.4636,102.5267,6768.0
2020-01-04 11:29:00,102.4759,102.5368,102.4883,102.5126,2896.0
2020-01-04 11:30:00,102.6442,102.6889,102.6559,102.6724,1227.0
2020-01-04 11:31:00,102.8101,102.8235,102.668,102.7458,6602.0
2020-01-04 11:32:00,102.783,102.7929,102.7004,102.7466,9494.0
2020-01-04 11:33:00,102.669,102.7803,102.6655,102.7229,1387.0
2020-01-04 11:34:00,102.7524,102.7715,102.6895,102.7305,4950.0
2020-01-04 11:35:00,102.6598,102.7267,102.6321,102.6794,8840.0
2020-01-04 11:36:00,102.4348,102.5033,102.4345,102.4689,4045.0
2020-01-04 11:37:00,102.5988,102.683,102.6632,102.6731,4029.0
2020-01-04 11:38:00,102.7372,102.7381,102.6391,102.6886,1487.0
2020-01-04 11:39:00,102.6603,102.739,102.7179,102.7285,9565.0
2020-01-04 11:40:00,102.7201,102.7569,102.6885,102.7227,3363.0
2020-01-04 11:41:00,102.6018,102.6559,102.6424,102.6492,9098.0
2020-01-04 11:42:00,102.6694,102.6961,102.565,102.6306,2027.0
2020-01-04 11:43:00,102.4539,102.5277,102.4135,102.4706,8074.0
2020-01-04 11:44:00,102.6916,102.7233,102.6733,102.6983,4081.0
2020-01-04 11:45:00,102.5698,102.6373,102.5125,102.5749,1845.0
2020-01-04 11:46:00,102.4868,102.4764,102.467,102.4717,4088.0
2020-01-04 11:47:00,102.4283,102.4647,102.3906,102.4277,1325.0
2020-01-04 11:48:00,102.5543,102.5672,102.5457,102.5565,8206.0
2020-01-04 11:49:00,102.532,102.5855,102.5304,102.5579,6382.0
2020-01-04 11:50:00,102.3556,102.4823,102.3863,102.4343,6071.0
2020-01-04 11:51:00,102.5038,102.6429,102.4765,102.5597,2166.0
2020-01-04 11:52:00,102.6688,102.6607,102.605,102.6328,8386.0
2020-01-04 11:53:00,102.6714,102.7739,102.5995,102.6867,229.0
2020-01-04 11:54:00,102.7251,102.8081,102.7084,102.7583,7372.0
2020-01-04 11:55:00,102.9274,103.0588,102.9366,102.9977,7188.0
2020-01-04 11:56:00,103.1302,103.2184,103.214,103.2162,3368.0
2020-01-04 11:57:00,103.1124,103.2143,103.0807,103.1475,1086.0
2020-01-04 11:58:00,103.3543,103.3665,103.2533,103.3099,3210.0
2020-01-04 11:59:00,103.3204,103.349,103.3474,103.3482,3672.0
2020-01-04 12:00:00,103.4182,103.4184,103.3779,103.3981,9108.0
2020-01-04 12:01:00,103.1988,103.2946,103.1633,103.2289,7398.0
2020-01-04 12:02:00,103.2438,103.2966,103.1272,103.2119,2700.0
2020-01-04 12:03:00,103.113,103.1729,103.0883,103.1306,2269.0
2020-01-04 12:04:00,103.1518,103.2231,103.2037,103.2134,1879.0
2020-01-04 12:05:00,103.3071,103.3208,103.3202,103.3205,856.0
2020-01-04 12:06:00,103.2048,103.1381,103.088,103.1131,1267.0
2020-01-04 12:07:00,103.2003,103.1209,103.1008,103.1109,7453.0
2020-01-04 12:08:00,103.2474,103.275,103.171,103.223,2694.0
2020-01-04 12:09:00,103.1975,103.2241,103.1847,103.2044,5430.0
2020-01-04 12:10:00,103.2925,103.2833,103.2712,103.2773,3204.0
2020-01-04 12:11:00,103.3282,103.3588,103.266,103.3124,7426.0
2020-01-04 12:12:00,103.3446,103.3946,103.2986,103.3466,505.0
2020-01-04 12:13:00,103.3415,103.3307,103.3082,103.3194,2511.0
2020-01-04 12:14:00,103.2082,103.2078,103.1877,103.1978,8454.0
2020-01-04 12:15:00,103.0698,103.1475,103.0238,103.0856,8422.0
2020-01-04 12:16:00,103.0968,103.1775,103.1356,103.1566,3267.0
2020-01-04 12:17:00,103.1355,103.2622,103.0548,103.1585,2800.0
2020-01-04 12:18:00,103.1846,103.2403,103.049,103.1446,5900.0
2020-01-04 12:19:00,103.1007,103.1491,103.0554,103.1023,7634.0
2020-01-04 12:20:00,103.0868,103.151,102.9924,103.0717,4982.0
2020-01-04 12:21:00,103.1623,103.1783,103.1745,103.1764,2033.0
2020-01-04 12:22:00,103.0899,103.1712,103.1147,103.1429,8238.0
2020-01-04 12:23:00,102.9969,103.0332,102.9844,103.0088,3605.0
2020-01-04 12:24:00,103.032,103.0936,103.0728,103.0832,3232.0
2020-01-04 12:25:00,103.0084,103.0952,103.0302,103.0627,3079.0
2020-01-04 12:26:00,103.1261,103.099,103.0326,103.0658,1446.0
2020-01-04 12:27:00,103.2056,103.2653,103.1878,103.2266,2736.0
2020-01-04 12:28:00,103.1874,103.2429,103.2061,103.2245,8336.0
2020-01-04 12:29:00,103.3343,103.2775,103.2294,103.2534,446.0
2020-01-04 12:30:00,103.1763,103.2153,103.0558,103.1355,3893.0
2020-01-04 12:31:00,103.095,103.1397,103.0874,103.1136,2642.0
2020-01-04 12:32:00,103.1959,103.2287,103.1204,103.1745,5100.0
2020-01-04 12:33:00,103.0072,103.0998,102.9382,103.019,8351.0
2020-01-04 12:34:00,103.0044,103.0543,103.0238,103.0391,2445.0
2020-01-04 12:35:00,103.0729,103.0875,103.0108,103.0492,4426.0
2020-01-04 12:36:00,103.0371,103.1381,102.9684,103.0533,2944.0
2020-01-04 12:37:00,103.1608,103.2091,103.1049,103.157,3866.0
2020-01-04 12:38:00,103.2415,103.2803,103.1006,103.1904,547.0
2020-01-04 12:39:00,103.3838,103.3553,103.3212,103.3383,7893.0
2020-01-04 12:40:00,103.2114,103.2501,103.2277,103.2389,2515.0
2020-01-04 12:41:00,103.2768,103.256,103.249,103.2525,4178.0
2020-01-04 12:42:00,103.2045,103.2627,103.2591,103.2609,5248.0
2020-01-04 12:43:00,103.1765,103.1609,103.1471,103.154,3135.0
2020-01-04 12:44:00,103.2571,103.3704,103.1289,103.2496,2424.0
2020-01-04 12:45:00,103.5011,103.4828,103.4814,103.4821,6852.0
2020-01-04 12:46:00,103.4655,103.5919,103.3689,103.4804,5026.0
2020-01-04 12:47:00,103.6351,103.5675,103.4943,103.5309,8329.0
2020-01-04 12:48:00,103.4943,103.5671,103.5116,103.5394,9522.0
2020-01-04 12:49:00,103.5166,103.5759,103.3601,103.468,5925.0
2020-01-04 12:50:00,103.2343,103.3266,103.2452,103.2859,7919.0
2020-01-04 12:51:00,103.2406,103.2439,103.1868,103.2153,8580.0
2020-01-04 12:52:00,103.1049,103.1357,103.0166,103.0762,7218.0
2020-01-04 12:53:00,103.2493,103.2564,103.2367,103.2466,5712.0
2020-01-04 12:54:00,103.2103,103.2523,103.2178,103.235,8036.0
2020-01-04 12:55:00,103.2075,103.2595,103.1414,103.2005,6695.0
2020-01-04 12:56:00,103.3027,103.2942,103.2846,103.2894,5592.0
2020-01-04 12:57:00,103.2667,103.2149,103.1395,103.1772,6804.0
2020-01-04 12:58:00,103.0569,103.1347,103.0663,103.1005,7568.0
2020-01-04 12:59:00,103.0795,103.1716,103.043,103.1073,303.0
2020-01-04 13:00:00,103.2244,103.2838,103.1365,103.2102,6622.0
2020-01-04 13:01:00,103.2476,103.3314,103.1893,103.2604,5334.0
2020-01-04 13:02:00,103.2802,103.3311,103.2393,103.2852,9335.0
2020-01-04 13:03:00,103.3465,103.3689,103.2172,103.293,1720.0
2020-01-04 13:04:00,103.192,103.3631,103.303,103.333,2543.0
2020-01-04 13:05:00,103.3233,103.4463,103.2601,103.3532,3936.0
2020-01-04 13:06:00,103.1631,103.2608,103.2396,103.2502,3223.0
2020-01-04 13:07:00,103.195,103.2676,103.242,103.2548,3831.0
2020-01-04 13:08:00,103.2677,103.178,103.1169,103.1474,3357.0
2020-01-04 13:09:00,103.1855,103.172,103.1391,103.1555,1237.0
2020-01-04 13:10:00,103.1551,103.1984,103.0166,103.1075,8837.0
2020-01-04 13:11:00,103.3574,103.371,103.3518,103.3614,8964.0
2020-01-04 13:12:00,103.3954,103.3734,103.3414,103.3574,7437.0
2020-01-04 13:13:00,103.1287,103.244,103.19,103.217,9051.0
2020-01-04 13:14:00,103.2555,103.2502,103.1569,103.2036,9636.0
2020-01-04 13:15:00,103.2145,103.2869,103.2241,103.2555,619.0
2020-01-04 13:16:00,103.3963,103.4404,103.4053,103.4229,8100.0
2020-01-04 13:17:00,103.3892,103.3883,103.3395,103.3639,4305.0
2020-01-04 13:18:00,103.2215,103.2386,103.1728,103.2057,9893.0
2020-01-04 13:19:00,103.2916,103.3923,103.1824,103.2874,6567.0
2020-01-04 13:20:00,103.0811,103.2008,103.0978,103.1493,6171.0
2020-01-04 13:21:00,103.1107,103.113,103.0984,103.1057,1922.0
2020-01-04 13:22:00,103.1279,103.1095,103.0503,103.0799,2124.0
2020-01-04 13:23:00,103.0463,103.1045,103.0415,103.073,1284.0
2020-01-04 13:24:00,103.2076,103.1448,103.1389,103.1419,479.0
2020-01-04 13:25:00,103.0299,103.0855,103.0615,103.0735,2227.0
2020-01-04 13:26:00,103.0465,103.0687,103.0236,103.0461,9586.0
2020-01-04 13:27:00,103.1215,103.058,103.0314,103.0447,8907.0
2020-01-04 13:28:00,103.0256,103.0726,103.0467,103.0597,535.0
2020-01-04 13:29:00,103.1222,103.1475,102.9914,103.0695,5117.0
2020-01-04 13:30:00,103.2118,103.1364,103.0897,103.1131,3249.0
2020-01-04 13:31:00,103.206,103.2548,103.1401,103.1974,1647.0
2020-01-04 13:32:00,103.2103,103.2701,103.2033,103.2367,4990.0
2020-01-04 13:33:00,103.2434,103.2837,103.2804,103.2821,9426.0
2020-01-04 13:34:00,103.1891,103.1418,103.1059,103.1238,8743.0
2020-01-04 13:35:00,103.1927,103.2179,103.0398,103.1289,4455.0
2020-01-04 13:36:00,103.2493,103.2037,103.1499,103.1768,8197.0
2020-01-04 13:37:00,103.2481,103.2884,103.211,103.2497,6951.0
2020-01-04 13:38:00,103.2324,103.1958,103.1652,103.1805,6418.0
2020-01-04 13:39:00,103.1121,103.1794,103.0498,103.1146,811.0
2020-01-04 13:40:00,103.013,103.086,103.0283,103.0572,5919.0
2020-01-04 13:41:00,103.167,103.1612,103.0604,103.1108,5605.0
2020-01-04 13:42:00,103.2959,103.3003,103.128,103.2142,7539.0
2020-01-04 13:43:00,103.1224,103.189,103.1579,103.1734,6120.0
2020-01-04 13:44:00,103.2123,103.2907,103.2378,103.2642,8458.0
2020-01-04 13:45:00,103.2786,103.3256,103.2276,103.2766,6386.0
2020-01-04 13:46:00,103.312,103.3275,103.2008,103.2642,4688.0
2020-01-04 13:47:00,103.1863,103.2511,103.235,103.243,2219.0
2020-01-04 13:48:00,103.329,103.3931,103.2423,103.3177,7611.0
2020-01-04 13:49:00,103.3207,103.3707,103.3298,103.3502,6390.0
2020-01-04 13:50:00,103.6129,103.6073,103.5483,103.5778,7768.0
2020-01-04 13:51:00,103.4527,103.4977,103.4875,103.4926,5557.0
2020-01-04 13:52:00,103.583,103.6089,103.4799,103.5444,1208.0
2020-01-04 13:53:00,103.4836,103.5282,103.4547,103.4915,1940.0
2020-01-04 13:54:00,103.3577,103.4593,103.3498,103.4046,2954.0
2020-01-04 13:55:00,103.4067,103.4046,103.4024,103.4035,3314.0
2020-01-04 13:56:00,103.3203,103.4343,103.4001,103.4172,9182.0
2020-01-04 13:57:00,103.6811,103.7537,103.6644,103.709,9626.0
2020-01-04 13:58:00,103.7075,103.7435,103.6377,103.6906,3540.0
2020-01-04 13:59:00,103.489,103.5971,103.558,103.5776,5926.0
2020-01-04 14:00:00,103.4763,103.6469,103.5629,103.6049,1819.0
2020-01-04 14:01:00,103.2805,103.423,103.3719,103.3974,2960.0
2020-01-04 14:02:00,103.4546,103.57,103.2065,103.3882,9262.0
2020-01-04 14:03:00,103.386,103.4944,103.2852,103.3898,166.0
2020-01-04 14:04:00,103.4427,103.4968,103.4418,103.4693,8001.0
2020-01-04 14:05:00,103.6139,103.605,103.5283,103.5667,3945.0
2020-01-04 14:06:00,103.4961,103.5725,103.4601,103.5163,9129.0
2020-01-04 14:07:00,103.5147,103.526,103.4765,103.5012,1026.0
2020-01-04 14:08:00,103.4259,103.4605,103.3888,103.4246,3705.0
2020-01-04 14:09:00,103.2883,103.4064,103.2172,103.3118,440.0
2020-01-04 14:10:00,103.3575,103.3499,103.3357,103.3428,3849.0
2020-01-04 14:11:00,103.2541,103.304,103.1269,103.2155,201.0
2020-01-04 14:12:00,103.1647,103.2307,103.1173,103.174,8233.0
2020-01-04 14:13:00,103.0514,103.0785,103.0705,103.0745,1233.0
2020-01-04 14:14:00,103.1123,103.2396,103.0193,103.1294,5102.0
2020-01-04 14:15:00,103.1947,103.3412,103.278,103.3096,927.0
2020-01-04 14:16:00,103.1936,103.1857,103.1731,103.1794,5249.0
2020-01-04 14:17:00,102.9337,103.0195,102.9688,102.9941,7118.0
2020-01-04 14:18:00,103.0131,103.0017,102.9616,102.9816,5191.0
2020-01-04 14:19:00,102.9787,103.0482,102.9182,102.9832,484.0
2020-01-04 14:20:00,103.0103,103.025,102.9851,103.0051,8889.0
2020-01-04 14:21:00,102.9955,103.0584,102.8625,102.9604,108.0
2020-01-04 14:22:00,102.894,102.9599,102.9208,102.9404,1413.0
2020-01-04 14:23:00,102.9956,103.0255,102.9288,102.9771,1078.0
2020-01-04 14:24:00,103.0945,103.0952,103.0671,103.0812,3823.0
2020-01-04 14:25:00,102.8764,102.8986,102.8727,102.8857,2190.0
2020-01-04 14:26:00,102.8024,102.9086,102.7889,102.8488,3202.0
2020-01-04 14:27:00,102.8999,102.9049,102.8354,102.8701,3853.0
2020-01-04 14:28:00,102.8135,102.7915,102.7652,102.7784,3844.0
2020-01-04 14:29:00,102.9571,102.9516,102.9513,102.9515,7030.0
2020-01-04 14:30:00,102.8344,102.9409,102.835,102.8879,1888.0
2020-01-04 14:31:00,102.8574,102.9929,102.7747,102.8838,1342.0
2020-01-04 14:32:00,102.9364,102.9451,102.9337,102.9394,8404.0
2020-01-04 14:33:00,102.9147,102.92,102.8405,102.8803,3866.0
2020-01-04 14:34:00,102.6164,102.701,102.6902,102.6956,3431.0
2020-01-04 14:35:00,102.6246,102.6795,102.626,102.6527,6255.0
2020-01-04 14:36:00,102.7356,102.7789,102.7325,102.7557,1463.0
2020-01-04 14:37:00,102.7178,102.7262,102.7178,102.722,6752.0
2020-01-04 14:38:00,102.5723,102.7216,102.5531,102.6374,3475.0
2020-01-04 14:39:00,102.719,102.7916,102.6683,102.7299,5732.0
2020-01-04 14:40:00,102.6813,102.7448,102.6489,102.6968,3532.0
2020-01-04 14:41:00,102.594,102.6837,102.6079,102.6458,5538.0
2020-01-04 14:42:00,102.6549,102.7253,102.5963,102.6608,6752.0
2020-01-04 14:43:00,102.7108,102.771,102.7047,102.7379,7788.0
2020-01-04 14:44:00,103.0008,102.9948,102.9572,102.976,5993.0
2020-01-04 14:45:00,103.0145,103.0891,103.0284,103.0587,1449.0
2020-01-04 14:46:00,103.1792,103.1994,103.1501,103.1747,407.0
2020-01-04 14:47:00,103.0837,103.1468,103.1015,103.1241,9638.0
2020-01-04 14:48:00,102.9916,103.1566,102.8865,103.0215,9158.0
2020-01-04 14:49:00,103.0426,103.0316,103.024,103.0278,7155.0
2020-01-04 14:50:00,103.0502,103.0853,102.9917,103.0385,7909.0
2020-01-04 14:51:00,102.9098,102.9542,102.9071,102.9306,5836.0
2020-01-04 14:52:00,102.8996,102.9527,102.8736,102.9131,8155.0
2020-01-04 14:53:00,102.8804,103.0,102.9061,102.9531,7809.0
2020-01-04 14:54:00,103.0592,103.0073,102.9709,102.9891,8209.0
2020-01-04 14:55:00,103.0739,103.123,102.9561,103.0395,9804.0
2020-01-04 14:56:00,103.1012,103.1128,103.0244,103.0686,2383.0
2020-01-04 14:57:00,102.9382,103.0423,102.9936,103.0179,7652.0
2020-01-04 14:58:00,102.9367,102.9771,102.9559,102.9665,8234.0
2020-01-04 14:59:00,102.8299,102.8907,102.8026,102.8466,3878.0
2020-01-04 15:00:00,102.9286,103.0341,103.0161,103.0251,5475.0
2020-01-04 15:01:00,103.0709,103.0907,102.9622,103.0265,9159.0
2020-01-04 15:02:00,103.0767,103.0371,102.9709,103.004,1482.0
2020-01-04 15:03:00,103.0142,102.9681,102.8541,102.9111,3714.0
2020-01-04 15:04:00,103.1524,103.2201,103.1892,103.2047,7195.0
2020-01-04 15:05:00,103.1032,103.1012,103.0935,103.0973,9275.0
2020-01-04 15:06:00,103.1206,103.0816,103.0273,103.0544,1124.0
2020-01-04 15:07:00,103.0833,103.0974,103.0946,103.096,8409.0
2020-01-04 15:08:00,103.1277,103.173,103.139,103.156,2626.0
2020-01-04 15:09:00,103.1585,103.2556,103.2481,103.2518,6702.0
2020-01-04 15:10:00,103.4892,103.434,103.4312,103.4326,9510.0
2020-01-04 15:11:00,103.4822,103.4985,103.468,103.4832,7919.0
2020-01-04 15:12:00,103.3411,103.3878,103.3674,103.3776,1143.0
2020-01-04 15:13:00,103.3661,103.3721,103.3317,103.3519,2605.0
2020-01-04 15:14:00,103.3903,103.4255,103.3399,103.3827,7858.0
2020-01-04 15:15:00,103.5979,103.5992,103.5798,103.5895,2787.0
2020-01-04 15:16:00,103.4389,103.5626,103.3369,103.4497,3256.0
2020-01-04 15:17:00,103.6511,103.578,103.562,103.57,675.0
2020-01-04 15:18:00,103.5813,103.6155,103.5604,103.588,502.0
2020-01-04 15:19:00,103.7527,103.8053,103.5382,103.6718,8544.0
2020-01-04 15:20:00,103.6898,103.6823,103.6409,103.6616,1729.0
2020-01-04 15:21:00,103.5949,103.6268,103.5278,103.5773,8068.0
2020-01-04 15:22:00,103.6468,103.682,103.6228,103.6524,2809.0
2020-01-04 15:23:00,103.7666,103.749,103.6867,103.7179,4923.0
2020-01-04 15:24:00,103.8207,103.8418,103.7883,103.8151,4143.0
2020-01-04 15:25:00,103.7671,103.8688,103.7586,103.8137,2759.0
2020-01-04 15:26:00,103.7055,103.7721,103.7354,103.7538,5341.0
2020-01-04 15:27:00,103.619,103.6641,103.5316,103.5979,9270.0
2020-01-04 15:28:00,103.6344,103.6885,103.6711,103.6798,3916.0
2020-01-04 15:29:00,103.7191,103.7585,103.6859,103.7222,2826.0
2020-01-04 15:30:00,103.6785,103.6435,103.6077,103.6256,668.0
2020-01-04 15:31:00,103.587,103.5885,103.5551,103.5718,4205.0
2020-01-04 15:32:00,103.489,103.5491,103.501,103.5251,2872.0
2020-01-04 15:33:00,103.4473,103.3912,103.3624,103.3768,4154.0
2020-01-04 15:34:00,103.3224,103.3254,103.2647,103.295,7977.0
2020-01-04 15:35:00,103.2325,103.1947,103.1686,103.1816,4098.0
2020-01-04 15:36:00,103.027,103.1864,103.0944,103.1404,236.0
2020-01-04 15:37:00,103.0831,103.1199,103.0131,103.0665,4886.0
2020-01-04 15:38:00,102.9459,102.9612,102.8465,102.9038,9715.0
2020-01-04 15:39:00,103.1911,103.1826,103.0295,103.1061,1565.0
2020-01-04 15:40:00,103.1581,103.2677,103.195,103.2313,4871.0
2020-01-04 15:41:00,103.2137,103.2057,103.1012,103.1534,3932.0
2020-01-04 15:42:00,103.2629,103.2414,103.1199,103.1807,1636.0
2020-01-04 15:43:00,103.1216,103.2687,103.1762,103.2224,2424.0
2020-01-04 15:44:00,103.3655,103.3569,103.3262,103.3415,9671.0
2020-01-04 15:45:00,103.2905,103.3514,103.1679,103.2597,9224.0
2020-01-04 15:46:00,103.3525,103.3896,103.3481,103.3689,7360.0
2020-01-04 15:47:00,103.2896,103.3852,103.243,103.3141,6884.0
2020-01-04 15:48:00,103.2139,103.2304,103.1306,103.1805,7403.0
2020-01-04 15:49:00,103.2222,103.2984,103.2074,103.2529,9359.0
2020-01-04 15:50:00,103.3711,103.3915,103.3725,103.382,310.0
2020-01-04 15:51:00,103.6814,103.6425,103.639,103.6408,7626.0
2020-01-04 15:52:00,103.6085,103.526,103.5156,103.5208,6604.0
2020-01-04 15:53:00,103.6176,103.6365,103.5449,103.5907,6654.0
2020-01-04 15:54:00,103.5564,103.5702,103.5293,103.5497,8523.0
2020-01-04 15:55:00,103.6022,103.7749,103.4812,103.6281,903.0
2020-01-04 15:56:00,103.4305,103.5466,103.4154,103.481,9485.0
2020-01-04 15:57:00,103.4102,103.4641,103.2454,103.3547,8525.0
2020-01-04 15:58:00,103.2695,103.2859,103.2684,103.2771,2667.0
2020-01-04 15:59:00,103.3426,103.2971,103.273,103.285,2247.0
2020-01-04 16:00:00,103.2045,103.2351,103.2068,103.2209,6496.0
2020-01-04 16:01:00,103.2544,103.3348,103.2389,103.2868,1823.0
2020-01-04 16:02:00,103.4106,103.4232,103.3558,103.3895,1246.0
2020-01-04 16:03:00,103.4457,103.4853,103.4137,103.4495,8423.0
2020-01-04 16:04:00,103.5511,103.6741,103.5486,103.6114,6464.0
2020-01-04 16:05:00,103.7438,103.7262,103.5796,103.6529,9123.0
2020-01-04 16:06:00,103.4999,103.5313,103.5312,103.5313,831.0
2020-01-04 16:07:00,103.714,103.7572,103.578,103.6676,8694.0
2020-01-04 16:08:00,103.6492,103.6921,103.5221,103.6071,6414.0
2020-01-04 16:09:00,103.6351,103.7263,103.6699,103.6981,5695.0
2020-01-04 16:10:00,103.8054,103.892,103.819,103.8555,9909.0
2020-01-04 16:11:00,103.8861,103.9455,103.8568,103.9012,369.0
2020-01-04 16:12:00,103.7083,103.7742,103.7289,103.7515,7680.0
2020-01-04 16:13:00,103.746,103.6981,103.6213,103.6597,1254.0
2020-01-04 16:14:00,103.782,103.8992,103.6848,103.792,6956.0
2020-01-04 16:15:00,103.8196,103.7802,103.77,103.7751,7115.0
2020-01-04 16:16:00,103.8087,103.8145,103.7516,103.783,8000.0
2020-01-04 16:17:00,103.8721,103.8637,103.8541,103.8589,5736.0
2020-01-04 16:18:00,103.9306,104.0435,103.8136,103.9286,6872.0
2020-01-04 16:19:00,104.0183,103.9649,103.9479,103.9564,2448.0
2020-01-04 16:20:00,103.8943,104.0571,103.814,103.9356,2851.0
2020-01-04 16:21:00,103.9906,103.9587,103.8499,103.9043,6158.0
2020-01-04 16:22:00,103.9257,104.0162,103.964,103.9901,4622.0
2020-01-04 16:23:00,104.0845,104.0594,104.0315,104.0455,2263.0
2020-01-04 16:24:00,103.9495,104.0479,103.9916,104.0197,2383.0
2020-01-04 16:25:00,104.1121,104.1768,104.079,104.1279,6256.0
2020-01-04 16:26:00,104.1197,104.1186,104.1114,104.115,4263.0
2020-01-04 16:27:00,104.0055,104.0696,103.9901,104.0299,4586.0
2020-01-04 16:28:00,103.9449,104.1087,103.7993,103.954,9064.0
2020-01-04 16:29:00,103.7867,103.8785,103.8337,103.8561,2526.0
2020-01-04 16:30:00,103.7795,103.83,103.8277,103.8289,3346.0
2020-01-04 16:31:00,103.9771,103.962,103.9424,103.9522,5611.0
2020-01-04 16:32:00,103.8732,103.9446,103.7989,103.8717,3576.0
2020-01-04 16:33:00,103.856,103.9468,103.8344,103.8906,4283.0
2020-01-04 16:34:00,103.8911,103.856,103.7938,103.8249,6011.0
2020-01-04 16:35:00,103.7379,103.8947,103.7031,103.7989,5308.0
2020-01-04 16:36:00,103.6298,103.7234,103.5723,103.6479,8278.0
2020-01-04 16:37:00,103.6005,103.6381,103.6135,103.6258,3992.0
2020-01-04 16:38:00,103.6372,103.6284,103.5845,103.6064,2879.0
2020-01-04 16:39:00,103.6629,103.6631,103.6578,103.6605,6699.0
2020-01-04 16:40:00,103.6774,103.7146,103.651,103.6828,8746.0
2020-01-04 16:41:00,103.4707,103.5803,103.5456,103.563,3734.0
2020-01-04 16:42:00,103.7146,103.8038,103.539,103.6714,6754.0
2020-01-04 16:43:00,103.6815,103.7151,103.6697,103.6924,3346.0
2020-01-04 16:44:00,103.718,103.7355,103.689,103.7122,4404.0
2020-01-04 16:45:00,103.6739,103.7394,103.6833,103.7113,7896.0
2020-01-04 16:46:00,103.6143,103.6792,103.6399,103.6595,5532.0
2020-01-04 16:47:00,103.7563,103.7564,103.6062,103.6813,2950.0
2020-01-04 16:48:00,103.6402,103.7309,103.7269,103.7289,5723.0
2020-01-04 16:49:00,103.5015,103.5934,103.515,103.5542,2233.0
2020-01-04 16:50:00,103.5743,103.531,103.4697,103.5003,5439.0
2020-01-04 16:51:00,103.5069,103.5152,103.4345,103.4748,1821.0
2020-01-04 16:52:00,103.4842,103.5762,103.4246,103.5004,2126.0
2020-01-04 16:53:00,103.6821,103.6911,103.5484,103.6198,6749.0
2020-01-04 16:54:00,103.5649,103.646,103.4392,103.5426,1286.0
2020-01-04 16:55:00,103.5044,103.5504,103.4352,103.4928,1250.0
2020-01-04 16:56:00,103.4528,103.5186,103.3645,103.4415,4312.0
2020-01-04 16:57:00,103.3847,103.3807,103.3421,103.3614,1529.0
2020-01-04 16:58:00,103.352,103.3447,103.3086,103.3267,748.0
2020-01-04 16:59:00,103.5136,103.4147,103.3928,103.4038,8035.0
2020-01-04 17:00:00,103.2886,103.356,103.2407,103.2984,455.0
2020-01-04 17:01:00,103.333,103.3757,103.3066,103.3412,2923.0
2020-01-04 17:02:00,103.1091,103.2097,103.1322,103.171,8257.0
2020-01-04 17:03:00,103.1122,103.1904,103.0393,103.1148,5218.0
2020-01-04 17:04:00,103.175,103.1047,103.0591,103.0819,7643.0
2020-01-04 17:05:00,103.2986,103.2862,103.2125,103.2494,5369.0
2020-01-04 17:06:00,103.1947,103.234,103.2098,103.2219,6479.0
2020-01-04 17:07:00,103.0033,103.048,102.9556,103.0018,4034.0
2020-01-04 17:08:00,102.7371,102.8805,102.7233,102.8019,9483.0
2020-01-04 17:09:00,102.7568,102.8876,102.723,102.8053,5714.0
2020-01-04 17:10:00,102.8741,102.8862,102.8471,102.8667,7185.0
2020-01-04 17:11:00,102.8795,102.9486,102.8598,102.9042,366.0
2020-01-04 17:12:00,102.8687,102.9468,102.8951,102.921,7417.0
2020-01-04 17:13:00,103.0617,103.0482,103.0262,103.0372,1980.0
2020-01-04 17:14:00,102.9791,103.0192,102.9472,102.9832,1648.0
2020-01-04 17:15:00,102.9943,103.0931,103.0523,103.0727,481.0
2020-01-04 17:16:00,102.8058,102.9507,102.8683,102.9095,1735.0
2020-01-04 17:17:00,102.7905,102.8366,102.8014,102.819,8976.0
2020-01-04 17:18:00,102.5589,102.6768,102.5999,102.6383,7517.0
2020-01-04 17:19:00,102.5174,102.6575,102.5641,102.6108,2737.0
2020-01-04 17:20:00,102.6627,102.6869,102.5256,102.6062,5670.0
2020-01-04 17:21:00,102.6127,102.6211,102.6141,102.6176,4949.0
2020-01-04 17:22:00,102.6105,102.6522,102.5954,102.6238,6150.0
2020-01-04 17:23:00,102.5216,102.5794,102.4827,102.531,2051.0
2020-01-04 17:24:00,102.4551,102.5844,102.4397,102.512,9737.0
2020-01-04 17:25:00,102.3828,102.3894,102.3352,102.3623,6045.0
2020-01-04 17:26:00,102.4921,102.5892,102.408,102.4986,120.0
2020-01-04 17:27:00,102.4304,102.5152,102.4213,102.4682,1109.0
2020-01-04 17:28:00,102.389,102.4312,102.4075,102.4194,7879.0
2020-01-04 17:29:00,102.5169,102.639,102.5175,102.5782,7240.0
2020-01-04 17:30:00,102.4337,102.5214,102.3866,102.454,5387.0
2020-01-04 17:31:00,102.3295,102.4188,102.2641,102.3415,9373.0
2020-01-04 17:32:00,102.2102,102.2404,102.2233,102.2318,2748.0
2020-01-04 17:33:00,102.2278,102.2317,102.2184,102.2251,7924.0
2020-01-04 17:34:00,102.2643,102.353,102.1834,102.2682,4952.0
2020-01-04 17:35:00,102.3537,102.3601,102.3242,102.3422,5485.0
2020-01-04 17:36:00,102.6465,102.6573,102.5415,102.5994,2552.0
2020-01-04 17:37:00,102.4041,102.4319,102.317,102.3744,6608.0
2020-01-04 17:38:00,102.483,102.4687,102.4019,102.4353,8676.0
2020-01-04 17:39:00,102.3372,102.4361,102.3231,102.3796,4204.0
2020-01-04 17:40:00,102.2955,102.3366,102.3053,102.321,7636.0
2020-01-04 17:41:00,102.2917,102.2924,102.2256,102.259,6552.0
2020-01-04 17:42:00,102.2017,102.2578,102.0784,102.1681,2317.0
2020-01-04 17:43:00,102.3026,102.3926,102.2805,102.3366,246.0
2020-01-04 17:44:00,102.4514,102.4652,102.3764,102.4208,2026.0
2020-01-04 17:45:00,102.3759,102.4669,102.3793,102.4231,3854.0
2020-01-04 17:46:00,102.5823,102.6356,102.4808,102.5582,8371.0
2020-01-04 17:47:00,102.4056,102.4467,102.3672,102.407,6695.0
2020-01-04 17:48:00,102.2047,102.2786,102.2691,102.2739,1077.0
2020-01-04 17:49:00,102.0344,102.0951,102.017,102.0561,5002.0
2020-01-04 17:50:00,102.0953,102.0179,101.9544,101.9861,6152.0
2020-01-04 17:51:00,102.0125,102.0346,101.9701,102.0023,2904.0
2020-01-04 17:52:00,102.1276,102.0548,101.9704,102.0126,7679.0
2020-01-04 17:53:00,101.9553,102.0451,102.01,102.0275,9877.0
2020-01-04 17:54:00,101.924,101.8873,101.8855,101.8864,4490.0
2020-01-04 17:55:00,101.84,101.9992,101.9343,101.9667,9445.0
2020-01-04 17:56:00,101.9907,102.0733,101.9081,101.9907,6112.0
2020-01-04 17:57:00,102.0956,102.07,102.058,102.064,5983.0
2020-01-04 17:58:00,101.9166,101.9208,101.8286,101.8747,5384.0
2020-01-04 17:59:00,101.8659,101.9417,101.8701,101.9059,8904.0
2020-01-04 18:00:00,101.8391,101.7934,101.7808,101.7871,3678.0
2020-01-04 18:01:00,101.7207,101.785,101.7097,101.7474,4264.0
2020-01-04 18:02:00,101.7926,101.8676,101.734,101.8008,4751.0
2020-01-04 18:03:00,101.7883,101.9023,101.7175,101.8099,3056.0
2020-01-04 18:04:00,101.668,101.7402,101.7093,101.7248,5881.0
2020-01-04 18:05:00,101.8039,101.7487,101.7021,101.7254,3306.0
2020-01-04 18:06:00,101.5746,101.5771,101.5674,101.5722,929.0
2020-01-04 18:07:00,101.7416,101.6882,101.6863,101.6873,4697.0
2020-01-04 18:08:00,101.719,101.6742,101.6593,101.6667,9265.0
2020-01-04 18:09:00,101.7302,101.8295,101.7277,101.7786,9021.0
2020-01-04 18:10:00,101.7868,101.7263,101.7255,101.7259,9192.0
2020-01-04 18:11:00,101.6988,101.7119,101.6352,101.6736,759.0
2020-01-04 18:12:00,101.5451,101.6189,101.5755,101.5972,7905.0
2020-01-04 18:13:00,101.7072,101.6946,101.675,101.6848,860.0
2020-01-04 18:14:00,101.5627,101.654,101.5736,101.6138,8623.0
2020-01-04 18:15:00,101.7586,101.7391,101.6175,101.6783,1058.0
2020-01-04 18:16:00,101.6807,101.6817,101.5984,101.6401,5940.0
2020-01-04 18:17:00,101.4389,101.4587,101.4262,101.4425,6899.0
2020-01-04 18:18:00,101.4487,101.4012,101.3697,101.3854,4508.0
2020-01-04 18:19:00,101.1884,101.2852,101.2498,101.2675,1955.0
2020-01-04 18:20:00,101.2334,101.307,101.2348,101.2709,454.0
2020-01-04 18:21:00,101.1392,101.1677,101.136,101.1519,5721.0
2020-01-04 18:22:00,101.3562,101.3142,101.1748,101.2445,2372.0
2020-01-04 18:23:00,101.1818,101.2763,101.1944,101.2354,4294.0
2020-01-04 18:24:00,101.1322,101.2261,101.2091,101.2176,4990.0
2020-01-04 18:25:00,101.211,101.322,101.2444,101.2832,3262.0
2020-01-04 18:26:00,101.4249,101.4006,101.3585,101.3796,3980.0
2020-01-04 18:27:00,101.3479,101.3784,101.3768,101.3776,6617.0
2020-01-04 18:28:00,101.2925,101.3082,101.2927,101.3004,8495.0
2020-01-04 18:29:00,101.1612,101.1825,101.0636,101.1231,4065.0
2020-01-04 18:30:00,101.0465,101.0872,101.0217,101.0544,708.0
2020-01-04 18:31:00,101.0029,101.0221,100.9634,100.9927,8176.0
2020-01-04 18:32:00,101.0302,101.0419,100.965,101.0034,1240.0
2020-01-04 18:33:00,100.9474,100.9745,100.9633,100.9689,4974.0
2020-01-04 18:34:00,101.0294,101.0975,100.9779,101.0377,5096.0
2020-01-04 18:35:00,100.9885,101.0095,100.9433,100.9764,5023.0
2020-01-04 18:36:00,101.0141,100.9748,100.9666,100.9707,8273.0
2020-01-04 18:37:00,101.0495,101.1798,100.9984,101.0891,6335.0
2020-01-04 18:38:00,100.9723,101.1283,101.1182,101.1233,5296.0
2020-01-04 18:39:00,101.1513,101.2,101.0346,101.1173,8017.0
2020-01-04 18:40:00,101.1035,101.0681,101.0461,101.0571,838.0
2020-01-04 18:41:00,101.0038,101.0131,100.9744,100.9938,7587.0
2020-01-04 18:42:00,100.9221,100.9857,100.8317,100.9087,3823.0
2020-01-04 18:43:00,100.8264,100.8765,100.8328,100.8546,757.0
2020-01-04 18:44:00,100.9552,100.9623,100.898,100.9302,7412.0
2020-01-04 18:45:00,100.9506,100.9315,100.8845,100.908,2826.0
2020-01-04 18:46:00,100.7758,100.7876,100.7584,100.773,9401.0
2020-01-04 18:47:00,101.0744,101.0493,100.8504,100.9498,3312.0
2020-01-04 18:48:00,100.9036,101.0286,100.935,100.9818,6288.0
2020-01-04 18:49:00,100.8493,100.8959,100.7864,100.8411,8137.0
2020-01-04 18:50:00,100.7382,100.8888,100.705,100.7969,2264.0
2020-01-04 18:51:00,100.852,100.8291,100.7869,100.808,8438.0
2020-01-04 18:52:00,100.8994,100.9909,100.9661,100.9785,6902.0
2020-01-04 18:53:00,100.801,100.9094,100.8259,100.8677,5240.0
2020-01-04 18:54:00,100.9336,101.0078,100.9228,100.9653,4731.0
2020-01-04 18:55:00,101.1185,101.1871,101.0233,101.1052,3329.0
2020-01-04 18:56:00,101.0126,101.0446,101.0401,101.0424,5267.0
2020-01-04 18:57:00,100.9853,101.0229,101.0063,101.0146,4614.0
2020-01-04 18:58:00,100.9019,100.9468,100.8752,100.911,5329.0
2020-01-04 18:59:00,100.8785,100.9175,100.8638,100.8906,3700.0
2020-01-04 19:00:00,100.9613,100.9644,100.8096,100.887,6725.0
2020-01-04 19:01:00,100.9872,100.9917,100.9141,100.9529,5296.0
2020-01-04 19:02:00,101.0457,101.0914,101.0326,101.062,2417.0
2020-01-04 19:03:00,101.092,101.0164,100.9579,100.9871,1021.0
2020-01-04 19:04:00,100.815,100.7973,100.7835,100.7904,4887.0
2020-01-04 19:05:00,100.7398,100.8649,100.7116,100.7883,5870.0
2020-01-04 19:06:00,100.8305,100.8612,100.774,100.8176,3990.0
2020-01-04 19:07:00,100.8694,100.8729,100.8122,100.8426,7949.0
2020-01-04 19:08:00,100.7755,100.8394,100.7805,100.8099,4437.0
2020-01-04 19:09:00,100.7698,100.8664,100.7784,100.8224,4129.0
2020-01-04 19:10:00,100.9783,101.0015,100.9464,100.9739,3078.0
2020-01-04 19:11:00,100.9941,101.0621,100.9621,101.0121,9379.0
2020-01-04 19:12:00,101.0487,101.0289,100.9206,100.9748,5877.0
2020-01-04 19:13:00,100.9618,100.9909,100.8586,100.9248,6641.0
2020-01-04 19:14:00,100.8757,100.9517,100.8638,100.9078,7131.0
2020-01-04 19:15:00,101.0927,101.0807,101.0622,101.0714,2196.0
2020-01-04 19:16:00,101.1165,101.0539,101.0523,101.0531,5672.0
2020-01-04 19:17:00,100.9814,101.0953,101.0069,101.0511,2292.0
2020-01-04 19:18:00,100.9518,101.0834,100.9224,101.0029,1016.0
2020-01-04 19:19:00,101.1122,101.1971,101.0285,101.1128,4866.0
2020-01-04 19:20:00,101.3106,101.3247,101.2929,101.3088,5522.0
2020-01-04 19:21:00,101.3512,101.3671,101.3405,101.3538,8719.0
2020-01-04 19:22:00,101.3466,101.4322,101.2921,101.3621,3188.0
2020-01-04 19:23:00,101.3495,101.3901,101.3415,101.3658,4276.0
2020-01-04 19:24:00,101.1466,101.1488,101.106,101.1274,6710.0
2020-01-04 19:25:00,101.2586,101.2158,101.188,101.2019,7338.0
2020-01-04 19:26:00,101.1913,101.2925,101.1381,101.2153,6333.0
2020-01-04 19:27:00,101.3801,101.4018,101.1144,101.2581,9000.0
2020-01-04 19:28:00,101.285,101.2003,101.1737,101.187,3763.0
2020-01-04 19:29:00,101.215,101.1541,101.143,101.1485,2081.0
2020-01-04 19:30:00,101.1386,101.1623,101.0525,101.1074,1488.0
2020-01-04 19:31:00,101.31,101.2226,101.1966,101.2096,8494.0
2020-01-04 19:32:00,101.1572,101.1799,101.1635,101.1717,3402.0
2020-01-04 19:33:00,101.3384,101.4744,101.2856,101.38,4201.0
2020-01-04 19:34:00,101.3968,101.4766,101.3696,101.4231,3317.0
2020-01-04 19:35:00,101.2454,101.3353,101.2558,101.2955,5916.0
2020-01-04 19:36:00,101.2888,101.3799,101.1855,101.2827,8438.0
2020-01-04 19:37:00,101.2325,101.2359,101.1991,101.2175,4781.0
2020-01-04 19:38:00,101.0081,101.0532,100.9429,100.9981,9271.0
2020-01-04 19:39:00,101.1574,101.1658,101.1502,101.158,9027.0
2020-01-04 19:40:00,101.235,101.2326,101.224,101.2283,8986.0
2020-01-04 19:41:00,101.3685,101.3362,101.2271,101.2816,7758.0
2020-01-04 19:42:00,101.3292,101.3813,101.215,101.2982,6152.0
2020-01-04 19:43:00,101.2061,101.225,101.0949,101.16,953.0
2020-01-04 19:44:00,101.1212,101.1649,101.0583,101.1116,347.0
2020-01-04 19:45:00,101.115,101.1991,101.1924,101.1958,6592.0
2020-01-04 19:46:00,101.0,101.1045,101.0768,101.0907,4637.0
2020-01-04 19:47:00,100.9416,100.8505,100.8245,100.8375,9701.0
2020-01-04 19:48:00,100.7882,100.8342,100.7954,100.8148,2563.0
2020-01-04 19:49:00,100.7698,100.8416,100.7596,100.8006,3837.0
2020-01-04 19:50:00,100.8264,100.8643,100.764,100.8142,9277.0
2020-01-04 19:51:00,100.9145,100.9713,100.8027,100.887,5881.0
2020-01-04 19:52:00,100.9846,100.9672,100.9343,100.9508,6573.0
2020-01-04 19:53:00,101.0654,101.0449,100.9085,100.9767,7411.0
2020-01-04 19:54:00,101.1712,101.1141,101.0783,101.0962,5466.0
2020-01-04 19:55:00,100.9038,101.0385,100.8501,100.9443,3234.0
2020-01-04 19:56:00,101.0432,101.0186,100.9709,100.9948,4100.0
2020-01-04 19:57:00,101.0382,101.0918,101.0231,101.0574,7770.0
2020-01-04 19:58:00,100.9266,100.9683,100.8987,100.9335,7503.0
2020-01-04 19:59:00,100.7285,100.7927,100.7736,100.7832,9712.0
2020-01-04 20:00:00,100.6239,100.7089,100.7082,100.7086,4996.0
2020-01-04 20:01:00,100.6409,100.6886,100.5963,100.6424,222.0
2020-01-04 20:02:00,100.67,100.8319,100.6037,100.7178,2417.0
2020-01-04 20:03:00,100.7027,100.7119,100.6007,100.6563,6251.0
2020-01-04 20:04:00,100.5566,100.5902,100.5512,100.5707,6973.0
2020-01-04 20:05:00,100.5249,100.5644,100.4546,100.5095,6585.0
2020-01-04 20:06:00,100.6898,100.6265,100.6162,100.6214,8977.0
2020-01-04 20:07:00,100.5484,100.6486,100.5967,100.6227,1761.0
2020-01-04 20:08:00,100.5685,100.6493,100.5602,100.6048,7582.0
2020-01-04 20:09:00,100.6028,100.6266,100.5609,100.5938,2975.0
2020-01-04 20:10:00,100.7386,100.7909,100.655,100.723,6991.0
2020-01-04 20:11:00,100.7032,100.7012,100.5949,100.648,2263.0
2020-01-04 20:12:00,100.823,100.8099,100.7493,100.7796,2938.0
2020-01-04 20:13:00,100.8055,100.8744,100.7269,100.8006,3560.0
2020-01-04 20:14:00,100.7998,100.8022,100.767,100.7846,7352.0
2020-01-04 20:15:00,101.0513,101.1321,100.9373,101.0347,7899.0
2020-01-04 20:16:00,100.8556,100.9852,100.873,100.9291,9463.0
2020-01-04 20:17:00,100.8859,100.9706,100.8169,100.8938,654.0
2020-01-04 20:18:00,100.7829,100.7733,100.7677,100.7705,8025.0
2020-01-04 20:19:00,100.8887,100.8839,100.8476,100.8658,4108.0
2020-01-04 20:20:00,100.9885,101.0728,100.9966,101.0347,4701.0
2020-01-04 20:21:00,101.1382,101.3171,101.0862,101.2017,1916.0
2020-01-04 20:22:00,101.3123,101.329,101.3191,101.3241,7639.0
2020-01-04 20:23:00,101.4027,101.3437,101.2649,101.3043,288.0
2020-01-04 20:24:00,101.2268,101.307,101.2286,101.2678,1540.0
2020-01-04 20:25:00,101.1594,101.1184,101.0829,101.1007,1320.0
2020-01-04 20:26:00,101.3835,101.3109,101.2976,101.3043,2697.0
2020-01-04 20:27:00,101.3534,101.3516,101.3507,101.3512,6767.0
2020-01-04 20:28:00,101.268,101.3462,101.2578,101.302,3007.0
2020-01-04 20:29:00,101.4604,101.4458,101.4238,101.4348,5783.0
2020-01-04 20:30:00,101.3472,101.4254,101.2496,101.3375,1815.0
2020-01-04 20:31:00,101.3352,101.3937,101.3626,101.3782,7909.0
2020-01-04 20:32:00,101.3279,101.5037,101.2181,101.3609,6210.0
2020-01-04 20:33:00,101.4474,101.4392,101.4103,101.4248,711.0
2020-01-04 20:34:00,101.4651,101.4644,101.3724,101.4184,383.0
2020-01-04 20:35:00,101.2572,101.3263,101.2203,101.2733,2770.0
2020-01-04 20:36:00,101.2774,101.3167,101.245,101.2809,9919.0
2020-01-04 20:37:00,101.4192,101.4435,101.328,101.3858,1711.0
2020-01-04 20:38:00,101.3742,101.5482,101.2174,101.3828,9008.0
2020-01-04 20:39:00,101.4454,101.4679,101.4528,101.4603,8973.0
2020-01-04 20:40:00,101.318,101.4996,101.212,101.3558,7264.0
2020-01-04 20:41:00,101.3145,101.3591,101.3473,101.3532,7730.0
2020-01-04 20:42:00,101.4242,101.2911,101.2904,101.2907,4356.0
2020-01-04 20:43:00,101.3556,101.4895,101.2413,101.3654,4369.0
2020-01-04 20:44:00,101.4368,101.4648,101.2723,101.3686,1622.0
2020-01-04 20:45:00,101.5218,101.4519,101.4233,101.4376,9651.0
2020-01-04 20:46:00,101.5372,101.5888,101.5039,101.5463,2173.0
2020-01-04 20:47:00,101.6339,101.6888,101.5422,101.6155,1889.0
2020-01-04 20:48:00,101.6479,101.7326,101.553,101.6428,3470.0
2020-01-04 20:49:00,101.4624,101.6044,101.4815,101.543,2584.0
2020-01-04 20:50:00,101.4651,101.6577,101.4277,101.5427,7002.0
2020-01-04 20:51:00,101.4918,101.5795,101.3993,101.4894,2158.0
2020-01-04 20:52:00,101.4337,101.4716,101.4384,101.455,7505.0
2020-01-04 20:53:00,101.5121,101.4505,101.3846,101.4175,2766.0
2020-01-04 20:54:00,101.3077,101.3346,101.3045,101.3195,1533.0
2020-01-04 20:55:00,101.2214,101.1525,101.0951,101.1238,3484.0
2020-01-04 20:56:00,101.0332,101.0609,101.0531,101.057,622.0
2020-01-04 20:57:00,101.1719,101.0899,101.0628,101.0763,1793.0
2020-01-04 20:58:00,100.9668,100.9469,100.9361,100.9415,4283.0
2020-01-04 20:59:00,100.9713,100.9735,100.9127,100.9431,9447.0
2020-01-04 21:00:00,101.1075,101.1354,101.1308,101.1331,697.0
2020-01-04 21:01:00,101.2643,101.2491,101.2217,101.2354,9937.0
2020-01-04 21:02:00,101.4844,101.4053,101.3942,101.3998,7595.0
2020-01-04 21:03:00,101.4316,101.5128,101.365,101.4389,2436.0
2020-01-04 21:04:00,101.5387,101.6229,101.4884,101.5556,6317.0
2020-01-04 21:05:00,101.4709,101.5374,101.4291,101.4832,7783.0
2020-01-04 21:06:00,101.4998,101.4342,101.4035,101.4188,1814.0
2020-01-04 21:07:00,101.1877,101.1741,101.1157,101.1449,3276.0
2020-01-04 21:08:00,101.3359,101.3181,101.2089,101.2635,8494.0
2020-01-04 21:09:00,101.4332,101.4912,101.3439,101.4175,2998.0
2020-01-04 21:10:00,101.3642,101.4044,101.32,101.3622,1364.0
2020-01-04 21:11:00,101.358,101.348,101.3257,101.3368,7043.0
2020-01-04 21:12:00,101.315,101.2947,101.2282,101.2614,6950.0
2020-01-04 21:13:00,101.2874,101.3644,101.235,101.2997,9529.0
2020-01-04 21:14:00,101.4806,101.4212,101.4032,101.4122,1654.0
2020-01-04 21:15:00,101.2562,101.3304,101.1455,101.2379,7479.0
2020-01-04 21:16:00,101.1586,101.2991,101.2586,101.2789,8344.0
2020-01-04 21:17:00,101.2954,101.3718,101.1306,101.2512,771.0
2020-01-04 21:18:00,101.1989,101.3153,101.2097,101.2625,8982.0
2020-01-04 21:19:00,101.3514,101.3839,101.233,101.3084,8374.0
2020-01-04 21:20:00,101.3347,101.3011,101.2781,101.2896,3668.0
2020-01-04 21:21:00,101.2958,101.318,101.2405,101.2793,1551.0
2020-01-04 21:22:00,101.2851,101.365,101.1507,101.2579,5413.0
2020-01-04 21:23:00,101.4098,101.4269,101.2829,101.3549,5337.0
2020-01-04 21:24:00,101.372,101.4339,101.3597,101.3968,7078.0
2020-01-04 21:25:00,101.4585,101.4252,101.4125,101.4188,7138.0
2020-01-04 21:26:00,101.3499,101.304,101.2795,101.2917,6143.0
2020-01-04 21:27:00,101.3419,101.2971,101.2107,101.2539,7238.0
2020-01-04 21:28:00,101.2885,101.3452,101.3423,101.3438,9467.0
2020-01-04 21:29:00,101.3679,101.3988,101.2963,101.3475,1179.0
2020-01-04 21:30:00,101.3654,101.4494,101.3776,101.4135,8085.0
2020-01-04 21:31:00,101.5399,101.5904,101.5899,101.5901,9574.0
2020-01-04 21:32:00,101.7119,101.7557,101.6323,101.694,634.0
2020-01-04 21:33:00,101.7072,101.7247,101.6819,101.7033,7861.0
2020-01-04 21:34:00,101.7095,101.6909,101.6135,101.6522,4766.0
2020-01-04 21:35:00,101.3795,101.4293,101.3644,101.3968,4773.0
2020-01-04 21:36:00,101.3733,101.3994,101.3607,101.38,2262.0
2020-01-04 21:37:00,101.358,101.3919,101.3029,101.3474,4098.0
2020-01-04 21:38:00,101.3434,101.5128,101.2601,101.3864,6717.0
2020-01-04 21:39:00,101.3349,101.389,101.3531,101.3711,7601.0
2020-01-04 21:40:00,101.3948,101.3791,101.2989,101.339,3792.0
2020-01-04 21:41:00,101.1336,101.1983,101.1238,101.1611,7576.0
2020-01-04 21:42:00,101.1262,101.0727,101.0615,101.0671,4159.0
2020-01-04 21:43:00,101.1451,101.1162,101.1133,101.1147,8622.0
2020-01-04 21:44:00,101.209,101.296,101.2767,101.2863,5763.0
2020-01-04 21:45:00,101.3031,101.3997,101.1534,101.2766,1627.0
2020-01-04 21:46:00,101.3355,101.3247,101.294,101.3094,7151.0
2020-01-04 21:47:00,101.4258,101.434,101.3753,101.4046,673.0
2020-01-04 21:48:00,101.3164,101.42,101.227,101.3235,6246.0
2020-01-04 21:49:00,101.3132,101.3818,101.3386,101.3602,7650.0
2020-01-04 21:50:00,101.3535,101.3433,101.2291,101.2862,3795.0
2020-01-04 21:51:00,101.3676,101.399,101.3463,101.3726,623.0
2020-01-04 21:52:00,101.3436,101.5133,101.2623,101.3878,9463.0
2020-01-04 21:53:00,101.4405,101.4196,101.4157,101.4176,9713.0
2020-01-04 21:54:00,101.3022,101.3402,101.3385,101.3394,2316.0
2020-01-04 21:55:00,101.3626,101.4463,101.3739,101.4101,6436.0
2020-01-04 21:56:00,101.5998,101.7191,101.518,101.6185,9143.0
2020-01-04 21:57:00,101.4845,101.5367,101.4987,101.5177,5579.0
2020-01-04 21:58:00,101.4382,101.5266,101.441,101.4838,7810.0
2020-01-04 21:59:00,101.5473,101.5653,101.4486,101.5069,9471.0
2020-01-04 22:00:00,101.5799,101.5955,101.5757,101.5856,3695.0
2020-01-04 22:01:00,101.5922,101.5536,101.5057,101.5296,4467.0
2020-01-04 22:02:00,101.2036,101.2736,101.219,101.2463,5956.0
2020-01-04 22:03:00,101.2959,101.4212,101.3433,101.3822,5101.0
2020-01-04 22:04:00,101.4657,101.4816,101.435,101.4583,837.0
2020-01-04 22:05:00,101.3768,101.2862,101.2818,101.284,2918.0
2020-01-04 22:06:00,101.2498,101.2684,101.1781,101.2232,5442.0
2020-01-04 22:07:00,101.5408,101.4041,101.356,101.3801,2263.0
2020-01-04 22:08:00,101.5414,101.6463,101.4033,101.5248,3176.0
2020-01-04 22:09:00,101.6305,101.6305,101.6069,101.6187,7016.0
2020-01-04 22:10:00,101.4933,101.6024,101.5998,101.6011,8818.0
2020-01-04 22:11:00,101.6308,101.6188,101.6,101.6094,548.0
2020-01-04 22:12:00,101.6047,101.6215,101.5711,101.5963,7534.0
2020-01-04 22:13:00,101.6887,101.7284,101.6898,101.7091,6973.0
2020-01-04 22:14:00,101.6147,101.627,101.616,101.6215,6797.0
2020-01-04 22:15:00,101.5375,101.5434,101.5385,101.5409,4261.0
2020-01-04 22:16:00,101.633,101.7122,101.5718,101.642,8096.0
2020-01-04 22:17:00,101.742,101.6667,101.6084,101.6375,8177.0
2020-01-04 22:18:00,101.7568,101.7779,101.7729,101.7754,219.0
2020-01-04 22:19:00,101.7167,101.745,101.6714,101.7082,4584.0
2020-01-04 22:20:00,101.6826,101.7458,101.6598,101.7028,2947.0
2020-01-04 22:21:00,101.6497,101.6434,101.5776,101.6105,1890.0
2020-01-04 22:22:00,101.6201,101.6221,101.6004,101.6113,3117.0
2020-01-04 22:23:00,101.4494,101.4692,101.4576,101.4634,450.0
2020-01-04 22:24:00,101.3183,101.4519,101.3773,101.4146,5557.0
2020-01-04 22:25:00,101.2832,101.316,101.226,101.271,9844.0
2020-01-04 22:26:00,101.3249,101.3751,101.3057,101.3404,2350.0
2020-01-04 22:27:00,101.409,101.5174,101.3068,101.4121,5160.0
2020-01-04 22:28:00,101.1799,101.2987,101.1793,101.239,6683.0
2020-01-04 22:29:00,101.4441,101.4488,101.2961,101.3724,3337.0
2020-01-04 22:30:00,101.665,101.6463,101.5981,101.6222,6622.0
2020-01-04 22:31:00,101.6983,101.6386,101.6149,101.6268,8339.0
2020-01-04 22:32:00,101.62,101.6072,101.5181,101.5627,5947.0
2020-01-04 22:33:00,101.8747,101.9425,101.7477,101.8451,5494.0
2020-01-04 22:34:00,101.6561,101.7501,101.6763,101.7132,1992.0
2020-01-04 22:35:00,101.8074,101.7422,101.6882,101.7152,997.0
2020-01-04 22:36:00,101.6868,101.7509,101.7154,101.7332,1838.0
2020-01-04 22:37:00,101.8543,101.9156,101.8197,101.8677,9260.0
2020-01-04 22:38:00,101.939,101.9403,101.867,101.9037,4206.0
2020-01-04 22:39:00,101.8916,101.8543,101.8532,101.8538,2603.0
2020-01-04 22:40:00,101.7873,101.7972,101.7202,101.7587,6160.0
2020-01-04 22:41:00,101.7045,101.7517,101.6973,101.7245,5250.0
2020-01-04 22:42:00,101.5934,101.6579,101.5897,101.6238,6846.0
2020-01-04 22:43:00,101.7553,101.7476,101.5096,101.6286,9762.0
2020-01-04 22:44:00,101.5702,101.6284,101.5159,101.5722,3599.0
2020-01-04 22:45:00,101.4147,101.4349,101.4106,101.4228,2661.0
2020-01-04 22:46:00,101.5126,101.5793,101.5173,101.5483,4594.0
2020-01-04 22:47:00,101.5107,101.5132,101.4838,101.4985,3703.0
2020-01-04 22:48:00,101.3816,101.388,101.3554,101.3717,486.0
2020-01-04 22:49:00,101.3541,101.3805,101.3292,101.3549,6861.0
2020-01-04 22:50:00,101.3808,101.4009,101.3225,101.3617,8074.0
2020-01-04 22:51:00,101.2752,101.257,101.1171,101.1871,5549.0
2020-01-04 22:52:00,101.1905,101.2324,101.208,101.2202,8429.0
2020-01-04 22:53:00,101.1177,101.1433,101.0877,101.1155,3851.0
2020-01-04 22:54:00,101.2542,101.301,101.2722,101.2866,2800.0
2020-01-04 22:55:00,101.3537,101.3493,101.3287,101.339,5944.0
2020-01-04 22:56:00,101.2706,101.3059,101.2921,101.299,8591.0
2020-01-04 22:57:00,101.1982,101.2663,101.1827,101.2245,131.0
2020-01-04 22:58:00,101.141,101.2727,101.1553,101.214,2604.0
2020-01-04 22:59:00,101.2802,101.3262,101.2244,101.2753,8833.0
2020-01-04 23:00:00,101.2942,101.2886,101.2568,101.2727,3556.0
2020-01-04 23:01:00,101.344,101.2717,101.2303,101.251,646.0
2020-01-04 23:02:00,101.2803,101.3043,101.2094,101.2568,1083.0
2020-01-04 23:03:00,101.174,101.2001,101.1928,101.1965,4240.0
2020-01-04 23:04:00,101.0942,101.2076,101.1167,101.1621,8671.0
2020-01-04 23:05:00,100.8925,101.0231,100.884,100.9536,596.0
2020-01-04 23:06:00,100.9862,101.1079,100.994,101.0509,2015.0
2020-01-04 23:07:00,101.1747,101.1135,101.0481,101.0808,5154.0
2020-01-04 23:08:00,101.0179,101.0647,100.9423,101.0035,7826.0
2020-01-04 23:09:00,101.1642,101.2612,101.1255,101.1933,8476.0
2020-01-04 23:10:00,101.1541,101.2816,101.1225,101.202,588.0
2020-01-04 23:11:00,101.0556,101.1256,101.0713,101.0984,1820.0
2020-01-04 23:12:00,101.1536,101.1911,101.1771,101.1841,6878.0
2020-01-04 23:13:00,101.2897,101.2567,101.1911,101.2239,270.0
2020-01-04 23:14:00,101.2619,101.3087,101.218,101.2634,8691.0
2020-01-04 23:15:00,101.1484,101.262,101.1796,101.2208,8530.0
2020-01-04 23:16:00,101.3814,101.3055,101.2262,101.2658,1440.0
2020-01-04 23:17:00,101.1827,101.2833,101.196,101.2397,8182.0
2020-01-04 23:18:00,101.2657,101.3275,101.263,101.2953,4515.0
2020-01-04 23:19:00,101.1703,101.1427,101.0669,101.1048,6720.0
2020-01-04 23:20:00,101.0821,101.1046,101.0182,101.0614,9640.0
2020-01-04 23:21:00,101.2101,101.2635,101.2037,101.2336,8022.0
2020-01-04 23:22:00,101.0953,101.2094,101.1044,101.1569,4954.0
2020-01-04 23:23:00,101.0482,101.1188,101.0742,101.0965,2189.0
2020-01-04 23:24:00,101.0064,101.0596,101.0439,101.0517,333.0
2020-01-04 23:25:00,100.9306,100.9727,100.8878,100.9302,655.0
2020-01-04 23:26:00,100.719,100.7779,100.6408,100.7094,4871.0
2020-01-04 23:27:00,100.6789,100.8064,100.5662,100.6863,3833.0
2020-01-04 23:28:00,100.698,100.7389,100.661,100.6999,3375.0
2020-01-04 23:29:00,100.6421,100.7202,100.6692,100.6947,5103.0
2020-01-04 23:30:00,100.6948,100.8224,100.538,100.6802,9094.0
2020-01-04 23:31:00,100.7485,100.7543,100.6147,100.6845,7573.0
2020-01-04 23:32:00,100.7786,100.818,100.7555,100.7868,5046.0
2020-01-04 23:33:00,100.7586,100.7692,100.7662,100.7677,1096.0
2020-01-04 23:34:00,100.7145,100.789,100.6317,100.7103,945.0
2020-01-04 23:35:00,100.7381,100.7595,100.6049,100.6822,6753.0
2020-01-04 23:36:00,100.6954,100.7618,100.7185,100.7401,1419.0
2020-01-04 23:37:00,100.9539,100.897,100.8657,100.8813,4217.0
2020-01-04 23:38:00,100.8396,100.8218,100.8152,100.8185,5203.0
2020-01-04 23:39:00,100.8299,100.9612,100.6957,100.8284,8533.0
2020-01-04 23:40:00,100.9229,100.932,100.7925,100.8623,2990.0
2020-01-04 23:41:00,100.7039,100.768,100.758,100.763,2725.0
2020-01-04 23:42:00,100.7911,100.7958,100.7342,100.765,5613.0
2020-01-04 23:43:00,100.64,100.633,100.604,100.6185,8744.0
2020-01-04 23:44:00,100.3948,100.4862,100.3969,100.4416,1729.0
2020-01-04 23:45:00,100.5013,100.5251,100.4314,100.4782,3412.0
2020-01-04 23:46:00,100.454,100.514,100.3657,100.4399,7236.0
2020-01-04 23:47:00,100.4512,100.507,100.4132,100.4601,4817.0
2020-01-04 23:48:00,100.5014,100.5078,100.4088,100.4583,658.0
2020-01-04 23:49:00,100.3321,100.3886,100.3327,100.3607,8170.0
2020-01-04 23:50:00,100.3696,100.4099,100.3023,100.3561,1168.0
2020-01-04 23:51:00,100.2262,100.2401,100.2255,100.2328,8136.0
2020-01-04 23:52:00,100.3412,100.3975,100.3463,100.3719,9552.0
2020-01-04 23:53:00,100.2615,100.2546,100.2181,100.2363,5998.0
2020-01-04 23:54:00,100.2064,100.2228,100.2107,100.2167,4702.0
2020-01-04 23:55:00,100.0389,100.1555,100.0695,100.1125,7910.0
2020-01-04 23:56:00,100.0795,100.1737,100.1655,100.1696,8096.0
2020-01-04 23:57:00,100.1759,100.1858,100.0871,100.1364,549.0
2020-01-04 23:58:00,100.0235,100.1066,100.0625,100.0845,3739.0
2020-01-04 23:59:00,100.1838,100.2145,100.1252,100.1699,2013.0
2020-01-05 00:00:00,100.1756,100.2097,100.136,100.1728,4733.0
2020-01-05 00:01:00,100.2061,100.2394,100.2095,100.2245,6073.0
2020-01-05 00:02:00,100.2242,100.1958,100.0569,100.1263,8024.0
2020-01-05 00:03:00,99.9948,100.0036,99.9681,99.9859,5428.0
2020-01-05 00:04:00,100.0344,100.0721,99.9211,99.9966,5509.0
2020-01-05 00:05:00,99.9789,99.9864,99.943,99.9647,2645.0
2020-01-05 00:06:00,100.0158,100.0281,100.0265,100.0273,7986.0
2020-01-05 00:07:00,100.0184,100.0637,99.975,100.0194,4911.0
2020-01-05 00:08:00,100.1128,100.0443,100.0354,100.0399,5427.0
2020-01-05 00:09:00,99.9319,99.8877,99.8673,99.8775,3561.0
2020-01-05 00:10:00,100.164,100.1293,100.0034,100.0664,7633.0
2020-01-05 00:11:00,100.061,100.0608,100.0391,100.0499,1559.0
2020-01-05 00:12:00,100.0759,100.1599,100.0795,100.1197,9212.0
2020-01-05 00:13:00,100.0141,100.0654,100.0068,100.0361,6582.0
2020-01-05 00:14:00,100.0075,100.1322,100.0016,100.0669,556.0
2020-01-05 00:15:00,99.975,99.998,99.8753,99.9366,8268.0
2020-01-05 00:16:00,99.9525,100.0674,99.8962,99.9818,5630.0
2020-01-05 00:17:00,99.7934,99.9526,99.9398,99.9462,744.0
2020-01-05 00:18:00,100.0723,99.9979,99.9004,99.9491,5809.0
2020-01-05 00:19:00,99.9904,100.0568,99.981,100.0189,7364.0
2020-01-05 00:20:00,99.8668,99.918,99.8734,99.8957,5038.0
2020-01-05 00:21:00,99.9108,99.8313,99.8231,99.8272,7463.0
2020-01-05 00:22:00,99.8125,99.8932,99.8527,99.873,5847.0
2020-01-05 00:23:00,100.1396,100.1236,100.0419,100.0828,4356.0
2020-01-05 00:24:00,100.0396,100.1052,100.0328,100.069,4450.0
2020-01-05 00:25:00,100.0619,100.1424,100.1138,100.1281,9385.0
2020-01-05 00:26:00,100.2027,100.1892,100.0456,100.1174,2861.0
2020-01-05 00:27:00,100.3578,100.3392,100.2841,100.3116,8327.0
2020-01-05 00:28:00,100.1829,100.1972,100.0766,100.1369,6973.0
2020-01-05 00:29:00,100.1647,100.204,100.0887,100.1464,569.0
2020-01-05 00:30:00,100.0138,100.0434,99.9242,99.9838,8600.0
2020-01-05 00:31:00,99.6715,99.793,99.6733,99.7331,6117.0
2020-01-05 00:32:00,99.7685,99.8787,99.6471,99.7629,8772.0
2020-01-05 00:33:00,99.7304,99.808,99.7457,99.7768,6058.0
2020-01-05 00:34:00,99.6789,99.7636,99.7332,99.7484,6947.0
2020-01-05 00:35:00,99.7583,99.7486,99.7269,99.7377,9080.0
2020-01-05 00:36:00,100.1055,100.0633,100.0318,100.0476,390.0
2020-01-05 00:37:00,100.0026,100.0333,100.0102,100.0218,529.0
2020-01-05 00:38:00,100.0622,100.1104,100.0351,100.0728,697.0
2020-01-05 00:39:00,99.9509,100.0816,99.934,100.0078,8150.0
2020-01-05 00:40:00,100.0377,100.1112,99.9635,100.0373,4627.0
2020-01-05 00:41:00,100.0515,100.0358,99.9913,100.0135,1657.0
2020-01-05 00:42:00,100.0121,100.0046,99.9404,99.9725,6889.0
2020-01-05 00:43:00,100.1816,100.1923,100.1164,100.1544,4700.0
2020-01-05 00:44:00,100.2412,100.3233,100.2209,100.2721,8155.0
2020-01-05 00:45:00,100.2533,100.3366,100.2349,100.2858,772.0
2020-01-05 00:46:00,100.0951,100.1049,100.0058,100.0553,2954.0
2020-01-05 00:47:00,100.0598,100.0496,99.9889,100.0192,1678.0
2020-01-05 00:48:00,100.2809,100.3339,100.2452,100.2895,1532.0
2020-01-05 00:49:00,100.2452,100.2682,100.2647,100.2665,5621.0
2020-01-05 00:50:00,100.4352,100.4667,100.2869,100.3768,8332.0
2020-01-05 00:51:00,100.503,100.6083,100.4336,100.521,4579.0
2020-01-05 00:52:00,100.5802,100.5694,100.5164,100.5429,3033.0
2020-01-05 00:53:00,100.4519,100.4788,100.4386,100.4587,1414.0
2020-01-05 00:54:00,100.1628,100.228,100.2024,100.2152,1915.0
2020-01-05 00:55:00,100.3642,100.3148,100.2523,100.2836,4378.0
2020-01-05 00:56:00,100.2081,100.3002,100.1041,100.2021,7007.0
2020-01-05 00:57:00,100.1842,100.3027,100.1367,100.2197,1995.0
2020-01-05 00:58:00,100.0252,100.136,100.0534,100.0947,1163.0
2020-01-05 00:59:00,100.0037,100.1054,100.0311,100.0682,5504.0
2020-01-05 01:00:00,100.0529,100.0785,100.0647,100.0716,8429.0
2020-01-05 01:01:00,100.1947,100.1378,100.0591,100.0985,8626.0
2020-01-05 01:02:00,99.9577,100.0337,99.9403,99.987,5693.0
2020-01-05 01:03:00,100.179,100.1758,100.0376,100.1067,2776.0
2020-01-05 01:04:00,100.0404,100.1345,99.9595,100.047,8192.0
2020-01-05 01:05:00,99.8205,99.9575,99.8016,99.8795,9925.0
2020-01-05 01:06:00,99.845,99.9254,99.8119,99.8686,5365.0
2020-01-05 01:07:00,99.808,99.8851,99.859,99.8721,9825.0
2020-01-05 01:08:00,99.8453,99.9844,99.7919,99.8881,1208.0
2020-01-05 01:09:00,99.98,100.0397,100.0089,100.0243,1686.0
2020-01-05 01:10:00,99.9055,100.0023,99.9991,100.0007,7874.0
2020-01-05 01:11:00,100.0644,100.0603,99.9171,99.9887,3961.0
2020-01-05 01:12:00,99.889,99.8934,99.8634,99.8784,5228.0
2020-01-05 01:13:00,99.9261,100.0194,99.9015,99.9605,5054.0
2020-01-05 01:14:00,99.99,99.9998,99.958,99.9789,1212.0
2020-01-05 01:15:00,99.8951,100.0054,99.8684,99.9369,1212.0
2020-01-05 01:16:00,99.6129,99.75,99.7429,99.7464,2989.0
2020-01-05 01:17:00,100.0387,99.9874,99.7943,99.8909,449.0
2020-01-05 01:18:00,99.7776,99.805,99.7312,99.7681,4062.0
2020-01-05 01:19:00,99.6795,99.7412,99.6767,99.709,2023.0
2020-01-05 01:20:00,99.6481,99.7474,99.7422,99.7448,8159.0
2020-01-05 01:21:00,99.5504,99.6678,99.5825,99.6251,8065.0
2020-01-05 01:22:00,99.5585,99.5092,99.4424,99.4758,7428.0
2020-01-05 01:23:00,99.3385,99.4874,99.0394,99.2634,142.0
2020-01-05 01:24:00,99.3732,99.3864,99.2846,99.3355,5977.0
2020-01-05 01:25:00,99.2252,99.324,99.2379,99.281,6074.0
2020-01-05 01:26:00,99.6492,99.6049,99.5425,99.5737,951.0
2020-01-05 01:27:00,99.4968,99.5528,99.3958,99.4743,1386.0
2020-01-05 01:28:00,99.4149,99.4371,99.3272,99.3821,3879.0
2020-01-05 01:29:00,99.3479,99.4197,99.2315,99.3256,6106.0
2020-01-05 01:30:00,99.2746,99.4416,99.2582,99.3499,3790.0
2020-01-05 01:31:00,99.243,99.3768,99.2289,99.3029,1148.0
2020-01-05 01:32:00,99.3386,99.4196,99.3086,99.3641,2715.0
2020-01-05 01:33:00,99.2984,99.3164,99.2161,99.2663,612.0
2020-01-05 01:34:00,99.0591,99.1753,99.0809,99.1281,6213.0
2020-01-05 01:35:00,98.9395,98.9644,98.9321,98.9483,282.0
2020-01-05 01:36:00,98.7171,98.7543,98.6976,98.7259,2201.0
2020-01-05 01:37:00,98.7137,98.7777,98.5705,98.6741,9396.0
2020-01-05 01:38:00,98.6777,98.7392,98.5488,98.644,259.0
2020-01-05 01:39:00,98.5304,98.5812,98.5805,98.5809,5668.0
2020-01-05 01:40:00,98.7775,98.803,98.6074,98.7052,9029.0
2020-01-05 01:41:00,98.7699,98.9024,98.7536,98.828,2768.0
2020-01-05 01:42:00,98.8491,98.8171,98.772,98.7945,3480.0
2020-01-05 01:43:00,98.5876,98.7156,98.5147,98.6151,3215.0
2020-01-05 01:44:00,98.5667,98.5694,98.5476,98.5585,8492.0
2020-01-05 01:45:00,98.5098,98.5307,98.4663,98.4985,1407.0
2020-01-05 01:46:00,98.4427,98.4431,98.4224,98.4328,5659.0
2020-01-05 01:47:00,98.3967,98.3675,98.3585,98.363,4906.0
2020-01-05 01:48:00,98.3172,98.3008,98.2945,98.2977,3355.0
2020-01-05 01:49:00,98.2982,98.2852,98.2328,98.259,2694.0
2020-01-05 01:50:00,98.2187,98.2561,98.1348,98.1954,1332.0
2020-01-05 01:51:00,98.1531,98.2368,98.1957,98.2163,5067.0
2020-01-05 01:52:00,98.2658,98.2743,98.2303,98.2523,8866.0
2020-01-05 01:53:00,98.1331,98.1713,98.1513,98.1613,181.0
2020-01-05 01:54:00,98.2329,98.3362,98.2405,98.2884,8554.0
2020-01-05 01:55:00,98.1759,98.2516,98.1291,98.1904,8577.0
2020-01-05 01:56:00,98.0377,98.0426,98.0145,98.0286,8314.0
2020-01-05 01:57:00,98.0791,98.0726,98.0607,98.0667,3645.0
2020-01-05 01:58:00,98.0377,98.0106,97.9592,97.9849,6546.0
2020-01-05 01:59:00,98.0824,98.062,97.972,98.017,4401.0
2020-01-05 02:00:00,97.7935,97.8127,97.7407,97.7767,1555.0
2020-01-05 02:01:00,97.9418,97.9437,97.8881,97.9159,194.0
2020-01-05 02:02:00,97.9879,98.0186,97.9477,97.9831,2622.0
2020-01-05 02:03:00,97.8715,97.8877,97.7785,97.8331,236.0
2020-01-05 02:04:00,97.7096,97.7098,97.6606,97.6852,2137.0
2020-01-05 02:05:00,97.8497,97.8755,97.8294,97.8524,3770.0
2020-01-05 02:06:00,97.8863,97.8775,97.6799,97.7787,9637.0
2020-01-05 02:07:00,97.668,97.699,97.6916,97.6953,4744.0
2020-01-05 02:08:00,97.5414,97.5243,97.4131,97.4687,2784.0
2020-01-05 02:09:00,97.3659,97.5172,97.35,97.4336,9291.0
2020-01-05 02:10:00,97.4515,97.4622,97.3595,97.4108,9316.0
2020-01-05 02:11:00,97.5542,97.4832,97.4815,97.4824,5557.0
2020-01-05 02:12:00,97.2471,97.3746,97.3104,97.3425,4266.0
2020-01-05 02:13:00,97.1974,97.2548,97.1261,97.1904,4303.0
2020-01-05 02:14:00,97.2713,97.2745,97.1965,97.2355,2745.0
2020-01-05 02:15:00,97.3488,97.3665,97.306,97.3362,3196.0
2020-01-05 02:16:00,97.198,97.2911,97.0671,97.1791,1933.0
2020-01-05 02:17:00,97.2941,97.3279,97.2466,97.2873,5484.0
2020-01-05 02:18:00,97.2363,97.3324,97.2496,97.291,2350.0
2020-01-05 02:19:00,97.5186,97.4524,97.348,97.4002,3734.0
2020-01-05 02:20:00,97.368,97.4212,97.3652,97.3932,9790.0
2020-01-05 02:21:00,97.1626,97.1481,97.1338,97.1409,6219.0
2020-01-05 02:22:00,97.0934,97.1801,97.0714,97.1257,668.0
2020-01-05 02:23:00,97.118,97.2653,97.1982,97.2318,5301.0
2020-01-05 02:24:00,97.0962,97.2114,97.0734,97.1424,5125.0
2020-01-05 02:25:00,97.0312,97.144,97.0632,97.1036,1392.0
2020-01-05 02:26:00,97.1406,97.1542,97.0177,97.086,4375.0
2020-01-05 02:27:00,96.7657,96.8062,96.7859,96.796,8063.0
2020-01-05 02:28:00,96.9375,97.0225,96.9038,96.9632,2745.0
2020-01-05 02:29:00,96.8198,96.8805,96.8655,96.873,8763.0
2020-01-05 02:30:00,96.9283,96.972,96.8752,96.9236,7937.0
2020-01-05 02:31:00,96.8791,96.9301,96.8998,96.9149,8823.0
2020-01-05 02:32:00,97.0903,97.0891,96.9923,97.0407,708.0
2020-01-05 02:33:00,97.0964,97.1096,97.053,97.0813,7625.0
2020-01-05 02:34:00,97.0292,97.0678,97.0478,97.0578,9374.0
2020-01-05 02:35:00,97.011,96.994,96.9429,96.9684,9266.0
2020-01-05 02:36:00,97.0486,97.1277,96.9687,97.0482,9266.0
2020-01-05 02:37:00,96.862,96.8618,96.86,96.8609,4419.0
2020-01-05 02:38:00,96.8523,96.9548,96.8961,96.9255,7053.0
2020-01-05 02:39:00,96.812,96.848,96.7832,96.8156,5227.0
2020-01-05 02:40:00,96.9569,96.9474,96.9342,96.9408,1607.0
2020-01-05 02:41:00,97.0236,96.9845,96.9294,96.9569,5020.0
2020-01-05 02:42:00,96.9837,97.0904,96.9522,97.0213,713.0
2020-01-05 02:43:00,97.1434,97.0889,96.9701,97.0295,6071.0
2020-01-05 02:44:00,96.8821,96.9134,96.7952,96.8543,8675.0
2020-01-05 02:45:00,96.6923,96.793,96.7435,96.7682,8703.0
2020-01-05 02:46:00,96.7932,96.8836,96.7873,96.8355,3476.0
2020-01-05 02:47:00,96.9232,96.8562,96.848,96.8521,6138.0
2020-01-05 02:48:00,97.0324,96.9778,96.9627,96.9702,2875.0
2020-01-05 02:49:00,97.0115,97.041,96.9801,97.0106,7577.0
2020-01-05 02:50:00,96.9214,96.9727,96.8551,96.9139,6474.0
2020-01-05 02:51:00,96.7761,96.8364,96.8322,96.8343,2383.0
2020-01-05 02:52:00,96.9106,96.8648,96.8244,96.8446,762.0
2020-01-05 02:53:00,96.5638,96.6476,96.5788,96.6132,4241.0
2020-01-05 02:54:00,96.8228,96.8138,96.7473,96.7805,4135.0
2020-01-05 02:55:00,96.8923,96.8797,96.7697,96.8247,8513.0
2020-01-05 02:56:00,96.9498,97.0104,96.8844,96.9474,851.0
2020-01-05 02:57:00,96.8377,96.8094,96.7693,96.7893,3254.0
2020-01-05 02:58:00,97.0062,96.9502,96.8774,96.9138,1368.0
2020-01-05 02:59:00,97.1503,97.198,97.0759,97.1369,6818.0
2020-01-05 03:00:00,96.9961,97.0263,96.9834,97.0049,4205.0
2020-01-05 03:01:00,97.0787,97.1354,97.0286,97.082,7944.0
2020-01-05 03:02:00,97.045,97.1007,97.0635,97.0821,2473.0
2020-01-05 03:03:00,96.8894,97.0059,96.8494,96.9277,8506.0
2020-01-05 03:04:00,96.9991,97.0044,96.9495,96.9769,1095.0
2020-01-05 03:05:00,97.0521,97.08,97.0406,97.0603,5427.0
2020-01-05 03:06:00,97.0166,97.0582,96.9422,97.0002,3310.0
2020-01-05 03:07:00,97.0423,97.1391,97.0945,97.1168,1764.0
2020-01-05 03:08:00,96.9455,96.9967,96.9035,96.9501,9273.0
2020-01-05 03:09:00,96.8521,96.8936,96.7077,96.8006,501.0
2020-01-05 03:10:00,96.7583,96.8273,96.8013,96.8143,8903.0
2020-01-05 03:11:00,96.8177,96.8178,96.8159,96.8168,6766.0
2020-01-05 03:12:00,96.6524,96.788,96.7024,96.7452,8173.0
2020-01-05 03:13:00,96.7609,96.8851,96.7672,96.8261,9197.0
2020-01-05 03:14:00,96.9196,96.9051,96.8534,96.8792,7929.0
2020-01-05 03:15:00,96.9496,96.9965,96.9336,96.965,7257.0
2020-01-05 03:16:00,97.0438,96.9781,96.9273,96.9527,5974.0
2020-01-05 03:17:00,97.0346,97.0547,96.9713,97.013,1206.0
2020-01-05 03:18:00,96.9949,97.014,96.9228,96.9684,8519.0
2020-01-05 03:19:00,97.12,97.2072,97.1404,97.1738,2088.0
2020-01-05 03:20:00,97.0733,97.1634,97.0217,97.0925,2278.0
2020-01-05 03:21:00,97.2664,97.3321,97.274,97.3031,7277.0
2020-01-05 03:22:00,97.2533,97.3852,97.2279,97.3066,8240.0
2020-01-05 03:23:00,97.2022,97.1766,97.1614,97.169,6119.0
2020-01-05 03:24:00,97.349,97.3282,97.2835,97.3058,5787.0
2020-01-05 03:25:00,97.3384,97.3793,97.2575,97.3184,4740.0
2020-01-05 03:26:00,97.3621,97.4232,97.3839,97.4035,8535.0
2020-01-05 03:27:00,97.5424,97.5813,97.4705,97.5259,9541.0
2020-01-05 03:28:00,97.4641,97.5854,97.534,97.5597,6471.0
2020-01-05 03:29:00,97.5666,97.5505,97.4505,97.5005,6488.0
2020-01-05 03:30:00,97.5331,97.7011,97.495,97.5981,543.0
2020-01-05 03:31:00,97.5421,97.6515,97.5447,97.5981,8906.0
2020-01-05 03:32:00,97.6725,97.6813,97.6521,97.6667,6032.0
2020-01-05 03:33:00,97.4615,97.5888,97.3139,97.4513,924.0
2020-01-05 03:34:00,97.4924,97.4994,97.4927,97.496,9227.0
2020-01-05 03:35:00,97.3767,97.4353,97.4291,97.4322,8813.0
2020-01-05 03:36:00,97.6542,97.6369,97.5581,97.5975,5037.0
2020-01-05 03:37:00,97.5755,97.6619,97.6578,97.6598,1976.0
2020-01-05 03:38:00,97.6096,97.7692,97.5984,97.6838,4132.0
2020-01-05 03:39:00,97.7271,97.7891,97.6758,97.7324,2305.0
2020-01-05 03:40:00,97.5694,97.7327,97.5324,97.6326,8117.0
2020-01-05 03:41:00,97.8561,97.8158,97.7741,97.7949,646.0
2020-01-05 03:42:00,97.9351,98.0544,97.9337,97.9941,8458.0
2020-01-05 03:43:00,98.1112,98.0512,98.0155,98.0333,2169.0
2020-01-05 03:44:00,98.2441,98.2271,98.1577,98.1924,6310.0
2020-01-05 03:45:00,98.1972,98.1794,98.0915,98.1355,6953.0
2020-01-05 03:46:00,98.1501,98.0983,98.0132,98.0558,6830.0
2020-01-05 03:47:00,98.0639,98.121,97.9987,98.0599,3035.0
2020-01-05 03:48:00,98.0527,98.1171,98.0896,98.1033,116.0
2020-01-05 03:49:00,98.0588,98.0731,98.0548,98.0639,2909.0
2020-01-05 03:50:00,98.0894,98.1799,98.0555,98.1177,8619.0
2020-01-05 03:51:00,98.1129,98.1802,98.1165,98.1484,3551.0
2020-01-05 03:52:00,98.0561,98.0718,98.0253,98.0485,8637.0
2020-01-05 03:53:00,98.0848,98.1184,98.0824,98.1004,5692.0
2020-01-05 03:54:00,98.1492,98.2013,98.1722,98.1868,2454.0
2020-01-05 03:55:00,98.1916,98.2274,98.1804,98.2039,8835.0
2020-01-05 03:56:00,98.3466,98.3787,98.2597,98.3192,3550.0
2020-01-05 03:57:00,98.2453,98.2116,98.1833,98.1974,3805.0
2020-01-05 03:58:00,98.1641,98.277,98.2115,98.2442,7807.0
2020-01-05 03:59:00,98.112,98.1555,98.0989,98.1272,7143.0
2020-01-05 04:00:00,98.0087,98.0598,97.9718,98.0158,2848.0
2020-01-05 04:01:00,97.8936,97.9547,97.9507,97.9527,9648.0
2020-01-05 04:02:00,97.8525,97.9041,97.8129,97.8585,5359.0
2020-01-05 04:03:00,97.8111,97.8268,97.7806,97.8037,1906.0
2020-01-05 04:04:00,97.8082,97.7994,97.7651,97.7823,9658.0
2020-01-05 04:05:00,97.8699,97.9569,97.7751,97.866,6512.0
2020-01-05 04:06:00,97.7898,97.8581,97.8097,97.8339,8477.0
2020-01-05 04:07:00,97.7759,97.7156,97.6351,97.6753,4305.0
2020-01-05 04:08:00,97.8308,97.8057,97.7729,97.7893,9058.0
2020-01-05 04:09:00,97.7333,97.7111,97.7001,97.7056,8326.0
2020-01-05 04:10:00,97.75,97.7755,97.624,97.6997,8203.0
2020-01-05 04:11:00,97.7566,97.7826,97.7062,97.7444,4015.0
2020-01-05 04:12:00,97.8287,97.8264,97.7023,97.7644,5441.0
2020-01-05 04:13:00,97.8766,97.9024,97.8452,97.8738,9937.0
2020-01-05 04:14:00,97.9218,97.9845,97.8589,97.9217,8040.0
2020-01-05 04:15:00,97.8673,97.8426,97.8285,97.8355,5965.0
2020-01-05 04:16:00,98.1322,98.1108,97.996,98.0534,897.0
2020-01-05 04:17:00,98.1484,98.1138,98.0319,98.0728,7366.0
2020-01-05 04:18:00,98.0877,98.0933,98.0229,98.0581,6874.0
2020-01-05 04:19:00,98.1803,98.2042,98.1048,98.1545,3756.0
2020-01-05 04:20:00,98.2142,98.1803,98.1785,98.1794,6452.0
2020-01-05 04:21:00,98.2686,98.3431,98.0956,98.2194,9951.0
2020-01-05 04:22:00,98.5335,98.5098,98.4274,98.4686,137.0
2020-01-05 04:23:00,98.4292,98.4532,98.4289,98.4411,2078.0
2020-01-05 04:24:00,98.4752,98.4501,98.3685,98.4093,9178.0
2020-01-05 04:25:00,98.4381,98.4697,98.3722,98.421,6341.0
2020-01-05 04:26:00,98.5607,98.5449,98.5113,98.5281,3554.0
2020-01-05 04:27:00,98.4465,98.4019,98.353,98.3775,4774.0
2020-01-05 04:28:00,98.2182,98.2646,98.0972,98.1809,3460.0
2020-01-05 04:29:00,98.168,98.1955,98.0489,98.1222,4336.0
2020-01-05 04:30:00,97.9393,97.9904,97.9271,97.9588,4398.0
2020-01-05 04:31:00,97.9912,97.9753,97.8574,97.9163,3575.0
2020-01-05 04:32:00,98.0013,98.0002,97.9329,97.9666,6660.0
2020-01-05 04:33:00,97.8838,97.9403,97.8147,97.8775,3477.0
2020-01-05 04:34:00,97.7899,97.763,97.7066,97.7348,5141.0
2020-01-05 04:35:00,97.8711,97.7978,97.6856,97.7417,2284.0
2020-01-05 04:36:00,97.7695,97.8517,97.8043,97.828,5100.0
2020-01-05 04:37:00,97.6183,97.6611,97.6559,97.6585,7397.0
2020-01-05 04:38:00,97.8748,97.7757,97.7054,97.7405,1239.0
2020-01-05 04:39:00,97.8436,97.827,97.8175,97.8222,4333.0
2020-01-05 04:40:00,97.9272,97.9271,97.9082,97.9177,2562.0
2020-01-05 04:41:00,98.0337,98.0911,97.9879,98.0395,3332.0
2020-01-05 04:42:00,98.3201,98.304,98.2154,98.2597,8539.0
2020-01-05 04:43:00,98.3547,98.2372,98.211,98.2241,8146.0
2020-01-05 04:44:00,98.2018,98.2373,98.2328,98.2351,625.0
2020-01-05 04:45:00,98.1886,98.2265,98.1603,98.1934,4420.0
2020-01-05 04:46:00,98.1761,98.239,98.1482,98.1936,9436.0
2020-01-05 04:47:00,98.3835,98.4127,98.2811,98.3469,4930.0
2020-01-05 04:48:00,98.2735,98.2461,98.1787,98.2124,8206.0
2020-01-05 04:49:00,98.2073,98.2022,98.0504,98.1263,562.0
2020-01-05 04:50:00,98.3023,98.3283,98.1998,98.264,3063.0
2020-01-05 04:51:00,98.492,98.3738,98.3582,98.366,6483.0
2020-01-05 04:52:00,98.301,98.4071,98.2523,98.3297,6016.0
2020-01-05 04:53:00,98.3734,98.4392,98.3911,98.4151,3500.0
2020-01-05 04:54:00,98.5227,98.4682,98.4303,98.4493,9477.0
2020-01-05 04:55:00,98.6054,98.6259,98.5726,98.5993,402.0
2020-01-05 04:56:00,98.5379,98.6077,98.6057,98.6067,5983.0
2020-01-05 04:57:00,98.6935,98.7463,98.6723,98.7093,876.0
2020-01-05 04:58:00,98.9863,98.9836,98.9634,98.9735,723.0
2020-01-05 04:59:00,99.001,99.0802,98.9865,99.0333,1559.0
2020-01-05 05:00:00,98.9875,99.0532,99.0233,99.0382,3486.0
2020-01-05 05:01:00,99.1001,99.1812,99.0397,99.1105,7130.0
2020-01-05 05:02:00,99.0207,99.1582,98.9897,99.074,4875.0
2020-01-05 05:03:00,99.3445,99.4138,99.2118,99.3128,8771.0
2020-01-05 05:04:00,99.2336,99.3853,99.2762,99.3308,1161.0
2020-01-05 05:05:00,99.308,99.316,99.291,99.3035,387.0
2020-01-05 05:06:00,99.2459,99.2661,99.1737,99.2199,7334.0
2020-01-05 05:07:00,99.3251,99.3571,99.3021,99.3296,3739.0
2020-01-05 05:08:00,99.471,99.5048,99.3279,99.4163,8055.0
2020-01-05 05:09:00,99.2981,99.3958,99.3374,99.3666,6435.0
2020-01-05 05:10:00,99.3892,99.4713,99.3772,99.4242,1243.0
2020-01-05 05:11:00,99.2569,99.3428,99.204,99.2734,6644.0
2020-01-05 05:12:00,99.3275,99.3578,99.226,99.2919,9715.0
2020-01-05 05:13:00,99.3481,99.3672,99.3071,99.3372,8949.0
2020-01-05 05:14:00,99.6151,99.5149,99.5009,99.5079,3185.0
2020-01-05 05:15:00,99.3905,99.4699,99.3917,99.4308,7813.0
2020-01-05 05:16:00,99.2332,99.3364,99.2695,99.303,5088.0
2020-01-05 05:17:00,99.3029,99.2345,99.1924,99.2134,2301.0
2020-01-05 05:18:00,99.0082,99.0833,99.0763,99.0798,5389.0
2020-01-05 05:19:00,99.2476,99.239,99.1879,99.2134,8970.0
2020-01-05 05:20:00,99.3194,99.3788,99.3578,99.3683,3557.0
2020-01-05 05:21:00,99.2969,99.4487,99.352,99.4003,2844.0
2020-01-05 05:22:00,99.5037,99.542,99.5029,99.5225,2453.0
2020-01-05 05:23:00,99.5808,99.5896,99.4821,99.5359,1748.0
2020-01-05 05:24:00,99.4653,99.5672,99.4855,99.5263,1779.0
2020-01-05 05:25:00,99.5218,99.5571,99.429,99.493,5102.0
2020-01-05 05:26:00,99.5001,99.4677,99.4563,99.462,5430.0
2020-01-05 05:27:00,99.2436,99.3193,99.2952,99.3072,4066.0
2020-01-05 05:28:00,99.3223,99.4186,99.2487,99.3337,2841.0
2020-01-05 05:29:00,99.4085,99.42,99.2393,99.3296,953.0
2020-01-05 05:30:00,99.4367,99.4114,99.3969,99.4042,6435.0
2020-01-05 05:31:00,99.4004,99.453,99.374,99.4135,8884.0
2020-01-05 05:32:00,99.418,99.4308,99.3637,99.3972,3506.0
2020-01-05 05:33:00,99.2759,99.3936,99.2266,99.3101,3052.0
2020-01-05 05:34:00,99.373,99.3541,99.2806,99.3173,5163.0
2020-01-05 05:35:00,99.4468,99.4366,99.3457,99.3912,9311.0
2020-01-05 05:36:00,99.2829,99.2784,99.2753,99.2768,9876.0
2020-01-05 05:37:00,99.2971,99.4094,99.1617,99.2856,5011.0
2020-01-05 05:38:00,99.2589,99.371,99.2467,99.3089,1971.0
2020-01-05 05:39:00,99.1695,99.2635,99.2107,99.2371,9382.0
2020-01-05 05:40:00,99.1595,99.1944,99.1621,99.1783,726.0
2020-01-05 05:41:00,99.197,99.2367,99.166,99.2013,4307.0
2020-01-05 05:42:00,99.1411,99.1514,99.0246,99.088,4866.0
2020-01-05 05:43:00,99.1691,99.1423,99.1037,99.123,8317.0
2020-01-05 05:44:00,99.0427,99.0894,98.9775,99.0335,3148.0
2020-01-05 05:45:00,99.1993,99.2508,99.0287,99.1397,8913.0
2020-01-05 05:46:00,99.3264,99.3768,99.3702,99.3735,9008.0
2020-01-05 05:47:00,99.3413,99.3267,99.2482,99.2874,2760.0
2020-01-05 05:48:00,99.3013,99.3704,99.3113,99.3409,7767.0
2020-01-05 05:49:00,99.3302,99.2692,99.2672,99.2682,1841.0
2020-01-05 05:50:00,99.3716,99.3811,99.3635,99.3723,3172.0
2020-01-05 05:51:00,99.1459,99.2856,99.2059,99.2458,8003.0
2020-01-05 05:52:00,99.3303,99.3541,99.2336,99.2938,6825.0
2020-01-05 05:53:00,99.247,99.212,99.201,99.2065,3833.0
2020-01-05 05:54:00,99.163,99.2625,99.1091,99.1858,4564.0
2020-01-05 05:55:00,99.0642,99.1592,99.0062,99.0827,1945.0
2020-01-05 05:56:00,99.157,99.2073,99.1226,99.165,8305.0
2020-01-05 05:57:00,98.985,99.1071,99.0555,99.0813,7735.0
2020-01-05 05:58:00,99.0182,99.167,99.1059,99.1365,2858.0
2020-01-05 05:59:00,99.1671,99.1427,99.0614,99.102,630.0
2020-01-05 06:00:00,99.0494,99.1381,99.0431,99.0906,7677.0
2020-01-05 06:01:00,99.1981,99.166,99.0448,99.1054,7417.0
2020-01-05 06:02:00,99.0977,99.063,98.9954,99.0292,8041.0
2020-01-05 06:03:00,99.1286,99.1043,98.9962,99.0502,2978.0
2020-01-05 06:04:00,99.1707,99.2444,99.1621,99.2033,3504.0
2020-01-05 06:05:00,99.045,99.1263,99.1246,99.1255,8729.0
2020-01-05 06:06:00,99.1883,99.3093,99.176,99.2426,482.0
2020-01-05 06:07:00,99.3701,99.4495,99.3354,99.3924,5110.0
2020-01-05 06:08:00,99.1922,99.3826,99.2391,99.3108,9581.0
2020-01-05 06:09:00,99.1416,99.2384,99.0923,99.1653,5168.0
2020-01-05 06:10:00,99.1854,99.2027,99.1883,99.1955,7194.0
2020-01-05 06:11:00,99.0761,99.1987,99.0828,99.1408,7264.0
2020-01-05 06:12:00,99.2756,99.3803,99.275,99.3276,9177.0
2020-01-05 06:13:00,99.3201,99.4355,99.2268,99.3311,3114.0
2020-01-05 06:14:00,99.2687,99.3051,99.1967,99.2509,4082.0
2020-01-05 06:15:00,99.0916,99.1396,99.1327,99.1362,4274.0
2020-01-05 06:16:00,99.2598,99.2732,99.2172,99.2452,8600.0
2020-01-05 06:17:00,99.1949,99.1971,99.1791,99.1881,9018.0
2020-01-05 06:18:00,99.1948,99.2171,99.1678,99.1924,3204.0
2020-01-05 06:19:00,99.2554,99.3032,99.2728,99.288,3037.0
2020-01-05 06:20:00,99.1729,99.2957,99.1835,99.2396,812.0
2020-01-05 06:21:00,99.3198,99.2377,99.2323,99.235,1050.0
2020-01-05 06:22:00,99.2649,99.2783,99.1884,99.2333,1535.0
2020-01-05 06:23:00,99.352,99.3152,99.2881,99.3017,4665.0
2020-01-05 06:24:00,99.3566,99.4279,99.2936,99.3608,1638.0
2020-01-05 06:25:00,99.3305,99.3523,99.3252,99.3387,8037.0
2020-01-05 06:26:00,99.3696,99.4337,99.2566,99.3451,2268.0
2020-01-05 06:27:00,99.2162,99.3795,99.2363,99.3079,2300.0
2020-01-05 06:28:00,99.1044,99.1891,99.1312,99.1602,1770.0
2020-01-05 06:29:00,99.146,99.2415,99.1304,99.1859,3464.0
2020-01-05 06:30:00,99.3524,99.3778,99.3725,99.3751,2215.0
2020-01-05 06:31:00,99.2428,99.3444,99.2291,99.2868,8516.0
2020-01-05 06:32:00,99.2261,99.234,99.185,99.2095,946.0
2020-01-05 06:33:00,99.1265,99.1678,99.077,99.1224,6801.0
2020-01-05 06:34:00,99.2645,99.2553,99.1344,99.1949,5535.0
2020-01-05 06:35:00,99.3634,99.2784,99.201,99.2397,4169.0
2020-01-05 06:36:00,99.1607,99.2577,99.19,99.2239,3056.0
2020-01-05 06:37:00,99.1394,99.1677,99.0964,99.132,4487.0
2020-01-05 06:38:00,99.1486,99.1489,99.1337,99.1413,7747.0
2020-01-05 06:39:00,98.9841,99.0191,98.9505,98.9848,7011.0
2020-01-05 06:40:00,98.9449,99.0168,98.9816,98.9992,9875.0
2020-01-05 06:41:00,99.0405,99.0898,99.0828,99.0863,6848.0
2020-01-05 06:42:00,98.9732,99.0394,98.883,98.9612,1070.0
2020-01-05 06:43:00,98.7607,98.8462,98.7697,98.8079,7785.0
2020-01-05 06:44:00,98.9739,98.9898,98.942,98.9659,1316.0
2020-01-05 06:45:00,98.8924,99.0439,98.7655,98.9047,5206.0
2020-01-05 06:46:00,99.0254,99.0195,99.0171,99.0183,9930.0
2020-01-05 06:47:00,98.9552,99.04,98.9658,99.0029,5653.0
2020-01-05 06:48:00,98.9946,99.0712,98.9023,98.9867,7341.0
2020-01-05 06:49:00,98.9865,99.0598,99.0013,99.0306,2811.0
2020-01-05 06:50:00,98.9502,98.997,98.8873,98.9422,9578.0
2020-01-05 06:51:00,99.0224,98.9808,98.93,98.9554,157.0
2020-01-05 06:52:00,98.9303,98.9503,98.8842,98.9173,9976.0
2020-01-05 06:53:00,98.8013,98.8242,98.7462,98.7852,6969.0
2020-01-05 06:54:00,98.8598,98.8444,98.7935,98.819,1404.0
2020-01-05 06:55:00,98.7224,98.8446,98.7406,98.7926,1730.0
2020-01-05 06:56:00,98.8629,98.8498,98.7041,98.7769,4180.0
2020-01-05 06:57:00,98.6031,98.7422,98.5696,98.6559,4403.0
2020-01-05 06:58:00,98.859,98.844,98.7861,98.815,6103.0
2020-01-05 06:59:00,98.9401,98.9159,98.8895,98.9027,9458.0
2020-01-05 07:00:00,98.954,98.9993,98.999,98.9991,512.0
2020-01-05 07:01:00,99.019,98.9939,98.9433,98.9686,1718.0
2020-01-05 07:02:00,98.8206,98.8443,98.747,98.7957,5271.0
2020-01-05 07:03:00,99.0855,99.0288,98.9532,98.991,5236.0
2020-01-05 07:04:00,98.9945,99.0032,98.9665,98.9849,2877.0
2020-01-05 07:05:00,98.9045,98.9353,98.8846,98.91,839.0
2020-01-05 07:06:00,98.9259,98.9611,98.9422,98.9517,4999.0
2020-01-05 07:07:00,98.9812,99.0764,99.0603,99.0684,1018.0
2020-01-05 07:08:00,99.0501,99.0664,99.0657,99.0661,7685.0
2020-01-05 07:09:00,99.1801,99.2307,99.1571,99.1939,5721.0
2020-01-05 07:10:00,99.3153,99.3266,99.2779,99.3022,7907.0
2020-01-05 07:11:00,99.1234,99.27,99.1192,99.1946,6432.0
2020-01-05 07:12:00,99.1153,99.1951,99.0593,99.1272,1603.0
2020-01-05 07:13:00,99.2518,99.2414,99.2045,99.223,3327.0
2020-01-05 07:14:00,98.9855,99.0431,98.8603,98.9517,927.0
2020-01-05 07:15:00,98.8438,98.9793,98.8942,98.9367,3331.0
2020-01-05 07:16:00,98.829,98.8041,98.7833,98.7937,2973.0
2020-01-05 07:17:00,98.7337,98.7728,98.7192,98.746,9909.0
2020-01-05 07:18:00,98.7069,98.7438,98.6884,98.7161,9477.0
2020-01-05 07:19:00,98.5621,98.6892,98.6714,98.6803,5952.0
2020-01-05 07:20:00,98.6998,98.6951,98.555,98.6251,9976.0
2020-01-05 07:21:00,98.5242,98.5382,98.4926,98.5154,8801.0
2020-01-05 07:22:00,98.668,98.7847,98.7044,98.7446,5732.0
2020-01-05 07:23:00,98.9501,99.069,98.7936,98.9313,8986.0
2020-01-05 07:24:00,98.8323,98.819,98.8112,98.8151,3379.0
2020-01-05 07:25:00,99.0344,99.0022,98.9444,98.9733,4116.0
2020-01-05 07:26:00,98.9179,99.004,98.8628,98.9334,2168.0
2020-01-05 07:27:00,98.9469,98.9697,98.9228,98.9463,5724.0
2020-01-05 07:28:00,98.9078,99.0231,98.8568,98.9399,5623.0
2020-01-05 07:29:00,98.9039,98.9175,98.8304,98.874,9538.0
2020-01-05 07:30:00,98.9332,99.0439,98.9009,98.9724,8691.0
2020-01-05 07:31:00,98.9403,98.995,98.9749,98.9849,2707.0
2020-01-05 07:32:00,98.9339,99.0018,98.8727,98.9373,387.0
2020-01-05 07:33:00,98.7455,98.9019,98.7117,98.8068,1503.0
2020-01-05 07:34:00,98.7976,98.7741,98.6608,98.7175,4632.0
2020-01-05 07:35:00,98.6497,98.6171,98.4895,98.5533,540.0
2020-01-05 07:36:00,98.5319,98.625,98.4841,98.5546,5712.0
2020-01-05 07:37:00,98.3656,98.4873,98.3825,98.4349,4985.0
2020-01-05 07:38:00,98.4252,98.4485,98.3682,98.4083,5192.0
2020-01-05 07:39:00,98.5212,98.5705,98.5202,98.5453,1368.0
2020-01-05 07:40:00,98.724,98.6669,98.6636,98.6653,7319.0
2020-01-05 07:41:00,98.6227,98.6704,98.6537,98.662,6964.0
2020-01-05 07:42:00,98.6806,98.6607,98.646,98.6533,7107.0
2020-01-05 07:43:00,98.847,98.8709,98.8118,98.8413,285.0
2020-01-05 07:44:00,98.8596,98.9268,98.86,98.8934,4357.0
2020-01-05 07:45:00,98.8726,98.9153,98.8059,98.8606,3643.0
2020-01-05 07:46:00,98.7619,98.809,98.627,98.718,9771.0
2020-01-05 07:47:00,98.7618,98.7585,98.7563,98.7574,4986.0
2020-01-05 07:48:00,98.8452,98.8664,98.8143,98.8403,4740.0
2020-01-05 07:49:00,98.7335,98.8079,98.7465,98.7772,1244.0
2020-01-05 07:50:00,98.8635,98.8635,98.7491,98.8063,4264.0
2020-01-05 07:51:00,98.8222,98.8039,98.736,98.7699,734.0
2020-01-05 07:52:00,98.731,98.8015,98.7016,98.7515,7677.0
2020-01-05 07:53:00,98.4965,98.509,98.4965,98.5028,1403.0
2020-01-05 07:54:00,98.5513,98.541,98.4202,98.4806,632.0
2020-01-05 07:55:00,98.5208,98.652,98.503,98.5775,2797.0
2020-01-05 07:56:00,98.5446,98.5168,98.5119,98.5144,1052.0
2020-01-05 07:57:00,98.4917,98.5767,98.4625,98.5196,2905.0
2020-01-05 07:58:00,98.5329,98.5005,98.3876,98.444,7686.0
2020-01-05 07:59:00,98.4832,98.4856,98.4745,98.4801,8861.0
2020-01-05 08:00:00,98.5214,98.5589,98.358,98.4584,6882.0
2020-01-05 08:01:00,98.3264,98.3697,98.3593,98.3645,9271.0
2020-01-05 08:02:00,98.4353,98.5047,98.4908,98.4978,5312.0
2020-01-05 08:03:00,98.5789,98.719,98.4623,98.5906,4230.0
2020-01-05 08:04:00,98.5433,98.5525,98.5078,98.5302,8042.0
2020-01-05 08:05:00,98.5544,98.6225,98.5373,98.5799,3641.0
2020-01-05 08:06:00,98.6716,98.7119,98.5555,98.6337,3486.0
2020-01-05 08:07:00,98.6874,98.7394,98.6564,98.6979,6190.0
2020-01-05 08:08:00,98.4244,98.5516,98.5054,98.5285,5595.0
2020-01-05 08:09:00,98.6568,98.6815,98.5768,98.6291,7758.0
2020-01-05 08:10:00,98.528,98.5727,98.5716,98.5722,2500.0
2020-01-05 08:11:00,98.5183,98.6506,98.4222,98.5364,3652.0
2020-01-05 08:12:00,98.8778,98.8125,98.7878,98.8002,1078.0
2020-01-05 08:13:00,98.919,98.8684,98.7923,98.8304,6647.0
2020-01-05 08:14:00,98.763,98.8391,98.7444,98.7917,5613.0
2020-01-05 08:15:00,98.6001,98.5839,98.5585,98.5712,8694.0
2020-01-05 08:16:00,98.6826,98.768,98.6524,98.7102,1614.0
2020-01-05 08:17:00,98.5613,98.7042,98.4471,98.5757,9839.0
2020-01-05 08:18:00,98.445,98.5267,98.424,98.4753,493.0
2020-01-05 08:19:00,98.356,98.4424,98.442,98.4422,2730.0
2020-01-05 08:20:00,98.5886,98.6637,98.5039,98.5838,5915.0
2020-01-05 08:21:00,98.6756,98.704,98.6183,98.6611,203.0
2020-01-05 08:22:00,98.6118,98.6631,98.6276,98.6454,1843.0
2020-01-05 08:23:00,98.7306,98.6803,98.672,98.6762,5536.0
2020-01-05 08:24:00,98.5943,98.6445,98.5878,98.6162,521.0
2020-01-05 08:25:00,98.5983,98.6785,98.5818,98.6301,6516.0
2020-01-05 08:26:00,98.6638,98.6536,98.6213,98.6374,6297.0
2020-01-05 08:27:00,98.6572,98.7896,98.679,98.7343,5392.0
2020-01-05 08:28:00,98.8764,98.8459,98.8162,98.831,6908.0
2020-01-05 08:29:00,98.8603,98.9303,98.8306,98.8804,4813.0
2020-01-05 08:30:00,98.8937,98.8474,98.841,98.8442,3277.0
2020-01-05 08:31:00,98.9828,98.9286,98.9081,98.9184,3876.0
2020-01-05 08:32:00,98.9412,98.9693,98.8491,98.9092,4490.0
2020-01-05 08:33:00,98.7604,98.8678,98.7342,98.801,8567.0
2020-01-05 08:34:00,98.6981,98.783,98.7383,98.7607,6828.0
2020-01-05 08:35:00,98.6974,98.7894,98.7488,98.7691,7310.0
2020-01-05 08:36:00,98.9153,98.8684,98.8519,98.8601,8485.0
2020-01-05 08:37:00,98.8351,98.8598,98.8238,98.8418,1226.0
2020-01-05 08:38:00,98.6909,98.7969,98.6448,98.7209,349.0
2020-01-05 08:39:00,98.7199,98.7896,98.6635,98.7265,5151.0
2020-01-05 08:40:00,98.7919,98.7998,98.676,98.7379,6211.0
2020-01-05 08:41:00,98.7954,98.7831,98.7298,98.7565,4491.0
2020-01-05 08:42:00,98.8704,98.891,98.806,98.8485,8529.0
2020-01-05 08:43:00,98.9823,98.9805,98.9203,98.9504,7887.0
2020-01-05 08:44:00,98.8999,98.893,98.8889,98.8909,3820.0
2020-01-05 08:45:00,98.8444,98.8862,98.7724,98.8293,4109.0
2020-01-05 08:46:00,98.7364,98.7594,98.6912,98.7253,5005.0
2020-01-05 08:47:00,98.7952,98.821,98.7693,98.7952,2436.0
2020-01-05 08:48:00,98.9777,98.9539,98.9262,98.9401,2684.0
2020-01-05 08:49:00,98.9266,98.9937,98.8234,98.9086,1865.0
2020-01-05 08:50:00,98.8404,98.9188,98.8501,98.8844,4017.0
2020-01-05 08:51:00,99.0575,99.0824,98.9798,99.0311,9434.0
2020-01-05 08:52:00,99.094,99.0871,99.0762,99.0816,1214.0
2020-01-05 08:53:00,99.1558,99.1769,99.0737,99.1253,6140.0
2020-01-05 08:54:00,99.001,99.0785,98.9338,99.0062,1239.0
2020-01-05 08:55:00,99.1146,99.1467,99.0014,99.0741,8067.0
2020-01-05 08:56:00,98.9781,98.9897,98.9725,98.9811,5753.0
2020-01-05 08:57:00,98.9039,98.9045,98.831,98.8677,6592.0
2020-01-05 08:58:00,98.8102,98.9131,98.7531,98.8331,4762.0
2020-01-05 08:59:00,98.7551,98.8098,98.7392,98.7745,3616.0
2020-01-05 09:00:00,98.7824,98.7609,98.7438,98.7523,9888.0
2020-01-05 09:01:00,98.5916,98.6168,98.5997,98.6082,1245.0
2020-01-05 09:02:00,98.8144,98.7491,98.6591,98.7041,1727.0
2020-01-05 09:03:00,98.8452,98.8328,98.8009,98.8169,1345.0
2020-01-05 09:04:00,98.6234,98.6465,98.5978,98.6221,9774.0
2020-01-05 09:05:00,98.761,98.725,98.715,98.72,5861.0
2020-01-05 09:06:00,98.6149,98.6724,98.6055,98.6389,9813.0
2020-01-05 09:07:00,98.7708,98.8013,98.6479,98.7246,469.0
2020-01-05 09:08:00,98.7625,98.8542,98.5814,98.7178,4955.0
2020-01-05 09:09:00,98.7833,98.7888,98.6525,98.7207,5420.0
2020-01-05 09:10:00,98.6801,98.7112,98.6931,98.7022,3332.0
2020-01-05 09:11:00,98.7622,98.912,98.7348,98.8234,1885.0
2020-01-05 09:12:00,98.6689,98.7993,98.5996,98.6994,674.0
2020-01-05 09:13:00,98.7461,98.7651,98.7553,98.7602,5604.0
2020-01-05 09:14:00,98.9537,98.879,98.8616,98.8703,8120.0
2020-01-05 09:15:00,99.0517,99.005,98.8789,98.942,3803.0
2020-01-05 09:16:00,99.1917,99.1944,99.1544,99.1744,5577.0
2020-01-05 09:17:00,99.122,99.129,99.114,99.1215,2672.0
2020-01-05 09:18:00,99.1998,99.2647,99.1698,99.2173,6005.0
2020-01-05 09:19:00,99.2479,99.2816,99.1317,99.2067,2215.0
2020-01-05 09:20:00,99.4394,99.3764,99.2836,99.33,7537.0
2020-01-05 09:21:00,99.4185,99.3915,99.2669,99.3292,9448.0
2020-01-05 09:22:00,99.3473,99.2923,99.2885,99.2904,1185.0
2020-01-05 09:23:00,99.4772,99.4282,99.4138,99.421,8452.0
2020-01-05 09:24:00,99.4135,99.3892,99.3546,99.3719,7293.0
2020-01-05 09:25:00,99.2283,99.2692,99.192,99.2306,9050.0
2020-01-05 09:26:00,99.1421,99.2205,99.1373,99.1789,2848.0
2020-01-05 09:27:00,99.2398,99.2504,99.2313,99.2408,5505.0
2020-01-05 09:28:00,99.4012,99.3941,99.366,99.38,9121.0
2020-01-05 09:29:00,99.3185,99.4661,99.3162,99.3912,9140.0
2020-01-05 09:30:00,99.5153,99.5696,99.4763,99.523,7999.0
2020-01-05 09:31:00,99.3459,99.3908,99.3835,99.3872,7081.0
2020-01-05 09:32:00,99.3935,99.4243,99.2614,99.3428,4444.0
2020-01-05 09:33:00,99.2865,99.3312,99.2968,99.314,7303.0
2020-01-05 09:34:00,99.3189,99.3374,99.2676,99.3025,9821.0
2020-01-05 09:35:00,99.2759,99.4486,99.1732,99.3109,5540.0
2020-01-05 09:36:00,99.4599,99.3926,99.3674,99.38,2992.0
2020-01-05 09:37:00,99.2505,99.3564,99.3147,99.3355,3724.0
2020-01-05 09:38:00,99.3732,99.3605,99.3384,99.3494,6787.0
2020-01-05 09:39:00,99.2811,99.3903,99.2996,99.3449,9969.0
2020-01-05 09:40:00,99.2269,99.2597,99.2449,99.2523,7523.0
2020-01-05 09:41:00,99.2513,99.3106,99.1714,99.241,6404.0
2020-01-05 09:42:00,99.2394,99.2489,99.2043,99.2266,4205.0
2020-01-05 09:43:00,99.2216,99.2584,99.1618,99.2101,4554.0
2020-01-05 09:44:00,99.2209,99.2536,99.173,99.2133,9591.0
2020-01-05 09:45:00,99.1887,99.2588,99.1829,99.2208,2271.0
2020-01-05 09:46:00,99.1694,99.1777,99.1775,99.1776,8921.0
2020-01-05 09:47:00,99.3065,99.3225,99.2873,99.3049,8569.0
2020-01-05 09:48:00,99.1977,99.1883,99.1876,99.1879,1123.0
2020-01-05 09:49:00,99.1126,99.1479,99.0838,99.1158,4721.0
2020-01-05 09:50:00,99.4303,99.5222,99.2655,99.3938,9491.0
2020-01-05 09:51:00,99.2947,99.361,99.219,99.29,1817.0
2020-01-05 09:52:00,99.1647,99.1755,99.1338,99.1547,7303.0
2020-01-05 09:53:00,99.209,99.3303,99.1259,99.2281,2080.0
2020-01-05 09:54:00,98.9678,99.0469,98.9939,99.0204,1690.0
2020-01-05 09:55:00,99.0046,98.9996,98.9941,98.9969,369.0
2020-01-05 09:56:00,99.2718,99.2529,99.17,99.2114,4197.0
2020-01-05 09:57:00,99.0791,99.0915,99.0224,99.057,2720.0
2020-01-05 09:58:00,98.8179,98.8723,98.8452,98.8588,9678.0
2020-01-05 09:59:00,98.7496,98.7593,98.6584,98.7088,5326.0
2020-01-05 10:00:00,98.7819,98.8466,98.7508,98.7987,5353.0
2020-01-05 10:01:00,98.9469,98.9399,98.8824,98.9112,8826.0
2020-01-05 10:02:00,98.8415,98.8965,98.8233,98.8599,9900.0
2020-01-05 10:03:00,98.9459,99.0493,98.8071,98.9282,2498.0
2020-01-05 10:04:00,99.0413,99.0743,99.0602,99.0672,7295.0
2020-01-05 10:05:00,99.2213,99.2927,99.1992,99.246,4732.0
2020-01-05 10:06:00,99.143,99.2722,99.1705,99.2213,7332.0
2020-01-05 10:07:00,99.0168,99.0347,98.9477,98.9912,8755.0
2020-01-05 10:08:00,98.9276,98.9717,98.8465,98.9091,122.0
2020-01-05 10:09:00,98.8877,98.8675,98.8653,98.8664,8980.0
2020-01-05 10:10:00,98.8543,98.882,98.7991,98.8405,1386.0
2020-01-05 10:11:00,98.7836,98.8295,98.814,98.8217,3960.0
2020-01-05 10:12:00,98.9819,98.9481,98.9192,98.9336,836.0
2020-01-05 10:13:00,99.1107,99.1182,99.004,99.0611,6984.0
2020-01-05 10:14:00,99.0045,99.0809,99.007,99.0439,9632.0
2020-01-05 10:15:00,99.1804,99.1648,99.1428,99.1538,2477.0
2020-01-05 10:16:00,99.2333,99.2713,99.1078,99.1895,8487.0
2020-01-05 10:17:00,99.1725,99.2058,99.1861,99.196,5728.0
2020-01-05 10:18:00,99.2718,99.35,99.2233,99.2866,9796.0
2020-01-05 10:19:00,99.3206,99.3273,99.2604,99.2939,2215.0
2020-01-05 10:20:00,99.4241,99.5465,99.4527,99.4996,5492.0
2020-01-05 10:21:00,99.3014,99.3737,99.3379,99.3558,5518.0
2020-01-05 10:22:00,99.2548,99.3491,99.2595,99.3043,3018.0
2020-01-05 10:23:00,99.2018,99.3052,99.2781,99.2916,8123.0
2020-01-05 10:24:00,99.3898,99.3724,99.2988,99.3356,9162.0
2020-01-05 10:25:00,99.363,99.5685,99.3562,99.4624,8476.0
2020-01-05 10:26:00,99.4771,99.4753,99.4446,99.4599,9981.0
2020-01-05 10:27:00,99.3583,99.3251,99.3103,99.3177,1312.0
2020-01-05 10:28:00,99.3873,99.4278,99.3761,99.402,6324.0
2020-01-05 10:29:00,99.444,99.5111,99.4438,99.4775,8789.0
2020-01-05 10:30:00,99.2949,99.3222,99.2443,99.2833,1665.0
2020-01-05 10:31:00,99.283,99.303,99.2628,99.2829,9954.0
2020-01-05 10:32:00,99.174,99.1998,99.0479,99.1239,8509.0
2020-01-05 10:33:00,98.926,99.058,99.0568,99.0574,4720.0
2020-01-05 10:34:00,98.9212,98.9884,98.9459,98.9671,9653.0
2020-01-05 10:35:00,99.0761,99.0641,99.032,99.0481,6712.0
2020-01-05 10:36:00,99.0623,99.1369,98.9826,99.0597,7639.0
2020-01-05 10:37:00,98.9688,98.9795,98.8828,98.9312,1605.0
2020-01-05 10:38:00,99.0323,99.0646,98.9738,99.0192,6422.0
2020-01-05 10:39:00,98.8691,98.9113,98.8403,98.8758,9088.0
2020-01-05 10:40:00,98.8937,98.9179,98.8997,98.9088,5056.0
2020-01-05 10:41:00,98.9437,98.8573,98.7976,98.8274,6865.0
2020-01-05 10:42:00,98.8676,98.8355,98.7462,98.7908,2351.0
2020-01-05 10:43:00,98.866,98.9223,98.7603,98.8413,6770.0
2020-01-05 10:44:00,98.8973,98.9428,98.844,98.8934,7189.0
2020-01-05 10:45:00,99.054,99.0303,99.0239,99.0271,5061.0
2020-01-05 10:46:00,99.0602,99.0843,98.9535,99.0189,9324.0
2020-01-05 10:47:00,99.0705,99.0573,99.0418,99.0495,3284.0
2020-01-05 10:48:00,98.9682,99.0186,98.9929,99.0058,5848.0
2020-01-05 10:49:00,99.1132,99.0594,98.9885,99.024,8631.0
2020-01-05 10:50:00,99.0802,99.1356,99.0002,99.0679,5025.0
2020-01-05 10:51:00,99.1588,99.0628,99.0533,99.0581,588.0
2020-01-05 10:52:00,98.8871,98.9828,98.7727,98.8777,9637.0
2020-01-05 10:53:00,98.8986,98.9988,98.8229,98.9108,9082.0
2020-01-05 10:54:00,99.0165,98.9683,98.9263,98.9473,7365.0
2020-01-05 10:55:00,98.8943,98.9192,98.8394,98.8793,5471.0
2020-01-05 10:56:00,98.7575,98.8462,98.6555,98.7508,1286.0
2020-01-05 10:57:00,98.8384,98.9085,98.8883,98.8984,5377.0
2020-01-05 10:58:00,98.9806,99.0204,98.8747,98.9476,6822.0
2020-01-05 10:59:00,98.9,98.9327,98.9166,98.9247,4507.0
2020-01-05 11:00:00,98.7886,98.8127,98.8092,98.811,6533.0
2020-01-05 11:01:00,98.7043,98.7847,98.6729,98.7288,8041.0
2020-01-05 11:02:00,98.881,98.9344,98.7837,98.859,3369.0
2020-01-05 11:03:00,98.796,98.9182,98.8274,98.8728,1806.0
2020-01-05 11:04:00,98.8072,98.8227,98.8129,98.8178,3699.0
2020-01-05 11:05:00,98.9177,98.9202,98.8173,98.8687,802.0
2020-01-05 11:06:00,98.725,98.8089,98.7657,98.7873,5756.0
2020-01-05 11:07:00,98.946,99.004,98.8708,98.9374,1373.0
2020-01-05 11:08:00,99.0411,99.1335,99.0118,99.0726,638.0
2020-01-05 11:09:00,99.0058,99.0906,98.9614,99.026,4312.0
2020-01-05 11:10:00,99.0459,98.987,98.9392,98.9631,3039.0
2020-01-05 11:11:00,98.6188,98.7752,98.6275,98.7013,585.0
2020-01-05 11:12:00,98.5914,98.5814,98.5249,98.5532,1486.0
2020-01-05 11:13:00,98.3953,98.4507,98.3877,98.4192,1149.0
2020-01-05 11:14:00,98.4063,98.5089,98.3566,98.4327,883.0
2020-01-05 11:15:00,98.3445,98.4091,98.3911,98.4001,3024.0
2020-01-05 11:16:00,98.3033,98.299,98.2321,98.2656,8911.0
2020-01-05 11:17:00,98.2279,98.3099,98.165,98.2375,8277.0
2020-01-05 11:18:00,98.2721,98.2982,98.2778,98.288,7869.0
2020-01-05 11:19:00,98.3463,98.3766,98.305,98.3408,5712.0
2020-01-05 11:20:00,98.1423,98.2975,98.0041,98.1508,8161.0
2020-01-05 11:21:00,98.0379,98.2047,98.0712,98.138,7389.0
2020-01-05 11:22:00,97.9751,98.0173,97.982,97.9996,3632.0
2020-01-05 11:23:00,98.1346,98.1257,98.054,98.0898,8124.0
2020-01-05 11:24:00,98.0929,98.1889,98.1476,98.1682,4624.0
2020-01-05 11:25:00,98.0239,98.1646,97.9923,98.0784,1904.0
2020-01-05 11:26:00,97.9805,98.0285,97.9751,98.0018,6495.0
2020-01-05 11:27:00,97.9194,97.9598,97.9516,97.9557,9390.0
2020-01-05 11:28:00,97.729,97.732,97.7288,97.7304,8403.0
2020-01-05 11:29:00,97.7094,97.8184,97.7096,97.764,7930.0
2020-01-05 11:30:00,97.7173,97.7748,97.6986,97.7367,1069.0
2020-01-05 11:31:00,97.8313,97.9298,97.7377,97.8337,1733.0
2020-01-05 11:32:00,97.7564,97.7316,97.7162,97.7239,8651.0
2020-01-05 11:33:00,97.7242,97.6966,97.6274,97.662,4962.0
2020-01-05 11:34:00,97.4983,97.5208,97.5019,97.5113,1018.0
2020-01-05 11:35:00,97.5053,97.4317,97.3901,97.4109,267.0
2020-01-05 11:36:00,97.2835,97.3435,97.2419,97.2927,3421.0
2020-01-05 11:37:00,97.4338,97.4657,97.319,97.3923,6289.0
2020-01-05 11:38:00,97.4191,97.3229,97.3221,97.3225,5237.0
2020-01-05 11:39:00,97.3419,97.4154,97.2544,97.3349,5074.0
2020-01-05 11:40:00,97.2281,97.3088,97.2848,97.2968,9049.0
2020-01-05 11:41:00,97.1744,97.2164,97.1233,97.1699,4883.0
2020-01-05 11:42:00,97.1225,97.1777,97.1284,97.153,4593.0
2020-01-05 11:43:00,97.1992,97.2608,97.1652,97.213,2073.0
2020-01-05 11:44:00,97.1914,97.1327,97.0517,97.0922,197.0
2020-01-05 11:45:00,97.112,97.2134,97.1328,97.1731,3176.0
2020-01-05 11:46:00,97.1031,97.0891,97.0871,97.0881,2306.0
2020-01-05 11:47:00,96.9959,97.1164,96.9632,97.0398,8230.0
2020-01-05 11:48:00,97.0775,97.1064,97.0794,97.0929,186.0
2020-01-05 11:49:00,97.0638,97.0392,97.0139,97.0265,6415.0
2020-01-05 11:50:00,97.0462,97.1195,96.9411,97.0303,3747.0
2020-01-05 11:51:00,96.9876,97.019,96.9787,96.9988,3777.0
2020-01-05 11:52:00,96.9793,97.043,96.9805,97.0118,8973.0
2020-01-05 11:53:00,96.7895,96.8319,96.7155,96.7737,7745.0
2020-01-05 11:54:00,96.6761,96.639,96.5425,96.5907,8426.0
2020-01-05 11:55:00,96.6073,96.6606,96.6441,96.6523,6312.0
2020-01-05 11:56:00,96.8516,96.8773,96.6348,96.756,7060.0
2020-01-05 11:57:00,96.725,96.669,96.661,96.665,3889.0
2020-01-05 11:58:00,96.7091,96.6964,96.5848,96.6406,9026.0
2020-01-05 11:59:00,96.6855,96.7183,96.6219,96.6701,1233.0
2020-01-05 12:00:00,96.7979,96.8133,96.6655,96.7394,3198.0
2020-01-05 12:01:00,96.4862,96.5521,96.5211,96.5366,3571.0
2020-01-05 12:02:00,96.4146,96.4554,96.4407,96.448,5539.0
2020-01-05 12:03:00,96.4531,96.4313,96.3983,96.4148,3365.0
2020-01-05 12:04:00,96.4999,96.5228,96.4474,96.4851,2068.0
2020-01-05 12:05:00,96.7275,96.7908,96.6791,96.7349,7613.0
2020-01-05 12:06:00,96.587,96.7359,96.6883,96.7121,3244.0
2020-01-05 12:07:00,96.5496,96.5763,96.5665,96.5714,7191.0
2020-01-05 12:08:00,96.5529,96.6709,96.5524,96.6116,1324.0
2020-01-05 12:09:00,96.7684,96.8346,96.6529,96.7437,7912.0
2020-01-05 12:10:00,96.745,96.8244,96.6847,96.7545,1287.0
2020-01-05 12:11:00,96.6325,96.7069,96.6209,96.6639,106.0
2020-01-05 12:12:00,96.8918,96.8099,96.7095,96.7597,2208.0
2020-01-05 12:13:00,96.8779,96.8465,96.8056,96.826,5120.0
2020-01-05 12:14:00,96.7762,96.7339,96.7129,96.7234,9729.0
2020-01-05 12:15:00,96.8717,96.7932,96.7299,96.7616,1035.0
2020-01-05 12:16:00,96.9014,96.8902,96.8324,96.8613,7298.0
2020-01-05 12:17:00,96.9409,97.0155,96.9435,96.9795,8851.0
2020-01-05 12:18:00,96.9284,96.9997,96.946,96.9728,5737.0
2020-01-05 12:19:00,96.9853,96.9883,96.8858,96.937,8737.0
2020-01-05 12:20:00,96.9568,97.105,97.0145,97.0598,1408.0
2020-01-05 12:21:00,96.9349,96.9854,96.8921,96.9387,1516.0
2020-01-05 12:22:00,96.874,97.0174,96.9478,96.9826,5145.0
2020-01-05 12:23:00,96.8505,96.8926,96.7986,96.8456,2005.0
2020-01-05 12:24:00,96.9948,96.9787,96.9255,96.9521,8621.0
2020-01-05 12:25:00,96.9403,96.9871,96.8655,96.9263,7400.0
2020-01-05 12:26:00,97.1001,97.0776,97.0288,97.0532,7882.0
2020-01-05 12:27:00,97.2006,97.1034,97.1013,97.1023,6202.0
2020-01-05 12:28:00,96.9728,96.9955,96.9645,96.98,3497.0
2020-01-05 12:29:00,97.2629,97.1293,97.1157,97.1225,3778.0
2020-01-05 12:30:00,97.2882,97.3339,97.2213,97.2776,9845.0
2020-01-05 12:31:00,97.4133,97.428,97.3037,97.3658,6130.0
2020-01-05 12:32:00,97.2591,97.2936,97.2857,97.2897,3102.0
2020-01-05 12:33:00,97.34,97.2631,97.2551,97.2591,6722.0
2020-01-05 12:34:00,97.3257,97.2742,97.273,97.2736,2665.0
2020-01-05 12:35:00,97.2768,97.237,97.1694,97.2032,2683.0
2020-01-05 12:36:00,97.3752,97.3832,97.3617,97.3725,5951.0
2020-01-05 12:37:00,97.3241,97.4151,97.3588,97.3869,7597.0
2020-01-05 12:38:00,97.1396,97.1238,97.1093,97.1166,1914.0
2020-01-05 12:39:00,97.0657,97.2417,97.0593,97.1505,4018.0
2020-01-05 12:40:00,97.0989,97.1197,97.1117,97.1157,6611.0
2020-01-05 12:41:00,97.1178,97.2252,96.9912,97.1082,3313.0
2020-01-05 12:42:00,97.1902,97.0889,97.0537,97.0713,3987.0
2020-01-05 12:43:00,97.168,97.1627,97.1414,97.152,7857.0
2020-01-05 12:44:00,97.271,97.309,97.219,97.264,1322.0
2020-01-05 12:45:00,97.2892,97.3645,97.2202,97.2923,5846.0
2020-01-05 12:46:00,97.1913,97.308,97.2088,97.2584,3207.0
2020-01-05 12:47:00,97.2585,97.2982,97.2103,97.2542,2613.0
2020-01-05 12:48:00,97.2614,97.2759,97.2365,97.2562,4952.0
2020-01-05 12:49:00,97.1275,97.2023,97.1497,97.176,5076.0
2020-01-05 12:50:00,97.1745,97.2432,97.2245,97.2339,5083.0
2020-01-05 12:51:00,97.2558,97.344,97.2158,97.2799,4238.0
2020-01-05 12:52:00,97.4372,97.4383,97.4295,97.4339,1420.0
2020-01-05 12:53:00,97.5366,97.6634,97.4555,97.5594,2466.0
2020-01-05 12:54:00,97.4383,97.5497,97.4321,97.4909,4413.0
2020-01-05 12:55:00,97.5874,97.5804,97.5654,97.5729,2635.0
2020-01-05 12:56:00,97.5048,97.5048,97.4508,97.4778,6389.0
2020-01-05 12:57:00,97.5535,97.5942,97.5006,97.5474,2475.0
2020-01-05 12:58:00,97.4676,97.6077,97.3838,97.4957,2713.0
2020-01-05 12:59:00,97.4232,97.4656,97.3213,97.3934,4485.0
2020-01-05 13:00:00,97.4119,97.4268,97.4161,97.4214,9954.0
2020-01-05 13:01:00,97.0945,97.2315,97.0764,97.154,324.0
2020-01-05 13:02:00,97.0307,96.9902,96.9676,96.9789,7496.0
2020-01-05 13:03:00,96.9788,97.0287,96.8935,96.9611,2900.0
2020-01-05 13:04:00,96.9634,97.0292,96.9095,96.9694,1380.0
2020-01-05 13:05:00,96.8539,97.0161,96.8488,96.9324,621.0
2020-01-05 13:06:00,96.7372,96.8055,96.7434,96.7745,1718.0
2020-01-05 13:07:00,96.7936,96.7398,96.6455,96.6927,7906.0
2020-01-05 13:08:00,96.6564,96.8057,96.6579,96.7318,1701.0
2020-01-05 13:09:00,96.7774,96.8405,96.7394,96.79,2406.0
2020-01-05 13:10:00,96.7876,96.8521,96.7247,96.7884,7922.0
2020-01-05 13:11:00,96.9201,96.9516,96.8566,96.9041,9507.0
2020-01-05 13:12:00,96.8689,97.0201,96.8675,96.9438,1042.0
2020-01-05 13:13:00,96.8778,96.8757,96.8624,96.8691,4031.0
2020-01-05 13:14:00,96.7567,96.8578,96.8242,96.841,9445.0
2020-01-05 13:15:00,96.7056,96.7189,96.6825,96.7007,3849.0
2020-01-05 13:16:00,96.6573,96.7638,96.616,96.6899,8552.0
2020-01-05 13:17:00,96.7578,96.8878,96.7144,96.8011,8681.0
2020-01-05 13:18:00,96.9114,96.9126,96.8267,96.8696,4840.0
2020-01-05 13:19:00,96.9981,97.0647,96.955,97.0098,507.0
2020-01-05 13:20:00,97.0032,97.0223,96.9368,96.9796,2143.0
2020-01-05 13:21:00,97.1395,97.1379,97.0904,97.1142,5372.0
2020-01-05 13:22:00,97.1583,97.1355,97.0541,97.0948,8858.0
2020-01-05 13:23:00,97.1816,97.2725,97.2115,97.242,5857.0
2020-01-05 13:24:00,97.2858,97.3121,97.1675,97.2398,2079.0
2020-01-05 13:25:00,97.3113,97.3125,97.3085,97.3105,6264.0
2020-01-05 13:26:00,97.4391,97.4967,97.4194,97.458,3938.0
2020-01-05 13:27:00,97.3812,97.478,97.3994,97.4387,7240.0
2020-01-05 13:28:00,97.4909,97.4925,97.4285,97.4605,2415.0
2020-01-05 13:29:00,97.5433,97.6738,97.505,97.5894,8392.0
2020-01-05 13:30:00,97.602,97.5944,97.5578,97.5761,4856.0
2020-01-05 13:31:00,97.5404,97.4701,97.418,97.444,6896.0
2020-01-05 13:32:00,97.7073,97.7283,97.5883,97.6583,132.0
2020-01-05 13:33:00,97.6809,97.6427,97.58,97.6114,4431.0
2020-01-05 13:34:00,97.5913,97.7016,97.5528,97.6272,6990.0
2020-01-05 13:35:00,97.781,97.7528,97.7328,97.7428,8623.0
2020-01-05 13:36:00,97.6248,97.7531,97.6109,97.682,3616.0
2020-01-05 13:37:00,97.5695,97.7039,97.4585,97.5812,4681.0
2020-01-05 13:38:00,97.6936,97.6793,97.5338,97.6066,4315.0
2020-01-05 13:39:00,97.3969,97.5355,97.3191,97.4273,257.0
2020-01-05 13:40:00,97.454,97.4016,97.3953,97.3985,5045.0
2020-01-05 13:41:00,97.4738,97.4505,97.3954,97.423,3728.0
2020-01-05 13:42:00,97.4497,97.419,97.373,97.396,3882.0
2020-01-05 13:43:00,97.1783,97.2858,97.1975,97.2416,3921.0
2020-01-05 13:44:00,97.4273,97.4618,97.3403,97.4011,2788.0
2020-01-05 13:45:00,97.4036,97.5386,97.2843,97.4114,8984.0
2020-01-05 13:46:00,97.6089,97.5941,97.515,97.5545,9343.0
2020-01-05 13:47:00,97.4458,97.6013,97.4557,97.5285,5144.0
2020-01-05 13:48:00,97.4589,97.5144,97.3666,97.4405,7946.0
2020-01-05 13:49:00,97.4788,97.5582,97.3767,97.4674,5485.0
2020-01-05 13:50:00,97.3463,97.516,97.3757,97.4459,2198.0
2020-01-05 13:51:00,97.2838,97.3927,97.2635,97.3281,2256.0
2020-01-05 13:52:00,97.3836,97.5226,97.4275,97.4751,5554.0
2020-01-05 13:53:00,97.3765,97.4913,97.3343,97.4128,8425.0
2020-01-05 13:54:00,97.2563,97.2483,97.2093,97.2288,3850.0
2020-01-05 13:55:00,97.3714,97.3906,97.3326,97.3616,2227.0
2020-01-05 13:56:00,97.3197,97.3486,97.2738,97.3112,2485.0
2020-01-05 13:57:00,97.1984,97.3118,97.189,97.2504,5700.0
2020-01-05 13:58:00,97.1299,97.0788,97.0689,97.0739,7131.0
2020-01-05 13:59:00,97.247,97.2823,97.2137,97.248,7556.0
2020-01-05 14:00:00,97.1207,97.1427,97.0953,97.119,7862.0
2020-01-05 14:01:00,97.1719,97.1357,97.114,97.1249,4297.0
2020-01-05 14:02:00,97.1666,97.2429,97.1894,97.2161,4526.0
2020-01-05 14:03:00,97.2697,97.269,97.2476,97.2583,2378.0
2020-01-05 14:04:00,97.2735,97.3541,97.1505,97.2523,1574.0
2020-01-05 14:05:00,97.0549,97.103,97.0613,97.0822,6089.0
2020-01-05 14:06:00,97.0338,97.0532,96.9491,97.0012,7588.0
2020-01-05 14:07:00,97.0438,97.0491,96.9908,97.02,9340.0
2020-01-05 14:08:00,96.9362,96.9484,96.9341,96.9413,515.0
2020-01-05 14:09:00,96.955,97.0324,96.8908,96.9616,5607.0
2020-01-05 14:10:00,97.0559,97.1413,96.9182,97.0298,2266.0
2020-01-05 14:11:00,97.1654,97.1436,97.1084,97.126,5882.0
2020-01-05 14:12:00,97.0065,97.0223,96.9845,97.0034,2478.0
2020-01-05 14:13:00,97.2791,97.2311,97.2151,97.2231,8953.0
2020-01-05 14:14:00,97.3327,97.3863,97.2133,97.2998,7393.0
2020-01-05 14:15:00,97.2102,97.3836,97.2156,97.2996,388.0
2020-01-05 14:16:00,97.3383,97.4224,97.3948,97.4086,2700.0
2020-01-05 14:17:00,97.7042,97.7495,97.5408,97.6451,1825.0
2020-01-05 14:18:00,97.4889,97.5077,97.4948,97.5013,6153.0
2020-01-05 14:19:00,97.4869,97.5405,97.417,97.4787,8866.0
2020-01-05 14:20:00,97.2979,97.2718,97.21,97.2409,816.0
2020-01-05 14:21:00,97.2598,97.2705,97.2498,97.2602,3512.0
2020-01-05 14:22:00,97.2986,97.3632,97.2302,97.2967,5423.0
2020-01-05 14:23:00,97.2493,97.3097,97.2758,97.2928,2493.0
2020-01-05 14:24:00,97.2458,97.2687,97.186,97.2273,4180.0
2020-01-05 14:25:00,97.0517,97.0941,96.9506,97.0224,1112.0
2020-01-05 14:26:00,97.0308,97.1319,96.9875,97.0597,6348.0
2020-01-05 14:27:00,97.1592,97.2294,97.1811,97.2053,2460.0
2020-01-05 14:28:00,97.2775,97.2181,97.0743,97.1462,2046.0
2020-01-05 14:29:00,97.1855,97.1936,97.1867,97.1902,3612.0
2020-01-05 14:30:00,96.9992,97.0478,97.0189,97.0334,8218.0
2020-01-05 14:31:00,97.1144,97.093,97.0652,97.0791,5699.0
2020-01-05 14:32:00,97.0372,97.0952,96.9843,97.0397,1451.0
2020-01-05 14:33:00,96.9092,96.994,96.933,96.9635,3175.0
2020-01-05 14:34:00,96.9116,96.9219,96.8531,96.8875,4004.0
2020-01-05 14:35:00,96.8054,96.8896,96.8066,96.8481,7960.0
2020-01-05 14:36:00,96.9652,96.9855,96.7872,96.8863,627.0
2020-01-05 14:37:00,96.7799,96.7951,96.7151,96.7551,5747.0
2020-01-05 14:38:00,96.7016,96.7595,96.6713,96.7154,5260.0
2020-01-05 14:39:00,96.7167,96.7388,96.6838,96.7113,9573.0
2020-01-05 14:40:00,96.6465,96.6054,96.5974,96.6014,5585.0
2020-01-05 14:41:00,96.7903,96.7974,96.7647,96.781,3379.0
2020-01-05 14:42:00,96.8018,96.7071,96.6843,96.6957,7510.0
2020-01-05 14:43:00,96.6855,96.6833,96.5742,96.6287,6832.0
2020-01-05 14:44:00,96.5553,96.6116,96.4502,96.5309,4116.0
2020-01-05 14:45:00,96.6639,96.7554,96.6661,96.7108,4036.0
2020-01-05 14:46:00,96.7587,96.834,96.6981,96.766,1144.0
2020-01-05 14:47:00,96.6963,96.6988,96.646,96.6724,3539.0
2020-01-05 14:48:00,96.7419,96.8038,96.7622,96.783,412.0
2020-01-05 14:49:00,96.8678,96.813,96.7932,96.8031,8607.0
2020-01-05 14:50:00,96.7801,96.8852,96.7724,96.8288,1990.0
2020-01-05 14:51:00,96.7625,96.8524,96.7363,96.7944,4321.0
2020-01-05 14:52:00,96.6913,96.7291,96.7098,96.7194,7078.0
2020-01-05 14:53:00,96.7904,96.8291,96.6773,96.7532,8787.0
2020-01-05 14:54:00,96.6584,96.7877,96.6097,96.6987,9272.0
2020-01-05 14:55:00,96.7904,96.9082,96.8526,96.8804,4939.0
2020-01-05 14:56:00,96.8078,96.7839,96.723,96.7534,4895.0
2020-01-05 14:57:00,96.8848,96.9274,96.8867,96.907,2128.0
2020-01-05 14:58:00,96.8425,96.9715,96.8204,96.8959,3007.0
2020-01-05 14:59:00,96.8881,96.9786,96.8731,96.9258,3243.0
2020-01-05 15:00:00,97.095,97.0827,96.9356,97.0091,9019.0
2020-01-05 15:01:00,96.9133,96.9572,96.9351,96.9461,5490.0
2020-01-05 15:02:00,97.0264,97.0448,97.0203,97.0325,7674.0
2020-01-05 15:03:00,96.7394,96.8137,96.7098,96.7618,9759.0
2020-01-05 15:04:00,96.6282,96.6951,96.6845,96.6898,9406.0
2020-01-05 15:05:00,96.5602,96.6291,96.5656,96.5974,1777.0
2020-01-05 15:06:00,96.407,96.4734,96.4706,96.472,2143.0
2020-01-05 15:07:00,96.4983,96.4521,96.4489,96.4505,7781.0
2020-01-05 15:08:00,96.4942,96.4934,96.4848,96.4891,3214.0
2020-01-05 15:09:00,96.6835,96.5688,96.5499,96.5594,4266.0
2020-01-05 15:10:00,96.548,96.6678,96.4991,96.5835,4953.0
2020-01-05 15:11:00,96.474,96.5553,96.4785,96.5169,8195.0
2020-01-05 15:12:00,96.6305,96.566,96.5416,96.5538,8398.0
2020-01-05 15:13:00,96.6191,96.5787,96.5538,96.5662,6699.0
2020-01-05 15:14:00,96.6791,96.6676,96.652,96.6598,2441.0
2020-01-05 15:15:00,96.6818,96.7537,96.7214,96.7375,6419.0
2020-01-05 15:16:00,96.8278,96.7838,96.6974,96.7406,9422.0
2020-01-05 15:17:00,96.6472,96.6755,96.6262,96.6508,1209.0
2020-01-05 15:18:00,96.564,96.6009,96.5702,96.5856,1350.0
2020-01-05 15:19:00,96.5877,96.5308,96.5303,96.5306,6572.0
2020-01-05 15:20:00,96.4979,96.5187,96.4794,96.499,7508.0
2020-01-05 15:21:00,96.4676,96.5349,96.5168,96.5259,3173.0
2020-01-05 15:22:00,96.5994,96.6489,96.5459,96.5974,5470.0
2020-01-05 15:23:00,96.5532,96.6622,96.5224,96.5923,5645.0
2020-01-05 15:24:00,96.4434,96.7237,96.464,96.5939,8372.0
2020-01-05 15:25:00,96.5641,96.6647,96.5517,96.6082,1015.0
2020-01-05 15:26:00,96.5302,96.5825,96.5307,96.5566,361.0
2020-01-05 15:27:00,96.4063,96.4899,96.4382,96.4641,5614.0
2020-01-05 15:28:00,96.3173,96.3066,96.2705,96.2885,3419.0
2020-01-05 15:29:00,96.1801,96.2451,96.193,96.219,8250.0
2020-01-05 15:30:00,96.2902,96.2885,96.2442,96.2663,3140.0
2020-01-05 15:31:00,96.1344,96.208,96.1841,96.196,5003.0
2020-01-05 15:32:00,96.2177,96.1753,96.1692,96.1723,2762.0
2020-01-05 15:33:00,96.1551,96.2345,96.2033,96.2189,7058.0
2020-01-05 15:34:00,96.1539,96.2832,96.2587,96.271,6341.0
2020-01-05 15:35:00,96.2249,96.2158,96.1102,96.163,5364.0
2020-01-05 15:36:00,96.2199,96.2638,96.2616,96.2627,7037.0
2020-01-05 15:37:00,96.4633,96.3762,96.3747,96.3755,2072.0
2020-01-05 15:38:00,96.2907,96.3159,96.2091,96.2625,2274.0
2020-01-05 15:39:00,96.2196,96.2282,96.132,96.1801,1427.0
2020-01-05 15:40:00,96.3515,96.3784,96.22,96.2992,4990.0
2020-01-05 15:41:00,96.2901,96.3723,96.1967,96.2845,6822.0
2020-01-05 15:42:00,96.0687,96.1078,96.0173,96.0625,7414.0
2020-01-05 15:43:00,95.9866,95.9526,95.8925,95.9226,9131.0
2020-01-05 15:44:00,95.9032,95.9419,95.8533,95.8976,7348.0
2020-01-05 15:45:00,95.7449,95.7939,95.7687,95.7813,6826.0
2020-01-05 15:46:00,95.7693,95.7925,95.6874,95.74,647.0
2020-01-05 15:47:00,95.6375,95.7847,95.7018,95.7432,5829.0
2020-01-05 15:48:00,95.9554,95.9116,95.8673,95.8894,5652.0
2020-01-05 15:49:00,95.9274,95.904,95.8168,95.8604,3976.0
2020-01-05 15:50:00,96.0276,96.0212,95.9141,95.9677,5981.0
2020-01-05 15:51:00,96.1685,96.1176,96.1034,96.1105,9617.0
2020-01-05 15:52:00,96.2498,96.269,96.2389,96.254,3891.0
2020-01-05 15:53:00,96.2771,96.3222,96.2426,96.2824,2971.0
2020-01-05 15:54:00,96.0246,96.1301,96.0421,96.0861,7642.0
2020-01-05 15:55:00,96.2196,96.1389,96.1254,96.1322,674.0
2020-01-05 15:56:00,96.2128,96.2771,96.1969,96.237,1201.0
2020-01-05 15:57:00,96.2459,96.2611,96.1967,96.2289,8321.0
2020-01-05 15:58:00,96.4161,96.4465,96.3603,96.4034,1475.0
2020-01-05 15:59:00,96.4223,96.522,96.4568,96.4894,5334.0
2020-01-05 16:00:00,96.459,96.588,96.5044,96.5462,4048.0
2020-01-05 16:01:00,96.6551,96.7353,96.5743,96.6548,6974.0
2020-01-05 16:02:00,96.6655,96.7065,96.6698,96.6882,3904.0
2020-01-05 16:03:00,96.4344,96.495,96.3827,96.4389,4564.0
2020-01-05 16:04:00,96.4422,96.4218,96.3562,96.389,5945.0
2020-01-05 16:05:00,96.5199,96.5088,96.5086,96.5087,3831.0
2020-01-05 16:06:00,96.4659,96.4488,96.4071,96.4279,7625.0
2020-01-05 16:07:00,96.4278,96.4251,96.3861,96.4056,4497.0
2020-01-05 16:08:00,96.2853,96.3065,96.2957,96.3011,7987.0
2020-01-05 16:09:00,96.4294,96.5329,96.4261,96.4795,5890.0
2020-01-05 16:10:00,96.6609,96.665,96.6302,96.6476,3850.0
2020-01-05 16:11:00,96.5634,96.57,96.5485,96.5593,3234.0
2020-01-05 16:12:00,96.6197,96.6415,96.5064,96.574,1399.0
2020-01-05 16:13:00,96.4984,96.5479,96.464,96.5059,4706.0
2020-01-05 16:14:00,96.5526,96.588,96.5469,96.5674,986.0
2020-01-05 16:15:00,96.6069,96.6189,96.6179,96.6184,9850.0
2020-01-05 16:16:00,96.6536,96.715,96.6841,96.6996,2146.0
2020-01-05 16:17:00,96.8051,96.7783,96.6872,96.7328,4990.0
2020-01-05 16:18:00,97.0833,97.1051,96.9475,97.0263,7102.0
2020-01-05 16:19:00,96.8629,96.9654,96.8816,96.9235,6701.0
2020-01-05 16:20:00,96.7926,96.765,96.7399,96.7524,6067.0
2020-01-05 16:21:00,96.6209,96.7375,96.6887,96.7131,5627.0
2020-01-05 16:22:00,96.6056,96.5582,96.5545,96.5563,7994.0
2020-01-05 16:23:00,96.3723,96.43,96.3842,96.4071,5996.0
2020-01-05 16:24:00,96.325,96.3755,96.2384,96.307,3557.0
2020-01-05 16:25:00,96.1183,96.2151,96.2144,96.2147,7657.0
2020-01-05 16:26:00,96.0593,96.1788,96.0597,96.1193,3398.0
2020-01-05 16:27:00,96.1945,96.2592,96.083,96.1711,7602.0
2020-01-05 16:28:00,96.0854,96.127,96.114,96.1205,5376.0
2020-01-05 16:29:00,96.0605,96.1046,96.1004,96.1025,1626.0
2020-01-05 16:30:00,96.2617,96.3025,96.0814,96.192,2250.0
2020-01-05 16:31:00,96.2259,96.1721,96.0586,96.1153,2256.0
2020-01-05 16:32:00,96.1357,96.1197,96.058,96.0889,2894.0
2020-01-05 16:33:00,96.0708,96.1564,96.0945,96.1254,4343.0
2020-01-05 16:34:00,96.0195,95.9791,95.8835,95.9313,6926.0
2020-01-05 16:35:00,95.6147,95.7433,95.6422,95.6928,3142.0
2020-01-05 16:36:00,95.7122,95.7818,95.673,95.7274,6795.0
2020-01-05 16:37:00,95.7793,95.7933,95.7599,95.7766,6992.0
2020-01-05 16:38:00,96.0792,96.0089,95.9571,95.983,4191.0
2020-01-05 16:39:00,96.0445,96.0117,95.986,95.9988,3334.0
2020-01-05 16:40:00,96.0576,96.1123,96.0493,96.0808,535.0
2020-01-05 16:41:00,96.014,96.1344,95.9882,96.0613,9749.0
2020-01-05 16:42:00,96.1411,96.1033,96.0787,96.091,2472.0
2020-01-05 16:43:00,96.231,96.2783,96.2372,96.2577,211.0
2020-01-05 16:44:00,96.0562,96.0493,96.0413,96.0453,3134.0
2020-01-05 16:45:00,96.0182,96.0963,96.077,96.0867,5674.0
2020-01-05 16:46:00,96.3287,96.3518,96.2487,96.3002,5988.0
2020-01-05 16:47:00,96.3529,96.3567,96.3002,96.3284,9388.0
2020-01-05 16:48:00,96.4314,96.5244,96.4626,96.4935,8274.0
2020-01-05 16:49:00,96.4822,96.4728,96.3883,96.4306,5149.0
2020-01-05 16:50:00,96.4551,96.4717,96.3831,96.4274,7460.0
2020-01-05 16:51:00,96.4677,96.5185,96.3429,96.4307,9588.0
2020-01-05 16:52:00,96.19,96.3073,96.1106,96.209,1057.0
2020-01-05 16:53:00,96.1011,96.1657,96.0186,96.0921,4931.0
2020-01-05 16:54:00,95.9856,96.0505,95.9144,95.9825,5068.0
2020-01-05 16:55:00,96.0573,96.0655,96.0639,96.0647,8385.0
2020-01-05 16:56:00,96.1604,96.1769,96.1268,96.1519,2866.0
2020-01-05 16:57:00,96.2471,96.2111,96.1575,96.1843,6925.0
2020-01-05 16:58:00,96.3204,96.2695,96.2639,96.2667,767.0
2020-01-05 16:59:00,96.1912,96.254,96.2465,96.2503,8023.0
2020-01-05 17:00:00,96.4197,96.4227,96.3182,96.3705,614.0
2020-01-05 17:01:00,96.4309,96.3787,96.3641,96.3714,9535.0
2020-01-05 17:02:00,96.3696,96.4471,96.3072,96.3771,4389.0
2020-01-05 17:03:00,96.376,96.3816,96.3195,96.3506,911.0
2020-01-05 17:04:00,96.4437,96.4499,96.3881,96.419,5807.0
2020-01-05 17:05:00,96.3344,96.4018,96.352,96.3769,5949.0
2020-01-05 17:06:00,96.4555,96.5109,96.4382,96.4745,6172.0
2020-01-05 17:07:00,96.3989,96.4222,96.3005,96.3613,1620.0
2020-01-05 17:08:00,96.2267,96.2717,96.2312,96.2514,5849.0
2020-01-05 17:09:00,96.369,96.3601,96.2803,96.3202,1578.0
2020-01-05 17:10:00,96.3766,96.3273,96.2953,96.3113,2101.0
2020-01-05 17:11:00,96.3231,96.2708,96.2611,96.2659,5918.0
2020-01-05 17:12:00,96.4539,96.3697,96.3402,96.3549,9323.0
2020-01-05 17:13:00,96.2897,96.3887,96.1997,96.2942,2238.0
2020-01-05 17:14:00,96.2831,96.3199,96.2285,96.2742,3169.0
2020-01-05 17:15:00,96.4302,96.4155,96.4128,96.4141,450.0
2020-01-05 17:16:00,96.565,96.6385,96.4976,96.568,2405.0
2020-01-05 17:17:00,96.7524,96.7503,96.7003,96.7253,7308.0
2020-01-05 17:18:00,96.6115,96.7326,96.6615,96.6971,6970.0
2020-01-05 17:19:00,96.8304,96.8787,96.7616,96.8201,4891.0
2020-01-05 17:20:00,96.6564,96.8323,96.6182,96.7252,1364.0
2020-01-05 17:21:00,96.5864,96.6353,96.6338,96.6345,1657.0
2020-01-05 17:22:00,96.4361,96.4019,96.3971,96.3995,5060.0
2020-01-05 17:23:00,96.5568,96.6001,96.5335,96.5668,6488.0
2020-01-05 17:24:00,96.5153,96.5052,96.4556,96.4804,9077.0
2020-01-05 17:25:00,96.4567,96.5256,96.4098,96.4677,6834.0
2020-01-05 17:26:00,96.432,96.485,96.2685,96.3767,4006.0
2020-01-05 17:27:00,96.4343,96.5121,96.3804,96.4462,8157.0
2020-01-05 17:28:00,96.3109,96.4579,96.3594,96.4087,3533.0
2020-01-05 17:29:00,96.2894,96.3477,96.2087,96.2782,765.0
2020-01-05 17:30:00,96.2139,96.3326,96.3121,96.3223,8852.0
2020-01-05 17:31:00,96.1063,96.2394,96.1185,96.179,3757.0
2020-01-05 17:32:00,96.0511,96.1249,96.0656,96.0952,4248.0
2020-01-05 17:33:00,95.8342,95.9346,95.8344,95.8845,7003.0
2020-01-05 17:34:00,95.7149,95.7747,95.7096,95.7421,5399.0
2020-01-05 17:35:00,95.7079,95.7826,95.7374,95.76,1642.0
2020-01-05 17:36:00,95.4932,95.5937,95.5334,95.5635,817.0
2020-01-05 17:37:00,95.4925,95.4919,95.339,95.4154,3239.0
2020-01-05 17:38:00,95.3813,95.5112,95.3191,95.4152,3020.0
2020-01-05 17:39:00,95.2493,95.3936,95.328,95.3608,754.0
2020-01-05 17:40:00,95.542,95.6247,95.4954,95.56,9423.0
2020-01-05 17:41:00,95.6872,95.7915,95.6954,95.7434,6428.0
2020-01-05 17:42:00,95.6124,95.7571,95.5561,95.6566,7990.0
2020-01-05 17:43:00,95.7479,95.7398,95.6849,95.7123,6833.0
2020-01-05 17:44:00,95.7649,95.8628,95.7117,95.7873,3911.0
2020-01-05 17:45:00,95.6699,95.7408,95.7143,95.7275,1849.0
2020-01-05 17:46:00,95.6003,95.6379,95.5181,95.578,5917.0
2020-01-05 17:47:00,95.6342,95.6276,95.5259,95.5767,6211.0
2020-01-05 17:48:00,95.5863,95.621,95.4979,95.5595,1181.0
2020-01-05 17:49:00,95.3932,95.5211,95.5107,95.5159,6874.0
2020-01-05 17:50:00,95.5044,95.6619,95.4584,95.5601,5463.0
2020-01-05 17:51:00,95.4874,95.5261,95.444,95.485,3301.0
2020-01-05 17:52:00,95.3576,95.404,95.3357,95.3698,7098.0
2020-01-05 17:53:00,95.3644,95.4209,95.3406,95.3808,5431.0
2020-01-05 17:54:00,95.3702,95.4507,95.388,95.4193,9371.0
2020-01-05 17:55:00,95.2314,95.3125,95.2908,95.3017,390.0
2020-01-05 17:56:00,95.4949,95.4205,95.3685,95.3945,7060.0
2020-01-05 17:57:00,95.2188,95.2517,95.1832,95.2174,5838.0
2020-01-05 17:58:00,95.1917,95.166,95.1532,95.1596,3523.0
2020-01-05 17:59:00,95.1341,95.1747,95.093,95.1338,3599.0
2020-01-05 18:00:00,95.0725,95.1776,94.9629,95.0702,8273.0
2020-01-05 18:01:00,95.0106,95.0636,94.9638,95.0137,7904.0
2020-01-05 18:02:00,95.1448,95.2759,95.1257,95.2008,5668.0
2020-01-05 18:03:00,95.04,95.1211,95.1104,95.1157,943.0
2020-01-05 18:04:00,95.3792,95.3765,95.3432,95.3598,1013.0
2020-01-05 18:05:00,95.4129,95.4199,95.3872,95.4036,4539.0
2020-01-05 18:06:00,95.4597,95.4269,95.3986,95.4128,5767.0
2020-01-05 18:07:00,95.4972,95.4739,95.4468,95.4604,7996.0
2020-01-05 18:08:00,95.673,95.7369,95.6898,95.7134,4090.0
2020-01-05 18:09:00,95.6707,95.6508,95.5773,95.614,9268.0
2020-01-05 18:10:00,95.5402,95.5887,95.4153,95.502,1300.0
2020-01-05 18:11:00,95.461,95.4382,95.4148,95.4265,7489.0
2020-01-05 18:12:00,95.5422,95.4329,95.4265,95.4297,1748.0
2020-01-05 18:13:00,95.3593,95.3025,95.2118,95.2571,221.0
2020-01-05 18:14:00,95.2939,95.2812,95.2376,95.2594,4470.0
2020-01-05 18:15:00,95.457,95.4621,95.3953,95.4287,9251.0
2020-01-05 18:16:00,95.4979,95.4535,95.4342,95.4439,3915.0
2020-01-05 18:17:00,95.3854,95.4418,95.3874,95.4146,4507.0
2020-01-05 18:18:00,95.3243,95.3674,95.3381,95.3528,1452.0
2020-01-05 18:19:00,95.4763,95.4762,95.4091,95.4426,5322.0
2020-01-05 18:20:00,95.3172,95.4057,95.3144,95.36,787.0
2020-01-05 18:21:00,95.5743,95.5896,95.4998,95.5447,955.0
2020-01-05 18:22:00,95.7459,95.7439,95.7321,95.738,4536.0
2020-01-05 18:23:00,95.7209,95.8157,95.7117,95.7637,121.0
2020-01-05 18:24:00,95.7638,95.7931,95.7319,95.7625,7417.0
2020-01-05 18:25:00,95.9309,95.8954,95.8358,95.8656,2104.0
2020-01-05 18:26:00,95.9792,96.0975,95.8526,95.9751,6812.0
2020-01-05 18:27:00,95.8988,95.9115,95.8775,95.8945,6913.0
2020-01-05 18:28:00,95.8583,95.8646,95.819,95.8418,1069.0
2020-01-05 18:29:00,95.7326,95.7374,95.6818,95.7096,3878.0
2020-01-05 18:30:00,95.734,95.7992,95.7018,95.7505,7434.0
2020-01-05 18:31:00,95.8347,95.851,95.7834,95.8172,8636.0
2020-01-05 18:32:00,95.6297,95.7863,95.5781,95.6822,5680.0
2020-01-05 18:33:00,95.5967,95.7043,95.569,95.6367,8177.0
2020-01-05 18:34:00,95.4684,95.6134,95.3904,95.5019,3431.0
2020-01-05 18:35:00,95.4355,95.4252,95.3989,95.412,4395.0
2020-01-05 18:36:00,95.4752,95.5261,95.4082,95.4672,6248.0
2020-01-05 18:37:00,95.3871,95.438,95.3496,95.3938,6543.0
2020-01-05 18:38:00,95.3983,95.4325,95.2949,95.3637,3407.0
2020-01-05 18:39:00,95.2199,95.211,95.1909,95.201,5966.0
2020-01-05 18:40:00,95.2052,95.268,95.1714,95.2197,639.0
2020-01-05 18:41:00,95.1635,95.2447,95.1858,95.2153,5371.0
2020-01-05 18:42:00,95.1014,95.1806,95.1041,95.1424,7272.0
2020-01-05 18:43:00,95.0501,95.1256,95.1213,95.1235,1588.0
2020-01-05 18:44:00,95.1485,95.1501,95.1328,95.1415,385.0
2020-01-05 18:45:00,95.0169,95.1548,94.9652,95.06,5833.0
2020-01-05 18:46:00,94.8876,95.0082,94.8166,94.9124,6582.0
2020-01-05 18:47:00,95.0866,95.0947,95.0912,95.0929,1337.0
2020-01-05 18:48:00,95.0818,95.0454,95.0138,95.0296,212.0
2020-01-05 18:49:00,95.0664,95.0673,94.9726,95.0199,4533.0
2020-01-05 18:50:00,95.1183,95.1388,95.1033,95.121,8381.0
2020-01-05 18:51:00,95.5372,95.5034,95.4444,95.4739,7026.0
2020-01-05 18:52:00,95.2489,95.3667,95.3322,95.3495,9791.0
2020-01-05 18:53:00,95.4883,95.4411,95.3479,95.3945,1153.0
2020-01-05 18:54:00,95.3583,95.3843,95.2631,95.3237,1663.0
2020-01-05 18:55:00,95.275,95.3097,95.2299,95.2698,8648.0
2020-01-05 18:56:00,95.1532,95.2436,95.152,95.1978,3826.0
2020-01-05 18:57:00,95.0633,95.1484,95.022,95.0852,6789.0
2020-01-05 18:58:00,95.1116,95.102,95.0602,95.0811,4654.0
2020-01-05 18:59:00,94.9653,95.0077,94.8596,94.9337,8762.0
2020-01-05 19:00:00,95.0618,95.0472,95.0095,95.0283,3014.0
2020-01-05 19:01:00,94.9974,95.0448,95.0229,95.0338,3086.0
2020-01-05 19:02:00,95.0296,95.0764,95.0758,95.0761,2720.0
2020-01-05 19:03:00,95.0392,95.0307,95.0283,95.0295,7269.0
2020-01-05 19:04:00,95.0312,95.0187,94.9668,94.9927,9433.0
2020-01-05 19:05:00,95.0217,95.1031,94.9399,95.0215,4503.0
2020-01-05 19:06:00,94.9792,94.9199,94.8903,94.9051,4759.0
2020-01-05 19:07:00,94.871,94.874,94.8646,94.8693,1138.0
2020-01-05 19:08:00,94.7833,94.8027,94.7639,94.7833,6667.0
2020-01-05 19:09:00,94.7278,94.8433,94.5453,94.6943,154.0
2020-01-05 19:10:00,94.5443,94.5399,94.4267,94.4833,8213.0
2020-01-05 19:11:00,94.5498,94.6595,94.575,94.6172,9593.0
2020-01-05 19:12:00,94.4927,94.6176,94.4795,94.5486,7512.0
2020-01-05 19:13:00,94.6492,94.6765,94.6533,94.6649,7225.0
2020-01-05 19:14:00,94.9297,94.7841,94.7595,94.7718,3567.0
2020-01-05 19:15:00,94.6301,94.6665,94.6199,94.6432,1594.0
2020-01-05 19:16:00,94.5283,94.5613,94.5074,94.5343,4233.0
2020-01-05 19:17:00,94.8213,94.7975,94.7833,94.7904,3803.0
2020-01-05 19:18:00,95.0143,94.9906,94.9404,94.9655,4965.0
2020-01-05 19:19:00,94.9708,94.9778,94.9468,94.9623,282.0
2020-01-05 19:20:00,95.0463,95.0438,94.9324,94.9881,1336.0
2020-01-05 19:21:00,94.8653,94.9588,94.8911,94.925,8912.0
2020-01-05 19:22:00,94.9299,95.0123,94.9242,94.9682,9836.0
2020-01-05 19:23:00,94.9546,94.9508,94.8422,94.8965,4227.0
2020-01-05 19:24:00,94.6938,94.7074,94.6791,94.6933,334.0
2020-01-05 19:25:00,94.498,94.569,94.5532,94.5611,172.0
2020-01-05 19:26:00,94.4971,94.6018,94.5246,94.5632,5867.0
2020-01-05 19:27:00,94.4096,94.4697,94.4306,94.4501,1889.0
2020-01-05 19:28:00,94.4435,94.4696,94.4172,94.4434,8919.0
2020-01-05 19:29:00,94.3593,94.3725,94.2993,94.3359,8959.0
2020-01-05 19:30:00,94.2412,94.275,94.2404,94.2577,4123.0
2020-01-05 19:31:00,94.3623,94.3778,94.3082,94.343,8885.0
2020-01-05 19:32:00,94.3459,94.4258,94.3097,94.3678,2360.0
2020-01-05 19:33:00,94.428,94.4384,94.2952,94.3668,4362.0
2020-01-05 19:34:00,94.5823,94.476,94.4333,94.4547,7488.0
2020-01-05 19:35:00,94.4831,94.5577,94.4477,94.5027,6645.0
2020-01-05 19:36:00,94.6714,94.6694,94.6254,94.6474,7034.0
2020-01-05 19:37:00,94.6213,94.7256,94.4772,94.6014,7556.0
2020-01-05 19:38:00,94.5654,94.5778,94.5391,94.5585,9260.0
2020-01-05 19:39:00,94.461,94.4446,94.4121,94.4283,8470.0
2020-01-05 19:40:00,94.4094,94.395,94.3758,94.3854,6414.0
2020-01-05 19:41:00,94.4584,94.4894,94.4745,94.4819,6217.0
2020-01-05 19:42:00,94.6777,94.651,94.5728,94.6119,2151.0
2020-01-05 19:43:00,94.718,94.7151,94.7008,94.7079,4531.0
2020-01-05 19:44:00,94.5093,94.5823,94.4748,94.5285,8486.0
2020-01-05 19:45:00,94.759,94.6526,94.6211,94.6368,3040.0
2020-01-05 19:46:00,94.4472,94.5086,94.3974,94.453,3728.0
2020-01-05 19:47:00,94.5556,94.56,94.5256,94.5428,7734.0
2020-01-05 19:48:00,94.5148,94.5336,94.4785,94.506,5563.0
2020-01-05 19:49:00,94.5698,94.5789,94.5736,94.5763,9523.0
2020-01-05 19:50:00,94.4655,94.5096,94.3765,94.443,3798.0
2020-01-05 19:51:00,94.5179,94.5676,94.5527,94.5602,2059.0
2020-01-05 19:52:00,94.4435,94.4181,94.4092,94.4137,1626.0
2020-01-05 19:53:00,94.2589,94.4357,94.2579,94.3468,7939.0
2020-01-05 19:54:00,94.1821,94.2908,94.2032,94.247,7029.0
2020-01-05 19:55:00,94.1629,94.1003,94.0429,94.0716,3619.0
2020-01-05 19:56:00,94.0182,94.1789,93.9831,94.081,1795.0
2020-01-05 19:57:00,94.1636,94.2861,94.2371,94.2616,5996.0
2020-01-05 19:58:00,94.4668,94.6276,94.429,94.5283,8090.0
2020-01-05 19:59:00,94.625,94.5797,94.4964,94.538,6566.0
2020-01-05 20:00:00,94.5601,94.7293,94.5701,94.6497,476.0
2020-01-05 20:01:00,94.6251,94.6955,94.6503,94.6729,878.0
2020-01-05 20:02:00,94.6499,94.8085,94.6371,94.7228,5375.0
2020-01-05 20:03:00,94.6749,94.7119,94.6652,94.6886,3443.0
2020-01-05 20:04:00,94.6863,94.7263,94.6899,94.7081,6092.0
2020-01-05 20:05:00,94.7378,94.8004,94.7233,94.7618,3695.0
2020-01-05 20:06:00,94.7968,94.7214,94.6866,94.704,2599.0
2020-01-05 20:07:00,94.6363,94.7479,94.6446,94.6962,686.0
2020-01-05 20:08:00,94.6853,94.7261,94.6547,94.6904,7589.0
2020-01-05 20:09:00,94.79,94.8003,94.7458,94.773,9346.0
2020-01-05 20:10:00,94.6174,94.7147,94.6182,94.6664,3099.0
2020-01-05 20:11:00,94.6856,94.6708,94.6518,94.6613,6844.0
2020-01-05 20:12:00,94.8325,94.8687,94.8363,94.8525,8901.0
2020-01-05 20:13:00,94.9876,95.0187,94.9191,94.9689,9098.0
2020-01-05 20:14:00,95.0984,95.1694,95.0382,95.1038,2583.0
2020-01-05 20:15:00,95.0037,95.1309,95.0817,95.1063,5895.0
2020-01-05 20:16:00,95.2037,95.1945,95.0822,95.1384,8009.0
2020-01-05 20:17:00,95.3421,95.2425,95.2346,95.2386,2799.0
2020-01-05 20:18:00,95.3858,95.4175,95.3717,95.3946,7584.0
2020-01-05 20:19:00,95.1545,95.2072,95.1917,95.1994,9643.0
2020-01-05 20:20:00,95.1432,95.0707,95.0651,95.0679,208.0
2020-01-05 20:21:00,95.2934,95.211,95.1867,95.1988,8817.0
2020-01-05 20:22:00,95.1627,95.2976,95.0447,95.1712,1598.0
2020-01-05 20:23:00,95.0931,95.1574,95.0505,95.104,6197.0
2020-01-05 20:24:00,94.9746,95.0208,94.9363,94.9786,9241.0
2020-01-05 20:25:00,94.8393,94.9306,94.9155,94.9231,1767.0
2020-01-05 20:26:00,94.7683,94.7921,94.7735,94.7828,3284.0
2020-01-05 20:27:00,95.0777,95.0237,94.9601,94.9919,7553.0
2020-01-05 20:28:00,94.9813,95.0026,94.9768,94.9897,5047.0
2020-01-05 20:29:00,94.9319,95.0489,94.9189,94.9839,8897.0
2020-01-05 20:30:00,95.0675,95.1151,94.9704,95.0427,9916.0
2020-01-05 20:31:00,95.1056,95.2025,95.0753,95.1389,5017.0
2020-01-05 20:32:00,95.2302,95.2964,95.1706,95.2335,7528.0
2020-01-05 20:33:00,95.2775,95.3575,95.3243,95.3409,6961.0
2020-01-05 20:34:00,95.226,95.3076,95.248,95.2778,4502.0
2020-01-05 20:35:00,95.2849,95.255,95.2411,95.248,1157.0
2020-01-05 20:36:00,95.3307,95.3776,95.2723,95.3249,6412.0
2020-01-05 20:37:00,95.2334,95.3787,95.1657,95.2722,1468.0
2020-01-05 20:38:00,95.2777,95.3092,95.2341,95.2717,8202.0
2020-01-05 20:39:00,95.2812,95.3263,95.2968,95.3116,5838.0
2020-01-05 20:40:00,95.3509,95.4071,95.3731,95.3901,9963.0
2020-01-05 20:41:00,95.2705,95.2214,95.2032,95.2123,4733.0
2020-01-05 20:42:00,95.3229,95.3518,95.2158,95.2838,3838.0
2020-01-05 20:43:00,95.2593,95.2626,95.2582,95.2604,9219.0
2020-01-05 20:44:00,95.3384,95.3755,95.2868,95.3312,3725.0
2020-01-05 20:45:00,95.4084,95.4898,95.3279,95.4088,5300.0
2020-01-05 20:46:00,95.594,95.5953,95.544,95.5696,2836.0
2020-01-05 20:47:00,95.665,95.7173,95.6926,95.705,8996.0
2020-01-05 20:48:00,95.8828,95.8719,95.8073,95.8396,8574.0
2020-01-05 20:49:00,96.0017,96.0353,95.9327,95.984,3783.0
2020-01-05 20:50:00,96.0,96.0342,95.9921,96.0131,1070.0
2020-01-05 20:51:00,95.992,96.0231,96.0096,96.0164,588.0
2020-01-05 20:52:00,96.1457,96.1045,96.1028,96.1036,7561.0
2020-01-05 20:53:00,96.1693,96.1944,96.1593,96.1769,8461.0
2020-01-05 20:54:00,96.111,96.1577,96.1342,96.1459,7250.0
2020-01-05 20:55:00,96.1672,96.244,96.1289,96.1864,9884.0
2020-01-05 20:56:00,96.2214,96.24,96.1258,96.1829,8857.0
2020-01-05 20:57:00,96.017,96.122,96.0731,96.0975,9709.0
2020-01-05 20:58:00,96.2088,96.2352,96.218,96.2266,7455.0
2020-01-05 20:59:00,96.2856,96.2398,96.2244,96.2321,8676.0
2020-01-05 21:00:00,96.4286,96.4806,96.3934,96.437,3235.0
2020-01-05 21:01:00,96.2881,96.2769,96.2719,96.2744,4276.0
2020-01-05 21:02:00,96.2731,96.2427,96.1947,96.2187,7023.0
2020-01-05 21:03:00,96.2666,96.2578,96.1862,96.222,3356.0
2020-01-05 21:04:00,96.3137,96.361,96.3105,96.3357,7612.0
2020-01-05 21:05:00,96.3692,96.3906,96.3607,96.3757,8529.0
2020-01-05 21:06:00,96.452,96.4193,96.3942,96.4067,7563.0
2020-01-05 21:07:00,96.341,96.3006,96.2874,96.294,6542.0
2020-01-05 21:08:00,96.1739,96.1944,96.1622,96.1783,4932.0
2020-01-05 21:09:00,96.2079,96.2341,96.187,96.2106,2676.0
2020-01-05 21:10:00,96.0875,96.0782,96.0701,96.0742,2171.0
2020-01-05 21:11:00,96.0893,96.0407,96.0012,96.021,8623.0
2020-01-05 21:12:00,96.1244,96.0719,96.0702,96.0711,3229.0
2020-01-05 21:13:00,96.0075,96.053,95.8926,95.9728,4384.0
2020-01-05 21:14:00,96.0794,96.1349,96.1318,96.1334,3635.0
2020-01-05 21:15:00,96.242,96.2589,96.2526,96.2558,6465.0
2020-01-05 21:16:00,96.0875,96.1107,96.0865,96.0986,452.0
2020-01-05 21:17:00,96.0763,96.0351,95.9757,96.0054,3222.0
2020-01-05 21:18:00,95.7649,95.8366,95.717,95.7768,5307.0
2020-01-05 21:19:00,95.7612,95.7298,95.6673,95.6985,2131.0
2020-01-05 21:20:00,95.7466,95.7889,95.7615,95.7752,9151.0
2020-01-05 21:21:00,95.7092,95.7423,95.7252,95.7338,3026.0
2020-01-05 21:22:00,95.8039,95.7939,95.7658,95.7799,5925.0
2020-01-05 21:23:00,95.706,95.6279,95.6273,95.6276,4144.0
2020-01-05 21:24:00,95.6968,95.7299,95.685,95.7074,7981.0
2020-01-05 21:25:00,95.5238,95.7003,95.6035,95.6519,7691.0
2020-01-05 21:26:00,95.5749,95.6768,95.6294,95.6531,4720.0
2020-01-05 21:27:00,95.6587,95.674,95.6137,95.6438,1270.0
2020-01-05 21:28:00,95.443,95.5249,95.5085,95.5167,5740.0
2020-01-05 21:29:00,95.3581,95.4219,95.3809,95.4014,5017.0
2020-01-05 21:30:00,95.4988,95.5275,95.4688,95.4982,5345.0
2020-01-05 21:31:00,95.4156,95.5983,95.4779,95.5381,9897.0
2020-01-05 21:32:00,95.6241,95.7644,95.5218,95.6431,7406.0
2020-01-05 21:33:00,95.6173,95.7019,95.6491,95.6755,5901.0
2020-01-05 21:34:00,95.6149,95.721,95.6587,95.6898,6845.0
2020-01-05 21:35:00,95.4771,95.6142,95.4203,95.5172,8363.0
2020-01-05 21:36:00,95.4367,95.5297,95.4507,95.4902,2392.0
2020-01-05 21:37:00,95.5109,95.5025,95.4724,95.4875,4774.0
2020-01-05 21:38:00,95.7426,95.6861,95.6794,95.6828,9525.0
2020-01-05 21:39:00,95.7332,95.7931,95.7098,95.7515,293.0
2020-01-05 21:40:00,95.8753,95.9492,95.861,95.9051,9021.0
2020-01-05 21:41:00,95.9441,95.9931,95.9365,95.9648,8327.0
2020-01-05 21:42:00,95.8383,95.9194,95.868,95.8937,5297.0
2020-01-05 21:43:00,95.841,95.9575,95.8533,95.9054,7288.0
2020-01-05 21:44:00,95.8467,95.9951,95.863,95.929,8536.0
2020-01-05 21:45:00,95.7686,95.8844,95.7858,95.8351,3566.0
2020-01-05 21:46:00,95.8783,95.8027,95.7907,95.7967,5312.0
2020-01-05 21:47:00,95.7416,95.7868,95.7653,95.7761,8220.0
2020-01-05 21:48:00,95.7896,95.9778,95.8955,95.9367,6045.0
2020-01-05 21:49:00,95.6992,95.8018,95.6554,95.7286,5595.0
2020-01-05 21:50:00,95.7696,95.8973,95.801,95.8492,6419.0
2020-01-05 21:51:00,95.7585,95.7576,95.7534,95.7555,1881.0
2020-01-05 21:52:00,95.6159,95.6636,95.5729,95.6183,9507.0
2020-01-05 21:53:00,95.7391,95.7556,95.717,95.7363,715.0
2020-01-05 21:54:00,95.8074,95.8213,95.7976,95.8095,4263.0
2020-01-05 21:55:00,95.9163,95.9706,95.8992,95.9349,5374.0
2020-01-05 21:56:00,95.9422,96.0516,95.9784,96.015,8745.0
2020-01-05 21:57:00,96.2172,96.2608,96.1811,96.221,1631.0
2020-01-05 21:58:00,96.3278,96.2916,96.2621,96.2768,4661.0
2020-01-05 21:59:00,96.3519,96.2919,96.2305,96.2612,6671.0
2020-01-05 22:00:00,96.2836,96.3509,96.24,96.2955,1875.0
2020-01-05 22:01:00,96.4134,96.4251,96.4146,96.4198,7236.0
2020-01-05 22:02:00,96.3669,96.3676,96.3162,96.3419,9441.0
2020-01-05 22:03:00,96.3514,96.3438,96.2096,96.2767,3806.0
2020-01-05 22:04:00,96.2215,96.2785,96.2131,96.2458,5255.0
2020-01-05 22:05:00,96.07,96.0668,96.0039,96.0354,7505.0
2020-01-05 22:06:00,96.008,96.0521,96.0462,96.0492,5446.0
2020-01-05 22:07:00,95.877,95.9526,95.7685,95.8605,182.0
2020-01-05 22:08:00,95.9144,95.9223,95.8094,95.8659,9815.0
2020-01-05 22:09:00,95.8878,96.0903,95.8145,95.9524,6894.0
2020-01-05 22:10:00,95.8784,96.0039,95.8055,95.9047,5036.0
2020-01-05 22:11:00,96.1201,96.0988,96.046,96.0724,1207.0
2020-01-05 22:12:00,95.9572,95.9527,95.9,95.9264,2174.0
2020-01-05 22:13:00,96.0973,96.0774,96.0136,96.0455,7837.0
2020-01-05 22:14:00,96.1554,96.1204,96.1056,96.113,4574.0
2020-01-05 22:15:00,95.9243,96.068,95.8148,95.9414,8672.0
2020-01-05 22:16:00,96.3224,96.2478,96.1771,96.2125,736.0
2020-01-05 22:17:00,96.2129,96.2186,96.1936,96.2061,899.0
2020-01-05 22:18:00,95.9656,96.1206,96.1161,96.1183,4112.0
2020-01-05 22:19:00,95.9635,95.9787,95.9766,95.9776,382.0
2020-01-05 22:20:00,95.9322,95.9803,95.931,95.9556,4409.0
2020-01-05 22:21:00,95.9827,95.9443,95.9415,95.9429,9471.0
2020-01-05 22:22:00,95.9306,96.0469,95.8595,95.9532,2146.0
2020-01-05 22:23:00,95.9783,96.0332,95.8136,95.9234,6773.0
2020-01-05 22:24:00,96.0146,96.0467,95.9267,95.9867,954.0
2020-01-05 22:25:00,95.8979,96.0122,95.8837,95.9479,716.0
2020-01-05 22:26:00,95.7474,95.7717,95.7372,95.7544,3330.0
2020-01-05 22:27:00,95.7007,95.7513,95.7277,95.7395,2188.0
2020-01-05 22:28:00,95.512,95.5567,95.4488,95.5028,3973.0
2020-01-05 22:29:00,95.4991,95.6461,95.4302,95.5381,7772.0
2020-01-05 22:30:00,95.4439,95.4652,95.4153,95.4402,4714.0
2020-01-05 22:31:00,95.4429,95.5446,95.3685,95.4565,9320.0
2020-01-05 22:32:00,95.5803,95.6022,95.5737,95.588,1144.0
2020-01-05 22:33:00,95.5956,95.5167,95.4695,95.4931,745.0
2020-01-05 22:34:00,95.5812,95.6032,95.5952,95.5992,1040.0
2020-01-05 22:35:00,95.4591,95.5861,95.5256,95.5559,442.0
2020-01-05 22:36:00,95.782,95.7687,95.6936,95.7312,1766.0
2020-01-05 22:37:00,95.7451,95.7257,95.6637,95.6947,2564.0
2020-01-05 22:38:00,95.5117,95.6334,95.5879,95.6106,137.0
2020-01-05 22:39:00,95.6443,95.7069,95.6518,95.6793,4531.0
2020-01-05 22:40:00,95.6576,95.6446,95.6269,95.6358,350.0
2020-01-05 22:41:00,95.5778,95.5802,95.523,95.5516,5107.0
2020-01-05 22:42:00,95.5036,95.5098,95.4979,95.5038,7338.0
2020-01-05 22:43:00,95.5003,95.5244,95.4743,95.4994,363.0
2020-01-05 22:44:00,95.5867,95.7424,95.5248,95.6336,6627.0
2020-01-05 22:45:00,95.3202,95.4599,95.4205,95.4402,5986.0
2020-01-05 22:46:00,95.545,95.4579,95.427,95.4425,9706.0
2020-01-05 22:47:00,95.4565,95.5081,95.5019,95.505,5205.0
2020-01-05 22:48:00,95.5332,95.5318,95.5169,95.5243,1721.0
2020-01-05 22:49:00,95.6474,95.7836,95.527,95.6553,1853.0
2020-01-05 22:50:00,95.6927,95.6699,95.6259,95.6479,8853.0
2020-01-05 22:51:00,95.6352,95.7189,95.54,95.6294,3682.0
2020-01-05 22:52:00,95.6963,95.6893,95.688,95.6887,1257.0
2020-01-05 22:53:00,95.5669,95.714,95.6832,95.6986,5608.0
2020-01-05 22:54:00,95.6179,95.6604,95.6587,95.6595,4256.0
2020-01-05 22:55:00,95.7484,95.7289,95.6934,95.7112,3935.0
2020-01-05 22:56:00,95.6786,95.6788,95.613,95.6459,5961.0
2020-01-05 22:57:00,95.5372,95.5962,95.5733,95.5848,3203.0
2020-01-05 22:58:00,95.4531,95.5532,95.5107,95.532,4852.0
2020-01-05 22:59:00,95.6736,95.7511,95.5835,95.6673,1145.0
2020-01-05 23:00:00,95.1999,95.3955,95.2949,95.3452,8115.0
2020-01-05 23:01:00,95.3273,95.5018,95.2677,95.3848,2957.0
2020-01-05 23:02:00,95.4762,95.421,95.3553,95.3882,1202.0
2020-01-05 23:03:00,95.2924,95.3039,95.1363,95.2201,7403.0
2020-01-05 23:04:00,95.2754,95.2906,95.2115,95.2511,6545.0
2020-01-05 23:05:00,95.314,95.3163,95.281,95.2986,6102.0
2020-01-05 23:06:00,95.2601,95.3942,95.321,95.3576,8678.0
2020-01-05 23:07:00,95.0554,95.118,95.0669,95.0924,1712.0
2020-01-05 23:08:00,95.2143,95.2335,95.2247,95.2291,1665.0
2020-01-05 23:09:00,95.1193,95.2008,95.1098,95.1553,3455.0
2020-01-05 23:10:00,95.2064,95.2595,95.1884,95.2239,2607.0
2020-01-05 23:11:00,95.363,95.3815,95.2146,95.2981,2300.0
2020-01-05 23:12:00,95.1833,95.2796,95.1412,95.2104,4104.0
2020-01-05 23:13:00,95.2594,95.3734,95.1794,95.2764,5910.0
2020-01-05 23:14:00,95.2749,95.2879,95.1878,95.2379,9098.0
2020-01-05 23:15:00,94.9598,95.0352,95.0263,95.0307,3883.0
2020-01-05 23:16:00,95.1055,95.1677,95.1274,95.1475,740.0
2020-01-05 23:17:00,95.0331,95.0954,95.0447,95.07,6025.0
2020-01-05 23:18:00,94.9873,94.9914,94.9778,94.9846,4186.0
2020-01-05 23:19:00,94.927,94.9467,94.9418,94.9443,2199.0
2020-01-05 23:20:00,94.9558,95.0342,94.9087,94.9715,7967.0
2020-01-05 23:21:00,94.9325,95.0642,94.8673,94.9658,7998.0
2020-01-05 23:22:00,94.967,95.0305,95.0106,95.0206,8533.0
2020-01-05 23:23:00,94.9171,94.9289,94.8443,94.8866,5889.0
2020-01-05 23:24:00,94.7955,94.8397,94.7851,94.8124,3849.0
2020-01-05 23:25:00,94.8317,94.8099,94.7916,94.8008,4846.0
2020-01-05 23:26:00,94.935,95.0421,94.9391,94.9906,9726.0
2020-01-05 23:27:00,94.9459,95.0381,94.9202,94.9792,7295.0
2020-01-05 23:28:00,95.0766,95.1926,94.9828,95.0877,1533.0
2020-01-05 23:29:00,95.0852,95.1067,95.0764,95.0916,6602.0
2020-01-05 23:30:00,95.0809,95.0849,95.0015,95.0432,9731.0
2020-01-05 23:31:00,94.997,95.0594,94.9777,95.0185,4377.0
2020-01-05 23:32:00,95.039,95.0606,94.9428,95.0017,4987.0
2020-01-05 23:33:00,95.0808,95.1168,95.0072,95.062,8203.0
2020-01-05 23:34:00,95.1942,95.2397,95.1594,95.1995,6033.0
2020-01-05 23:35:00,95.1879,95.3182,95.1527,95.2355,7607.0
2020-01-05 23:36:00,95.392,95.3668,95.3415,95.3542,4548.0
2020-01-05 23:37:00,95.2114,95.3798,95.1356,95.2577,8768.0
2020-01-05 23:38:00,95.2152,95.2767,95.1557,95.2162,9610.0
2020-01-05 23:39:00,95.1411,95.1591,95.1285,95.1438,5428.0
2020-01-05 23:40:00,95.1649,95.2677,95.0828,95.1753,5294.0
2020-01-05 23:41:00,95.1199,95.1552,95.1235,95.1394,5450.0
2020-01-05 23:42:00,95.1712,95.2384,95.1863,95.2123,5796.0
2020-01-05 23:43:00,95.0384,95.1394,95.099,95.1192,3757.0
2020-01-05 23:44:00,95.1937,95.2135,95.0336,95.1235,9580.0
2020-01-05 23:45:00,95.1676,95.2349,95.1496,95.1922,368.0
2020-01-05 23:46:00,94.9793,94.988,94.9834,94.9857,3035.0
2020-01-05 23:47:00,95.1911,95.2328,95.1629,95.1979,9313.0
2020-01-05 23:48:00,95.2243,95.2467,95.0924,95.1695,189.0
2020-01-05 23:49:00,95.0637,95.0113,94.9228,94.967,2025.0
2020-01-05 23:50:00,94.9908,95.006,94.9597,94.9828,3347.0
2020-01-05 23:51:00,94.9783,95.0004,94.972,94.9862,1248.0
2020-01-05 23:52:00,94.9218,94.9993,94.9567,94.978,9894.0
2020-01-05 23:53:00,95.0049,95.1114,95.0428,95.0771,5397.0
2020-01-05 23:54:00,95.0632,95.2021,95.1016,95.1519,8296.0
2020-01-05 23:55:00,95.1419,95.1835,95.1798,95.1817,6032.0
2020-01-05 23:56:00,95.1221,95.2847,95.1686,95.2267,3161.0
2020-01-05 23:57:00,95.2702,95.2966,95.1358,95.2162,530.0
2020-01-05 23:58:00,95.4149,95.4336,95.354,95.3938,8681.0
2020-01-05 23:59:00,95.2333,95.2473,95.2444,95.2459,8115.0
2020-01-06 00:00:00,95.3153,95.2733,95.2463,95.2598,3642.0
2020-01-06 00:01:00,95.2128,95.2669,95.2657,95.2663,1473.0
2020-01-06 00:02:00,95.3067,95.399,95.2964,95.3477,4939.0
2020-01-06 00:03:00,95.1666,95.2645,95.262,95.2633,4279.0
2020-01-06 00:04:00,95.1276,95.1556,95.0222,95.0889,552.0
2020-01-06 00:05:00,95.0641,95.1108,95.0984,95.1046,8614.0
2020-01-06 00:06:00,95.1335,95.2145,95.0509,95.1327,4114.0
2020-01-06 00:07:00,95.3318,95.3228,95.2405,95.2817,6149.0
2020-01-06 00:08:00,95.2232,95.2008,95.1085,95.1546,5758.0
2020-01-06 00:09:00,95.2686,95.2737,95.2665,95.2701,9420.0
2020-01-06 00:10:00,95.5261,95.5486,95.4651,95.5068,9401.0
2020-01-06 00:11:00,95.4239,95.4722,95.4659,95.4691,2650.0
2020-01-06 00:12:00,95.4241,95.392,95.2879,95.34,8797.0
2020-01-06 00:13:00,95.291,95.3319,95.2666,95.2993,7128.0
2020-01-06 00:14:00,95.3047,95.4249,95.1765,95.3007,9471.0
2020-01-06 00:15:00,95.3367,95.4167,95.2974,95.3571,595.0
2020-01-06 00:16:00,95.3579,95.3081,95.2877,95.2979,5136.0
2020-01-06 00:17:00,95.4634,95.4873,95.4196,95.4534,7237.0
2020-01-06 00:18:00,95.38,95.3521,95.3319,95.342,485.0
2020-01-06 00:19:00,95.1858,95.2244,95.1117,95.1681,3714.0
2020-01-06 00:20:00,95.2677,95.344,95.2134,95.2787,4871.0
2020-01-06 00:21:00,95.0977,95.1017,95.0008,95.0513,7380.0
2020-01-06 00:22:00,95.0481,95.0429,95.0188,95.0309,1996.0
2020-01-06 00:23:00,95.2946,95.3563,95.3289,95.3426,7108.0
2020-01-06 00:24:00,95.292,95.4035,95.2794,95.3414,3617.0
2020-01-06 00:25:00,95.2368,95.2717,95.187,95.2293,910.0
2020-01-06 00:26:00,95.269,95.2968,95.1505,95.2236,982.0
2020-01-06 00:27:00,95.3005,95.2307,95.2063,95.2185,9694.0
2020-01-06 00:28:00,95.1457,95.243,95.2262,95.2346,3894.0
2020-01-06 00:29:00,95.3021,95.3565,95.2452,95.3008,9580.0
2020-01-06 00:30:00,95.2214,95.2485,95.1454,95.1969,5407.0
2020-01-06 00:31:00,95.3804,95.4316,95.2997,95.3657,9189.0
2020-01-06 00:32:00,95.4406,95.4461,95.3343,95.3902,8221.0
2020-01-06 00:33:00,95.4956,95.5021,95.4236,95.4629,9508.0
2020-01-06 00:34:00,95.3508,95.4557,95.3443,95.4,5329.0
2020-01-06 00:35:00,95.4779,95.5583,95.4991,95.5287,3055.0
2020-01-06 00:36:00,95.5186,95.579,95.4269,95.503,3053.0
2020-01-06 00:37:00,95.5802,95.5574,95.5041,95.5307,3670.0
2020-01-06 00:38:00,95.4446,95.4648,95.4101,95.4374,5842.0
2020-01-06 00:39:00,95.2588,95.4272,95.2482,95.3377,5284.0
2020-01-06 00:40:00,95.3542,95.4214,95.3917,95.4065,1188.0
2020-01-06 00:41:00,95.3968,95.3702,95.3542,95.3622,416.0
2020-01-06 00:42:00,95.2594,95.2953,95.2583,95.2768,6338.0
2020-01-06 00:43:00,95.2184,95.292,95.1329,95.2125,8070.0
2020-01-06 00:44:00,95.3356,95.3003,95.2644,95.2824,494.0
2020-01-06 00:45:00,95.1594,95.2399,95.199,95.2195,5415.0
2020-01-06 00:46:00,95.187,95.2474,95.168,95.2077,9865.0
2020-01-06 00:47:00,95.1831,95.2129,95.2055,95.2092,1162.0
2020-01-06 00:48:00,95.0352,95.0664,94.9686,95.0175,2523.0
2020-01-06 00:49:00,94.909,94.9218,94.8189,94.8704,4651.0
2020-01-06 00:50:00,94.83,94.9944,94.8136,94.904,4471.0
2020-01-06 00:51:00,94.83,94.8373,94.8233,94.8303,5774.0
2020-01-06 00:52:00,94.9794,94.9665,94.9055,94.936,3681.0
2020-01-06 00:53:00,94.9399,95.0497,95.0155,95.0326,6648.0
2020-01-06 00:54:00,95.1013,95.1404,95.0687,95.1046,4358.0
2020-01-06 00:55:00,95.2257,95.3195,95.2535,95.2865,9934.0
2020-01-06 00:56:00,95.2461,95.3225,95.2339,95.2782,4995.0
2020-01-06 00:57:00,95.2179,95.3442,95.342,95.3431,7047.0
2020-01-06 00:58:00,95.3543,95.3173,95.2521,95.2847,7884.0
2020-01-06 00:59:00,95.5121,95.5531,95.5068,95.5299,7336.0
2020-01-06 01:00:00,95.6879,95.762,95.6945,95.7283,5328.0
2020-01-06 01:01:00,95.7459,95.7893,95.6696,95.7295,1642.0
2020-01-06 01:02:00,95.716,95.7725,95.7638,95.7681,2999.0
2020-01-06 01:03:00,95.8472,95.9412,95.8669,95.904,1578.0
2020-01-06 01:04:00,95.9649,95.9658,95.8129,95.8893,9303.0
2020-01-06 01:05:00,95.9141,95.8795,95.7678,95.8237,9723.0
2020-01-06 01:06:00,95.8815,95.9671,95.8551,95.9111,8748.0
2020-01-06 01:07:00,95.9723,95.9285,95.9093,95.9189,5110.0
2020-01-06 01:08:00,95.955,95.9769,95.8975,95.9372,4151.0
2020-01-06 01:09:00,95.7831,95.8645,95.8431,95.8538,3676.0
2020-01-06 01:10:00,95.6356,95.7425,95.6216,95.682,7935.0
2020-01-06 01:11:00,95.7832,95.7208,95.6905,95.7056,8195.0
2020-01-06 01:12:00,95.7248,95.8089,95.7833,95.7961,6753.0
2020-01-06 01:13:00,95.8876,95.8027,95.7444,95.7736,2392.0
2020-01-06 01:14:00,95.8886,95.9236,95.9108,95.9172,4979.0
2020-01-06 01:15:00,95.9258,95.8849,95.8087,95.8468,7305.0
2020-01-06 01:16:00,95.7261,95.7742,95.7085,95.7413,1238.0
2020-01-06 01:17:00,95.7746,95.8003,95.6689,95.7346,2645.0
2020-01-06 01:18:00,95.7961,95.7993,95.6534,95.7263,9652.0
2020-01-06 01:19:00,95.8728,95.8149,95.7918,95.8033,3290.0
2020-01-06 01:20:00,95.6966,95.7381,95.7136,95.7258,8347.0
2020-01-06 01:21:00,95.8198,95.8906,95.8347,95.8627,4619.0
2020-01-06 01:22:00,96.0553,96.0889,96.0298,96.0594,5077.0
2020-01-06 01:23:00,95.9904,96.1259,95.985,96.0554,6804.0
2020-01-06 01:24:00,96.1924,96.2216,96.1392,96.1804,6291.0
2020-01-06 01:25:00,96.0337,96.0899,96.0596,96.0748,5865.0
2020-01-06 01:26:00,96.2364,96.214,96.1505,96.1823,8529.0
2020-01-06 01:27:00,96.2585,96.3245,96.2495,96.287,3139.0
2020-01-06 01:28:00,96.2862,96.3901,96.3566,96.3734,8680.0
2020-01-06 01:29:00,96.4418,96.4367,96.3069,96.3718,8976.0
2020-01-06 01:30:00,96.0855,96.1625,95.9903,96.0764,4083.0
2020-01-06 01:31:00,96.0137,96.0865,95.9379,96.0122,286.0
2020-01-06 01:32:00,96.0043,95.9722,95.927,95.9496,3528.0
2020-01-06 01:33:00,95.8954,95.863,95.8406,95.8518,7858.0
2020-01-06 01:34:00,95.8259,95.8739,95.8541,95.864,6854.0
2020-01-06 01:35:00,95.7996,95.86,95.7842,95.8221,3488.0
2020-01-06 01:36:00,95.684,95.8275,95.6518,95.7396,5169.0
2020-01-06 01:37:00,95.5605,95.6623,95.6052,95.6338,3034.0
2020-01-06 01:38:00,95.5911,95.6181,95.5063,95.5622,4471.0
2020-01-06 01:39:00,95.694,95.7517,95.597,95.6744,7034.0
2020-01-06 01:40:00,95.6463,95.6976,95.5189,95.6083,6087.0
2020-01-06 01:41:00,95.6208,95.6072,95.5063,95.5568,6959.0
2020-01-06 01:42:00,95.5498,95.5234,95.4988,95.5111,4069.0
2020-01-06 01:43:00,95.5882,95.623,95.467,95.545,2851.0
2020-01-06 01:44:00,95.4867,95.6462,95.535,95.5906,8273.0
2020-01-06 01:45:00,95.2708,95.329,95.2433,95.2862,1675.0
2020-01-06 01:46:00,95.4366,95.4171,95.3596,95.3883,6603.0
2020-01-06 01:47:00,95.4735,95.5959,95.468,95.532,1359.0
2020-01-06 01:48:00,95.4315,95.4994,95.3545,95.4269,1156.0
2020-01-06 01:49:00,95.3557,95.3354,95.3241,95.3297,5760.0
2020-01-06 01:50:00,95.3068,95.3072,95.2622,95.2847,8836.0
2020-01-06 01:51:00,95.2275,95.3221,95.0961,95.2091,6343.0
2020-01-06 01:52:00,95.2614,95.2675,95.1954,95.2315,6900.0
2020-01-06 01:53:00,95.0459,95.0496,95.024,95.0368,429.0
2020-01-06 01:54:00,94.8519,94.9932,94.8569,94.925,2269.0
2020-01-06 01:55:00,95.1043,95.094,95.0639,95.079,9870.0
2020-01-06 01:56:00,95.0004,95.0114,94.9608,94.9861,3106.0
2020-01-06 01:57:00,95.038,95.1145,95.1065,95.1105,5940.0
2020-01-06 01:58:00,95.215,95.1979,95.0941,95.146,7245.0
2020-01-06 01:59:00,94.9918,95.0647,94.8655,94.9651,2623.0
2020-01-06 02:00:00,94.9596,95.043,95.0142,95.0286,4322.0
2020-01-06 02:01:00,94.976,95.086,94.9477,95.0168,3015.0
2020-01-06 02:02:00,94.9431,94.9969,94.9457,94.9713,5774.0
2020-01-06 02:03:00,94.9676,95.0731,94.9185,94.9958,2056.0
2020-01-06 02:04:00,95.0579,95.114,94.9725,95.0433,6289.0
2020-01-06 02:05:00,95.0652,95.1173,95.1107,95.114,2172.0
2020-01-06 02:06:00,95.2882,95.2603,95.2034,95.2318,972.0
2020-01-06 02:07:00,95.3249,95.287,95.2583,95.2727,7597.0
2020-01-06 02:08:00,95.1661,95.2683,95.0019,95.1351,6104.0
2020-01-06 02:09:00,95.0899,95.1814,94.994,95.0877,6537.0
2020-01-06 02:10:00,95.4289,95.3883,95.3758,95.382,7433.0
2020-01-06 02:11:00,95.4407,95.4849,95.4241,95.4545,8548.0
2020-01-06 02:12:00,95.6552,95.6973,95.6856,95.6914,5017.0
2020-01-06 02:13:00,95.8905,95.8431,95.8188,95.831,4132.0
2020-01-06 02:14:00,95.871,95.9173,95.793,95.8551,3360.0
2020-01-06 02:15:00,95.8511,95.8893,95.8813,95.8853,7266.0
2020-01-06 02:16:00,95.8607,95.9477,95.8155,95.8816,8985.0
2020-01-06 02:17:00,95.671,95.7978,95.6179,95.7078,7542.0
2020-01-06 02:18:00,95.8107,95.751,95.6683,95.7096,4137.0
2020-01-06 02:19:00,95.8309,95.8994,95.762,95.8307,7301.0
2020-01-06 02:20:00,95.7786,95.7988,95.7427,95.7707,655.0
2020-01-06 02:21:00,95.848,95.8966,95.7272,95.8119,5709.0
2020-01-06 02:22:00,95.8363,95.9316,95.8626,95.8971,6742.0
2020-01-06 02:23:00,95.861,95.8282,95.7841,95.8061,9569.0
2020-01-06 02:24:00,95.7306,95.7763,95.7457,95.761,5328.0
2020-01-06 02:25:00,95.7507,95.6746,95.6439,95.6592,9239.0
2020-01-06 02:26:00,95.5614,95.6079,95.5461,95.577,4680.0
2020-01-06 02:27:00,95.5001,95.4832,95.4133,95.4482,4473.0
2020-01-06 02:28:00,95.2333,95.4006,95.3157,95.3582,497.0
2020-01-06 02:29:00,95.4414,95.5034,95.4969,95.5001,321.0
2020-01-06 02:30:00,95.3939,95.4766,95.3406,95.4086,2465.0
2020-01-06 02:31:00,95.3197,95.4414,95.4011,95.4212,1877.0
2020-01-06 02:32:00,95.401,95.392,95.3498,95.3709,4160.0
2020-01-06 02:33:00,95.5045,95.4997,95.478,95.4888,4054.0
2020-01-06 02:34:00,95.5704,95.7133,95.5266,95.6199,5828.0
2020-01-06 02:35:00,95.7056,95.7846,95.6282,95.7064,874.0
2020-01-06 02:36:00,95.7773,95.8478,95.6261,95.737,439.0
2020-01-06 02:37:00,95.6087,95.7504,95.6773,95.7139,106.0
2020-01-06 02:38:00,95.531,95.6302,95.5592,95.5947,1396.0
2020-01-06 02:39:00,95.7723,95.8418,95.7362,95.789,387.0
2020-01-06 02:40:00,95.7142,95.7621,95.664,95.7131,992.0
2020-01-06 02:41:00,95.7765,95.827,95.7319,95.7794,7090.0
2020-01-06 02:42:00,95.9298,95.9085,95.8623,95.8854,9008.0
2020-01-06 02:43:00,95.8537,95.8487,95.811,95.8299,4379.0
2020-01-06 02:44:00,95.9685,95.9727,95.8946,95.9337,1953.0
2020-01-06 02:45:00,95.9406,96.0313,95.9888,96.0101,669.0
2020-01-06 02:46:00,96.1901,96.2018,96.1639,96.1829,4818.0
2020-01-06 02:47:00,96.1206,96.1764,96.0954,96.1359,8934.0
2020-01-06 02:48:00,96.0805,96.0746,95.9401,96.0074,3772.0
2020-01-06 02:49:00,95.9655,96.0639,95.8497,95.9568,7091.0
2020-01-06 02:50:00,95.9442,95.9994,95.956,95.9777,6873.0
2020-01-06 02:51:00,96.0261,96.0301,95.937,95.9835,2651.0
2020-01-06 02:52:00,95.9723,95.9569,95.9314,95.9442,209.0
2020-01-06 02:53:00,95.7122,95.7961,95.7104,95.7532,3750.0
2020-01-06 02:54:00,95.7829,95.9011,95.6995,95.8003,3319.0
2020-01-06 02:55:00,95.981,96.0133,95.9818,95.9975,831.0
2020-01-06 02:56:00,96.1053,96.0766,96.0113,96.044,5793.0
2020-01-06 02:57:00,96.115,96.1724,96.0373,96.1049,8859.0
2020-01-06 02:58:00,96.1985,96.2052,96.119,96.1621,5656.0
2020-01-06 02:59:00,96.1772,96.2074,96.1962,96.2018,7204.0
2020-01-06 03:00:00,96.3117,96.4485,96.1414,96.295,9649.0
2020-01-06 03:01:00,96.3997,96.4434,96.2257,96.3345,7363.0
2020-01-06 03:02:00,96.2852,96.3717,96.2348,96.3033,1171.0
2020-01-06 03:03:00,96.2294,96.2434,96.2039,96.2237,8073.0
2020-01-06 03:04:00,96.1306,96.2796,96.1179,96.1988,7545.0
2020-01-06 03:05:00,96.1919,96.2565,96.2038,96.2302,5171.0
2020-01-06 03:06:00,96.1818,96.2124,96.1847,96.1986,7470.0
2020-01-06 03:07:00,96.177,96.2819,96.1781,96.23,2346.0
2020-01-06 03:08:00,96.34,96.36,96.1878,96.2739,2020.0
2020-01-06 03:09:00,96.3153,96.4283,96.2861,96.3572,6112.0
2020-01-06 03:10:00,96.5248,96.5338,96.4372,96.4855,8415.0
2020-01-06 03:11:00,96.5026,96.5498,96.4368,96.4933,6443.0
2020-01-06 03:12:00,96.3641,96.3821,96.343,96.3625,174.0
2020-01-06 03:13:00,96.4023,96.3607,96.2953,96.328,2088.0
2020-01-06 03:14:00,96.2194,96.343,96.3218,96.3324,8448.0
2020-01-06 03:15:00,96.139,96.1843,96.1134,96.1488,7387.0
2020-01-06 03:16:00,96.2337,96.2896,96.2859,96.2877,3183.0
2020-01-06 03:17:00,96.2039,96.3384,96.2655,96.302,3918.0
2020-01-06 03:18:00,96.2804,96.3915,96.2887,96.3401,3791.0
2020-01-06 03:19:00,96.4775,96.5006,96.4527,96.4766,5339.0
2020-01-06 03:20:00,96.3774,96.4451,96.3822,96.4136,8374.0
2020-01-06 03:21:00,96.5159,96.4804,96.4617,96.471,3165.0
2020-01-06 03:22:00,96.4494,96.5284,96.3917,96.46,8054.0
2020-01-06 03:23:00,96.4254,96.4547,96.4286,96.4416,2333.0
2020-01-06 03:24:00,96.3484,96.3796,96.3493,96.3644,2190.0
2020-01-06 03:25:00,96.5261,96.564,96.498,96.531,5728.0
2020-01-06 03:26:00,96.4725,96.5,96.4868,96.4934,4268.0
2020-01-06 03:27:00,96.5208,96.5676,96.5591,96.5634,4112.0
2020-01-06 03:28:00,96.4253,96.5019,96.2499,96.3759,1977.0
2020-01-06 03:29:00,96.4627,96.4947,96.493,96.4939,7286.0
2020-01-06 03:30:00,96.5799,96.6905,96.5077,96.5991,6408.0
2020-01-06 03:31:00,96.6303,96.6699,96.5478,96.6088,2414.0
2020-01-06 03:32:00,96.6021,96.6529,96.5194,96.5861,9755.0
2020-01-06 03:33:00,96.5815,96.6783,96.574,96.6261,5347.0
2020-01-06 03:34:00,96.8928,96.8825,96.8276,96.855,4092.0
2020-01-06 03:35:00,96.7056,96.703,96.6544,96.6787,3014.0
2020-01-06 03:36:00,96.7658,96.7901,96.7237,96.7569,9633.0
2020-01-06 03:37:00,96.6442,96.6769,96.6546,96.6657,4034.0
2020-01-06 03:38:00,96.6434,96.7588,96.5687,96.6637,2801.0
2020-01-06 03:39:00,96.6289,96.6431,96.6348,96.639,4144.0
2020-01-06 03:40:00,96.5345,96.612,96.5802,96.5961,133.0
2020-01-06 03:41:00,96.5931,96.6115,96.5787,96.5951,2245.0
2020-01-06 03:42:00,96.5263,96.4847,96.4786,96.4817,6559.0
2020-01-06 03:43:00,96.6284,96.5941,96.5751,96.5846,7587.0
2020-01-06 03:44:00,96.3861,96.4434,96.3669,96.4052,9571.0
2020-01-06 03:45:00,96.5123,96.5379,96.3804,96.4591,5773.0
2020-01-06 03:46:00,96.5218,96.4387,96.4143,96.4265,504.0
2020-01-06 03:47:00,96.2936,96.3848,96.234,96.3094,4811.0
2020-01-06 03:48:00,96.3642,96.4005,96.2588,96.3296,2024.0
2020-01-06 03:49:00,96.0608,96.2165,96.1314,96.1739,7721.0
2020-01-06 03:50:00,96.115,96.2048,96.1511,96.1779,981.0
2020-01-06 03:51:00,96.0402,96.1184,95.9529,96.0356,6123.0
2020-01-06 03:52:00,96.0314,96.1776,95.9859,96.0818,3002.0
2020-01-06 03:53:00,96.0913,95.9958,95.9829,95.9893,9889.0
2020-01-06 03:54:00,95.9741,95.9927,95.8957,95.9442,1345.0
2020-01-06 03:55:00,96.0219,95.9871,95.9601,95.9736,8731.0
2020-01-06 03:56:00,95.8949,96.0512,95.7415,95.8964,5467.0
2020-01-06 03:57:00,95.8404,95.969,95.8121,95.8906,215.0
2020-01-06 03:58:00,95.7132,95.7627,95.7157,95.7392,4600.0
2020-01-06 03:59:00,95.815,95.8729,95.7316,95.8023,9570.0
2020-01-06 04:00:00,95.9469,95.985,95.9725,95.9788,396.0
2020-01-06 04:01:00,96.2915,96.3181,96.1978,96.258,7792.0
2020-01-06 04:02:00,96.3027,96.2725,96.2617,96.2671,3048.0
2020-01-06 04:03:00,96.3462,96.4434,96.2484,96.3459,8227.0
2020-01-06 04:04:00,96.0766,96.1987,96.137,96.1679,2705.0
2020-01-06 04:05:00,96.4039,96.3792,96.257,96.3181,6577.0
2020-01-06 04:06:00,96.3851,96.4149,96.3766,96.3957,8021.0
2020-01-06 04:07:00,96.4828,96.3541,96.3406,96.3474,1194.0
2020-01-06 04:08:00,96.5037,96.4792,96.4629,96.4711,5201.0
2020-01-06 04:09:00,96.4351,96.4547,96.4366,96.4456,1174.0
2020-01-06 04:10:00,96.4222,96.4017,96.3979,96.3998,115.0
2020-01-06 04:11:00,96.3464,96.4858,96.409,96.4474,1627.0
2020-01-06 04:12:00,96.3923,96.4027,96.2794,96.341,8342.0
2020-01-06 04:13:00,96.5715,96.4839,96.4025,96.4432,3299.0
2020-01-06 04:14:00,96.2331,96.3531,96.3221,96.3376,9895.0
2020-01-06 04:15:00,96.2182,96.2777,96.1875,96.2326,7900.0
2020-01-06 04:16:00,96.1363,96.2127,96.0705,96.1416,2092.0
2020-01-06 04:17:00,96.2613,96.3161,96.119,96.2176,3053.0
2020-01-06 04:18:00,96.2612,96.1672,96.1446,96.1559,6571.0
2020-01-06 04:19:00,96.0402,96.0459,95.9963,96.0211,5922.0
2020-01-06 04:20:00,96.0676,95.9966,95.9244,95.9605,1031.0
2020-01-06 04:21:00,95.9658,95.9862,95.9284,95.9573,2115.0
2020-01-06 04:22:00,95.8618,95.8772,95.8012,95.8392,6544.0
2020-01-06 04:23:00,95.7405,95.7674,95.6807,95.724,7518.0
2020-01-06 04:24:00,95.9962,95.9698,95.9005,95.9352,6505.0
2020-01-06 04:25:00,95.828,95.9081,95.7901,95.8491,2238.0
2020-01-06 04:26:00,95.8577,95.8301,95.8035,95.8168,4389.0
2020-01-06 04:27:00,95.7186,95.8254,95.7348,95.7801,3500.0
2020-01-06 04:28:00,95.7237,95.8107,95.6652,95.738,9379.0
2020-01-06 04:29:00,95.7683,95.8436,95.7566,95.8001,8517.0
2020-01-06 04:30:00,95.8993,95.9209,95.8689,95.8949,8736.0
2020-01-06 04:31:00,95.8485,95.8737,95.8549,95.8643,2002.0
2020-01-06 04:32:00,95.7973,95.8161,95.6653,95.7407,3703.0
2020-01-06 04:33:00,95.8242,95.9052,95.831,95.8681,9774.0
2020-01-06 04:34:00,95.772,95.8964,95.8208,95.8586,5552.0
2020-01-06 04:35:00,95.9637,96.161,95.9022,96.0316,8536.0
2020-01-06 04:36:00,95.8568,95.9059,95.7082,95.807,4148.0
2020-01-06 04:37:00,95.7781,95.8366,95.8165,95.8266,904.0
2020-01-06 04:38:00,96.0383,96.0391,95.9978,96.0184,8143.0
2020-01-06 04:39:00,95.9684,96.0139,95.9523,95.9831,9223.0
2020-01-06 04:40:00,96.0018,96.003,95.9181,95.9606,1860.0
2020-01-06 04:41:00,95.9786,96.0335,95.9468,95.9901,6405.0
2020-01-06 04:42:00,96.0725,95.9419,95.9265,95.9342,8098.0
2020-01-06 04:43:00,95.9979,95.9291,95.8769,95.903,8316.0
2020-01-06 04:44:00,95.8535,95.9302,95.8083,95.8693,4495.0
2020-01-06 04:45:00,95.7839,95.8403,95.7727,95.8065,5444.0
2020-01-06 04:46:00,96.086,95.947,95.9118,95.9294,8365.0
2020-01-06 04:47:00,95.9216,96.0228,95.9282,95.9755,7981.0
2020-01-06 04:48:00,95.9978,96.052,95.9492,96.0006,8082.0
2020-01-06 04:49:00,96.0825,96.0849,96.078,96.0814,7556.0
2020-01-06 04:50:00,96.0549,96.1461,95.9639,96.055,4287.0
2020-01-06 04:51:00,95.8906,96.032,95.9232,95.9776,1510.0
2020-01-06 04:52:00,95.9421,95.9364,95.8982,95.9173,3712.0
2020-01-06 04:53:00,95.869,95.967,95.8679,95.9175,7439.0
2020-01-06 04:54:00,95.8834,95.8388,95.7843,95.8116,4880.0
2020-01-06 04:55:00,95.6887,95.7862,95.7369,95.7615,4567.0
2020-01-06 04:56:00,95.7129,95.7389,95.681,95.7099,5455.0
2020-01-06 04:57:00,95.8116,95.9635,95.8812,95.9224,9357.0
2020-01-06 04:58:00,95.5373,95.6558,95.6342,95.645,4095.0
2020-01-06 04:59:00,95.5851,95.6488,95.6053,95.627,6968.0
2020-01-06 05:00:00,95.7647,95.8617,95.7376,95.7996,8902.0
2020-01-06 05:01:00,95.8851,95.8278,95.7958,95.8118,7745.0
2020-01-06 05:02:00,95.8851,95.9641,95.8102,95.8871,4315.0
2020-01-06 05:03:00,95.9617,95.9427,95.8516,95.8971,1938.0
2020-01-06 05:04:00,95.8114,95.8566,95.8042,95.8304,5748.0
2020-01-06 05:05:00,95.6365,95.6708,95.5415,95.6062,6784.0
2020-01-06 05:06:00,95.5905,95.6399,95.6135,95.6267,7044.0
2020-01-06 05:07:00,95.5095,95.5689,95.5294,95.5492,7395.0
2020-01-06 05:08:00,95.3781,95.4831,95.4552,95.4691,3673.0
2020-01-06 05:09:00,95.436,95.4749,95.3636,95.4192,7714.0
2020-01-06 05:10:00,95.6068,95.6165,95.571,95.5937,5799.0
2020-01-06 05:11:00,95.8731,95.9253,95.7431,95.8342,8285.0
2020-01-06 05:12:00,95.8667,95.9103,95.8016,95.8559,7252.0
2020-01-06 05:13:00,95.9108,95.8356,95.7833,95.8095,6282.0
2020-01-06 05:14:00,95.7005,95.743,95.6404,95.6917,572.0
2020-01-06 05:15:00,95.7882,95.7476,95.7296,95.7386,9448.0
2020-01-06 05:16:00,95.9007,95.9205,95.9133,95.9169,4519.0
2020-01-06 05:17:00,95.8467,95.927,95.8573,95.8921,8343.0
2020-01-06 05:18:00,95.6901,95.6861,95.6224,95.6542,7191.0
2020-01-06 05:19:00,95.7168,95.7297,95.7128,95.7212,9719.0
2020-01-06 05:20:00,95.8614,95.8258,95.8138,95.8198,5978.0
2020-01-06 05:21:00,95.6789,95.6972,95.6252,95.6612,6760.0
2020-01-06 05:22:00,95.6392,95.7218,95.6359,95.6789,4555.0
2020-01-06 05:23:00,95.7777,95.8088,95.6392,95.724,5879.0
2020-01-06 05:24:00,95.6731,95.819,95.6143,95.7167,7504.0
2020-01-06 05:25:00,95.6689,95.7104,95.5648,95.6376,167.0
2020-01-06 05:26:00,95.8033,95.7414,95.7369,95.7392,9465.0
2020-01-06 05:27:00,95.6796,95.749,95.6487,95.6988,4676.0
2020-01-06 05:28:00,95.6081,95.5685,95.5321,95.5503,6156.0
2020-01-06 05:29:00,95.3653,95.3627,95.3281,95.3454,8552.0
2020-01-06 05:30:00,95.5141,95.4992,95.4437,95.4715,1749.0
2020-01-06 05:31:00,95.4913,95.5736,95.4927,95.5331,776.0
2020-01-06 05:32:00,95.5526,95.5584,95.5255,95.5419,7323.0
2020-01-06 05:33:00,95.4275,95.5496,95.4462,95.4979,6651.0
2020-01-06 05:34:00,95.5306,95.4992,95.3908,95.445,4039.0
2020-01-06 05:35:00,95.2367,95.3377,95.3372,95.3374,4438.0
2020-01-06 05:36:00,95.2765,95.3361,95.2525,95.2943,6757.0
2020-01-06 05:37:00,95.0357,95.132,95.0325,95.0823,9970.0
2020-01-06 05:38:00,95.0424,95.0317,94.9856,95.0087,9484.0
2020-01-06 05:39:00,95.0738,94.9972,94.9579,94.9776,765.0
2020-01-06 05:40:00,95.0713,95.0834,94.9937,95.0386,4962.0
2020-01-06 05:41:00,95.1826,95.068,95.0011,95.0346,9893.0
2020-01-06 05:42:00,95.0452,95.2016,95.0265,95.1141,2009.0
2020-01-06 05:43:00,95.1839,95.2532,95.2447,95.249,7552.0
2020-01-06 05:44:00,95.3101,95.4318,95.2778,95.3548,6697.0
2020-01-06 05:45:00,95.4079,95.4616,95.3421,95.4018,287.0
2020-01-06 05:46:00,95.3517,95.4052,95.4008,95.403,8996.0
2020-01-06 05:47:00,95.2674,95.3119,95.298,95.3049,7790.0
2020-01-06 05:48:00,95.41,95.4774,95.2805,95.3789,9658.0
2020-01-06 05:49:00,95.485,95.5988,95.495,95.5469,7490.0
2020-01-06 05:50:00,95.5245,95.5831,95.5792,95.5811,434.0
2020-01-06 05:51:00,95.7529,95.8258,95.7199,95.7729,6700.0
2020-01-06 05:52:00,95.6051,95.6449,95.5957,95.6203,7715.0
2020-01-06 05:53:00,95.5554,95.5891,95.4207,95.5049,455.0
2020-01-06 05:54:00,95.5454,95.6472,95.5336,95.5904,2022.0
2020-01-06 05:55:00,95.5808,95.6462,95.5875,95.6168,4427.0
2020-01-06 05:56:00,95.7773,95.7679,95.7286,95.7482,3438.0
2020-01-06 05:57:00,95.7867,95.7479,95.7455,95.7467,895.0
2020-01-06 05:58:00,95.7313,95.6858,95.6339,95.6599,289.0
2020-01-06 05:59:00,95.662,95.6965,95.5805,95.6385,7551.0
2020-01-06 06:00:00,95.4918,95.5681,95.4024,95.4852,9105.0
2020-01-06 06:01:00,95.4011,95.4686,95.2761,95.3724,2266.0
2020-01-06 06:02:00,95.4562,95.472,95.4673,95.4696,9971.0
2020-01-06 06:03:00,95.5432,95.6781,95.4357,95.5569,2158.0
2020-01-06 06:04:00,95.5045,95.6132,95.5732,95.5932,6170.0
2020-01-06 06:05:00,95.4658,95.4411,95.4011,95.4211,4493.0
2020-01-06 06:06:00,95.3958,95.4568,95.3137,95.3853,9512.0
2020-01-06 06:07:00,95.3016,95.2857,95.2398,95.2628,9919.0
2020-01-06 06:08:00,95.2396,95.4495,95.3113,95.3804,2480.0
2020-01-06 06:09:00,95.3197,95.4026,95.2414,95.322,9691.0
2020-01-06 06:10:00,95.1707,95.3165,95.1104,95.2135,8425.0
2020-01-06 06:11:00,95.2915,95.2429,95.19,95.2164,5151.0
2020-01-06 06:12:00,95.1831,95.1617,95.1431,95.1524,2809.0
2020-01-06 06:13:00,95.3125,95.3564,95.2452,95.3008,1379.0
2020-01-06 06:14:00,95.2057,95.2747,95.1799,95.2273,652.0
2020-01-06 06:15:00,95.1073,95.1265,95.0483,95.0874,6431.0
2020-01-06 06:16:00,94.8257,94.8967,94.8475,94.8721,6972.0
2020-01-06 06:17:00,94.864,94.884,94.854,94.869,1253.0
2020-01-06 06:18:00,94.7839,94.866,94.7596,94.8128,7019.0
2020-01-06 06:19:00,94.7833,94.6789,94.661,94.6699,4258.0
2020-01-06 06:20:00,94.8624,94.859,94.7188,94.7889,1054.0
2020-01-06 06:21:00,94.9087,94.877,94.8342,94.8556,5665.0
2020-01-06 06:22:00,94.7782,94.8593,94.8462,94.8528,6968.0
2020-01-06 06:23:00,95.0324,94.9999,94.9785,94.9892,335.0
2020-01-06 06:24:00,95.0648,95.0749,95.036,95.0555,1208.0
2020-01-06 06:25:00,95.0343,95.073,94.8734,94.9732,1896.0
2020-01-06 06:26:00,94.8854,94.9099,94.8286,94.8692,3573.0
2020-01-06 06:27:00,94.9507,94.9616,94.9405,94.951,5385.0
2020-01-06 06:28:00,95.0024,94.9964,94.9849,94.9907,7495.0
2020-01-06 06:29:00,94.9174,95.0581,94.9572,95.0077,9682.0
2020-01-06 06:30:00,94.8846,94.9782,94.8678,94.923,5629.0
2020-01-06 06:31:00,95.0025,94.9854,94.9822,94.9838,2311.0
2020-01-06 06:32:00,94.9652,94.9228,94.8937,94.9082,2741.0
2020-01-06 06:33:00,94.8705,94.9145,94.8816,94.898,3328.0
2020-01-06 06:34:00,95.0407,95.1564,94.9291,95.0427,1026.0
2020-01-06 06:35:00,94.8966,95.0561,94.8972,94.9767,5922.0
2020-01-06 06:36:00,94.8923,94.8496,94.7891,94.8194,3021.0
2020-01-06 06:37:00,94.7698,94.7422,94.686,94.7141,3927.0
2020-01-06 06:38:00,94.8461,94.8735,94.7536,94.8135,7435.0
2020-01-06 06:39:00,94.8593,94.8765,94.8015,94.839,8412.0
2020-01-06 06:40:00,94.9037,94.8262,94.826,94.8261,1065.0
2020-01-06 06:41:00,94.735,94.7859,94.7645,94.7752,4313.0
2020-01-06 06:42:00,94.7781,94.8866,94.7609,94.8237,3819.0
2020-01-06 06:43:00,94.7919,94.7411,94.7366,94.7388,4013.0
2020-01-06 06:44:00,94.8191,94.9007,94.6381,94.7694,3279.0
2020-01-06 06:45:00,94.6366,94.7044,94.6881,94.6963,3470.0
2020-01-06 06:46:00,94.5799,94.6097,94.6034,94.6065,6918.0
2020-01-06 06:47:00,94.6272,94.5549,94.5307,94.5428,6006.0
2020-01-06 06:48:00,94.5258,94.5834,94.427,94.5052,5238.0
2020-01-06 06:49:00,94.5397,94.5116,94.4891,94.5003,3191.0
2020-01-06 06:50:00,94.4659,94.576,94.4718,94.5239,9063.0
2020-01-06 06:51:00,94.1879,94.1957,94.1144,94.155,4756.0
2020-01-06 06:52:00,94.0033,94.1102,94.0384,94.0743,3677.0
2020-01-06 06:53:00,93.9361,94.1358,93.9344,94.0351,6397.0
2020-01-06 06:54:00,94.222,94.1882,94.1831,94.1856,1638.0
2020-01-06 06:55:00,94.1494,94.1185,94.0368,94.0776,2967.0
2020-01-06 06:56:00,94.0812,94.1033,94.0845,94.0939,3649.0
2020-01-06 06:57:00,94.2161,94.2904,94.1965,94.2434,6627.0
2020-01-06 06:58:00,94.1977,94.1432,94.0811,94.1121,9095.0
2020-01-06 06:59:00,94.1418,94.2887,94.0144,94.1515,4876.0
2020-01-06 07:00:00,94.068,94.1071,94.0355,94.0713,278.0
2020-01-06 07:01:00,94.1055,94.0334,94.0082,94.0208,8906.0
2020-01-06 07:02:00,93.9228,94.018,93.8631,93.9405,1854.0
2020-01-06 07:03:00,93.8346,93.9416,93.793,93.8673,7795.0
2020-01-06 07:04:00,94.1803,94.237,94.042,94.1395,8338.0
2020-01-06 07:05:00,94.1884,94.2241,94.2238,94.224,8115.0
2020-01-06 07:06:00,94.3269,94.4084,94.2599,94.3341,6801.0
2020-01-06 07:07:00,94.3174,94.5279,94.2388,94.3833,6426.0
2020-01-06 07:08:00,94.232,94.2579,94.1875,94.2227,6597.0
2020-01-06 07:09:00,94.2656,94.2806,94.2438,94.2622,2634.0
2020-01-06 07:10:00,94.4179,94.42,94.319,94.3695,8507.0
2020-01-06 07:11:00,94.327,94.3951,94.1732,94.2842,3039.0
2020-01-06 07:12:00,94.4083,94.4171,94.3443,94.3807,5865.0
2020-01-06 07:13:00,94.4708,94.4935,94.4087,94.4511,2999.0
2020-01-06 07:14:00,94.6327,94.6465,94.6262,94.6363,2976.0
2020-01-06 07:15:00,94.625,94.6101,94.579,94.5946,9528.0
2020-01-06 07:16:00,94.4292,94.512,94.4576,94.4848,1107.0
2020-01-06 07:17:00,94.3312,94.4936,94.4036,94.4486,4929.0
2020-01-06 07:18:00,94.6503,94.6229,94.5615,94.5922,6564.0
2020-01-06 07:19:00,94.4431,94.492,94.3267,94.4093,8157.0
2020-01-06 07:20:00,94.1962,94.2545,94.1505,94.2025,2259.0
2020-01-06 07:21:00,94.2652,94.2285,94.1944,94.2114,3284.0
2020-01-06 07:22:00,94.1306,94.1905,94.1439,94.1672,8665.0
2020-01-06 07:23:00,94.1327,94.2391,94.0968,94.168,1386.0
2020-01-06 07:24:00,94.2203,94.2735,94.2515,94.2625,8659.0
2020-01-06 07:25:00,94.2356,94.2129,94.2016,94.2072,4573.0
2020-01-06 07:26:00,93.9408,94.0296,94.0102,94.0199,5020.0
2020-01-06 07:27:00,94.186,94.2275,94.2212,94.2244,4025.0
2020-01-06 07:28:00,94.1391,94.187,94.0624,94.1247,4869.0
2020-01-06 07:29:00,93.9586,94.0343,94.0032,94.0188,3216.0
2020-01-06 07:30:00,94.0961,94.1563,94.1019,94.1291,1394.0
2020-01-06 07:31:00,93.9801,94.1431,94.0383,94.0907,4076.0
2020-01-06 07:32:00,94.1146,94.1459,94.0228,94.0843,6965.0
2020-01-06 07:33:00,94.0982,94.1995,94.0657,94.1326,6490.0
2020-01-06 07:34:00,94.186,94.3176,94.1643,94.241,273.0
2020-01-06 07:35:00,94.1429,94.2259,94.1894,94.2076,7425.0
2020-01-06 07:36:00,94.3387,94.3738,94.3455,94.3596,7918.0
2020-01-06 07:37:00,94.067,94.1964,94.0957,94.146,5081.0
2020-01-06 07:38:00,94.3191,94.2504,94.1937,94.222,3934.0
2020-01-06 07:39:00,94.0188,94.1858,94.0904,94.1381,2529.0
2020-01-06 07:40:00,94.2528,94.2941,94.2565,94.2753,6667.0
2020-01-06 07:41:00,94.2949,94.3633,94.2158,94.2895,8105.0
2020-01-06 07:42:00,94.1834,94.2721,94.1723,94.2222,7889.0
2020-01-06 07:43:00,94.2991,94.3169,94.2601,94.2885,7562.0
2020-01-06 07:44:00,94.3378,94.4251,94.3305,94.3778,8984.0
2020-01-06 07:45:00,94.5185,94.5225,94.3615,94.442,973.0
2020-01-06 07:46:00,94.2831,94.3985,94.2796,94.339,3196.0
2020-01-06 07:47:00,94.1731,94.3573,94.224,94.2906,9049.0
2020-01-06 07:48:00,94.2253,94.2965,94.284,94.2902,3724.0
2020-01-06 07:49:00,94.3054,94.299,94.2732,94.2861,5653.0
2020-01-06 07:50:00,94.3552,94.4208,94.3014,94.3611,1665.0
2020-01-06 07:51:00,94.1972,94.2094,94.1098,94.1596,3216.0
2020-01-06 07:52:00,94.2181,94.212,94.174,94.193,8600.0
2020-01-06 07:53:00,94.1322,94.1924,94.1357,94.164,8445.0
2020-01-06 07:54:00,94.0557,94.1646,93.9958,94.0802,9258.0
2020-01-06 07:55:00,93.9867,94.0362,93.9756,94.0059,1263.0
2020-01-06 07:56:00,94.0787,93.9908,93.9782,93.9845,2916.0
2020-01-06 07:57:00,93.6589,93.6407,93.608,93.6244,8676.0
2020-01-06 07:58:00,93.6488,93.601,93.5075,93.5542,2895.0
2020-01-06 07:59:00,93.5087,93.476,93.4573,93.4667,1156.0
2020-01-06 08:00:00,93.5167,93.5446,93.4953,93.5199,7445.0
2020-01-06 08:01:00,93.3884,93.4556,93.4231,93.4394,9961.0
2020-01-06 08:02:00,93.4279,93.4833,93.3524,93.4179,4176.0
2020-01-06 08:03:00,93.569,93.6476,93.4965,93.5721,3874.0
2020-01-06 08:04:00,93.6668,93.7277,93.6154,93.6715,1559.0
2020-01-06 08:05:00,93.7513,93.7948,93.7287,93.7618,8233.0
2020-01-06 08:06:00,93.6091,93.7402,93.6833,93.7118,105.0
2020-01-06 08:07:00,93.8291,93.8123,93.7199,93.7661,4886.0
2020-01-06 08:08:00,93.7402,93.8467,93.6387,93.7427,7038.0
2020-01-06 08:09:00,93.6524,93.7628,93.6833,93.7231,9933.0
2020-01-06 08:10:00,93.7881,93.8164,93.7117,93.764,8268.0
2020-01-06 08:11:00,93.6615,93.7071,93.7015,93.7043,8209.0
2020-01-06 08:12:00,93.8817,93.9118,93.7955,93.8536,3929.0
2020-01-06 08:13:00,93.8817,93.8686,93.8066,93.8376,7134.0
2020-01-06 08:14:00,93.9504,93.9348,93.8641,93.8995,5450.0
2020-01-06 08:15:00,94.037,94.0809,94.0091,94.045,5620.0
2020-01-06 08:16:00,94.1275,94.1965,94.0999,94.1482,6970.0
2020-01-06 08:17:00,93.976,94.0127,94.0019,94.0073,4980.0
2020-01-06 08:18:00,94.0157,94.085,94.0185,94.0518,8908.0
2020-01-06 08:19:00,94.136,94.214,94.0597,94.1369,9177.0
2020-01-06 08:20:00,94.2156,94.2352,94.2169,94.226,2170.0
2020-01-06 08:21:00,94.0735,94.12,94.1094,94.1147,7050.0
2020-01-06 08:22:00,93.9918,94.1124,93.9856,94.049,260.0
2020-01-06 08:23:00,94.143,94.1953,94.1016,94.1485,9509.0
2020-01-06 08:24:00,94.0506,94.1333,94.0113,94.0723,4278.0
2020-01-06 08:25:00,93.9853,94.0783,94.0063,94.0423,267.0
2020-01-06 08:26:00,94.2414,94.2165,94.1833,94.1999,4012.0
2020-01-06 08:27:00,94.2837,94.2566,94.1337,94.1951,2802.0
2020-01-06 08:28:00,94.1706,94.1299,94.115,94.1225,2702.0
2020-01-06 08:29:00,93.9987,94.0645,94.0049,94.0347,4539.0
2020-01-06 08:30:00,94.0655,94.1408,93.9951,94.068,4207.0
2020-01-06 08:31:00,94.0117,93.969,93.9003,93.9346,3705.0
2020-01-06 08:32:00,93.8512,93.9719,93.8479,93.9099,9845.0
2020-01-06 08:33:00,93.9824,93.9948,93.8916,93.9432,549.0
2020-01-06 08:34:00,94.0007,94.0895,94.0568,94.0732,4769.0
2020-01-06 08:35:00,94.2241,94.1614,94.1184,94.1399,4127.0
2020-01-06 08:36:00,94.047,94.1265,94.0105,94.0685,6834.0
2020-01-06 08:37:00,94.2978,94.1936,94.1791,94.1863,2637.0
2020-01-06 08:38:00,94.2428,94.1605,94.1523,94.1564,2809.0
2020-01-06 08:39:00,94.0275,94.0672,93.9985,94.0328,3057.0
2020-01-06 08:40:00,93.9796,94.0719,93.9593,94.0156,2764.0
2020-01-06 08:41:00,94.1692,94.2398,94.0791,94.1594,1889.0
2020-01-06 08:42:00,94.167,94.2199,94.132,94.176,4202.0
2020-01-06 08:43:00,94.1571,94.2731,94.0813,94.1772,3334.0
2020-01-06 08:44:00,94.258,94.3414,94.3404,94.3409,418.0
2020-01-06 08:45:00,94.1721,94.2827,94.1129,94.1978,2277.0
2020-01-06 08:46:00,94.0137,94.0986,94.0399,94.0692,528.0
2020-01-06 08:47:00,93.9352,93.9452,93.8701,93.9077,1000.0
2020-01-06 08:48:00,93.9945,93.947,93.9428,93.9449,9912.0
2020-01-06 08:49:00,93.9986,93.9692,93.9539,93.9616,7522.0
2020-01-06 08:50:00,94.133,94.1931,94.0386,94.1158,848.0
2020-01-06 08:51:00,94.0975,94.2532,94.0272,94.1402,6244.0
2020-01-06 08:52:00,94.11,94.1096,94.09,94.0998,4972.0
2020-01-06 08:53:00,94.1396,94.1656,94.0343,94.1,4389.0
2020-01-06 08:54:00,94.0824,94.1289,94.0945,94.1117,7631.0
2020-01-06 08:55:00,93.9505,93.9757,93.9134,93.9445,1127.0
2020-01-06 08:56:00,94.2083,94.2948,94.1364,94.2156,1240.0
2020-01-06 08:57:00,94.3507,94.284,94.2511,94.2676,8200.0
2020-01-06 08:58:00,94.3311,94.2947,94.2824,94.2886,8529.0
2020-01-06 08:59:00,94.3805,94.391,94.3092,94.3501,4925.0
2020-01-06 09:00:00,94.3352,94.5221,94.3199,94.421,4653.0
2020-01-06 09:01:00,94.4156,94.4333,94.3806,94.407,1854.0
2020-01-06 09:02:00,94.3361,94.391,94.2967,94.3438,7092.0
2020-01-06 09:03:00,94.3956,94.4623,94.3452,94.4038,1710.0
2020-01-06 09:04:00,94.3642,94.505,94.3797,94.4424,4539.0
2020-01-06 09:05:00,94.307,94.4132,94.3095,94.3614,9779.0
2020-01-06 09:06:00,94.4999,94.596,94.4106,94.5033,4858.0
2020-01-06 09:07:00,94.5883,94.6704,94.3948,94.5326,6619.0
2020-01-06 09:08:00,94.5761,94.6767,94.5345,94.6056,345.0
2020-01-06 09:09:00,94.7248,94.7691,94.7204,94.7448,9569.0
2020-01-06 09:10:00,94.836,94.7529,94.741,94.747,6942.0
2020-01-06 09:11:00,94.7638,94.7874,94.7699,94.7787,7158.0
2020-01-06 09:12:00,94.8532,94.9542,94.7651,94.8597,1656.0
2020-01-06 09:13:00,94.7814,94.8225,94.7518,94.7872,1657.0
2020-01-06 09:14:00,94.7253,94.8378,94.7474,94.7926,2322.0
2020-01-06 09:15:00,94.8337,94.8911,94.7192,94.8051,2432.0
2020-01-06 09:16:00,94.6769,94.7184,94.7007,94.7095,8596.0
2020-01-06 09:17:00,94.9398,94.9414,94.9412,94.9413,9084.0
2020-01-06 09:18:00,94.8228,94.8766,94.7246,94.8006,8698.0
2020-01-06 09:19:00,94.7679,94.6735,94.668,94.6708,3066.0
2020-01-06 09:20:00,94.7363,94.8309,94.7735,94.8022,4102.0
2020-01-06 09:21:00,94.9168,94.874,94.873,94.8735,1460.0
2020-01-06 09:22:00,94.8144,94.8072,94.7346,94.7709,9345.0
2020-01-06 09:23:00,94.7997,94.9063,94.757,94.8316,539.0
2020-01-06 09:24:00,95.0084,95.0239,94.933,94.9784,4453.0
2020-01-06 09:25:00,95.0576,95.0115,94.9393,94.9754,882.0
2020-01-06 09:26:00,95.197,95.2537,95.2168,95.2353,2710.0
2020-01-06 09:27:00,95.075,95.066,95.0597,95.0629,333.0
2020-01-06 09:28:00,95.1525,95.1989,95.0657,95.1323,6766.0
2020-01-06 09:29:00,95.2756,95.2688,95.229,95.2489,4588.0
2020-01-06 09:30:00,95.3765,95.4309,95.2452,95.338,8753.0
2020-01-06 09:31:00,95.3259,95.3192,95.316,95.3176,1851.0
2020-01-06 09:32:00,95.3142,95.3683,95.2089,95.2886,938.0
2020-01-06 09:33:00,95.2874,95.3345,95.3315,95.333,3309.0
2020-01-06 09:34:00,95.4228,95.4752,95.3539,95.4146,2884.0
2020-01-06 09:35:00,95.451,95.518,95.4316,95.4748,5694.0
2020-01-06 09:36:00,95.5173,95.6051,95.5526,95.5788,1451.0
2020-01-06 09:37:00,95.4515,95.4855,95.4684,95.4769,305.0
2020-01-06 09:38:00,95.4676,95.4707,95.4376,95.4541,1194.0
2020-01-06 09:39:00,95.3819,95.3708,95.3495,95.3601,284.0
2020-01-06 09:40:00,95.2581,95.3219,95.3211,95.3215,6845.0
2020-01-06 09:41:00,95.3762,95.4617,95.3844,95.4231,7002.0
2020-01-06 09:42:00,95.4701,95.5032,95.3645,95.4339,5602.0
2020-01-06 09:43:00,95.7199,95.7515,95.6376,95.6945,6788.0
2020-01-06 09:44:00,95.7582,95.7332,95.6946,95.7139,5878.0
2020-01-06 09:45:00,95.7882,95.7282,95.7115,95.7199,2829.0
2020-01-06 09:46:00,95.7574,95.7447,95.7162,95.7305,7993.0
2020-01-06 09:47:00,95.6459,95.6828,95.6506,95.6667,413.0
2020-01-06 09:48:00,95.6666,95.7196,95.6022,95.6609,8519.0
2020-01-06 09:49:00,95.8567,95.8575,95.6899,95.7737,6901.0
2020-01-06 09:50:00,95.9233,95.8145,95.7556,95.7851,3193.0
2020-01-06 09:51:00,95.7289,95.7255,95.6859,95.7057,4195.0
2020-01-06 09:52:00,95.64,95.6496,95.5768,95.6132,2839.0
2020-01-06 09:53:00,95.6045,95.586,95.5505,95.5682,1026.0
2020-01-06 09:54:00,95.5768,95.682,95.4692,95.5756,3436.0
2020-01-06 09:55:00,95.7531,95.7872,95.6027,95.695,3221.0
2020-01-06 09:56:00,95.6113,95.5987,95.5232,95.5609,6985.0
2020-01-06 09:57:00,95.5466,95.6238,95.4341,95.5289,7642.0
2020-01-06 09:58:00,95.5275,95.5456,95.5411,95.5434,2455.0
2020-01-06 09:59:00,95.2839,95.3953,95.3247,95.36,8828.0
2020-01-06 10:00:00,95.3132,95.3351,95.2182,95.2766,7474.0
2020-01-06 10:01:00,95.2193,95.2114,95.2059,95.2086,4270.0
2020-01-06 10:02:00,95.0921,95.1465,95.1116,95.129,5872.0
2020-01-06 10:03:00,95.0917,95.1578,95.1386,95.1482,9733.0
2020-01-06 10:04:00,95.1652,95.1651,95.0993,95.1322,3499.0
2020-01-06 10:05:00,94.9966,95.1275,95.0258,95.0766,5795.0
2020-01-06 10:06:00,95.1344,95.1251,95.1138,95.1194,6837.0
2020-01-06 10:07:00,95.3339,95.3423,95.2412,95.2917,8029.0
2020-01-06 10:08:00,95.4832,95.4562,95.4551,95.4557,708.0
2020-01-06 10:09:00,95.2439,95.2811,95.2457,95.2634,711.0
2020-01-06 10:10:00,95.2586,95.3638,95.2784,95.3211,1120.0
2020-01-06 10:11:00,95.3326,95.3597,95.2469,95.3033,340.0
2020-01-06 10:12:00,95.3788,95.3391,95.2985,95.3188,2152.0
2020-01-06 10:13:00,95.2503,95.304,95.254,95.279,5434.0
2020-01-06 10:14:00,95.3161,95.3154,95.2661,95.2907,1702.0
2020-01-06 10:15:00,95.385,95.3223,95.2895,95.3059,4589.0
2020-01-06 10:16:00,95.2649,95.272,95.224,95.248,9706.0
2020-01-06 10:17:00,95.1385,95.2098,95.1069,95.1584,468.0
2020-01-06 10:18:00,95.1655,95.1386,95.0884,95.1135,2176.0
2020-01-06 10:19:00,95.1,95.2223,95.0516,95.1369,9738.0
2020-01-06 10:20:00,95.1319,95.2102,95.1834,95.1968,7209.0
2020-01-06 10:21:00,95.3228,95.4098,95.1545,95.2821,8300.0
2020-01-06 10:22:00,95.2124,95.2995,95.1659,95.2327,3616.0
2020-01-06 10:23:00,95.2453,95.305,95.2173,95.2611,4529.0
2020-01-06 10:24:00,95.326,95.4122,95.3025,95.3574,5145.0
2020-01-06 10:25:00,95.4503,95.5083,95.4395,95.4739,8684.0
2020-01-06 10:26:00,95.5382,95.4957,95.4403,95.468,1951.0
2020-01-06 10:27:00,95.5291,95.4824,95.4095,95.4459,5527.0
2020-01-06 10:28:00,95.5548,95.5094,95.4207,95.4651,9070.0
2020-01-06 10:29:00,95.4046,95.3581,95.342,95.3501,3531.0
2020-01-06 10:30:00,95.354,95.3999,95.2615,95.3307,9990.0
2020-01-06 10:31:00,95.3336,95.4156,95.3948,95.4052,4582.0
2020-01-06 10:32:00,95.46,95.4743,95.4645,95.4694,6352.0
2020-01-06 10:33:00,95.5502,95.504,95.3807,95.4423,6582.0
2020-01-06 10:34:00,95.4423,95.4825,95.4458,95.4641,3371.0
2020-01-06 10:35:00,95.4574,95.3956,95.3677,95.3817,3608.0
2020-01-06 10:36:00,95.4548,95.4743,95.4298,95.452,7076.0
2020-01-06 10:37:00,95.3103,95.4582,95.4303,95.4442,3992.0
2020-01-06 10:38:00,95.4487,95.4531,95.3801,95.4166,3211.0
2020-01-06 10:39:00,95.4438,95.3894,95.3715,95.3805,4417.0
2020-01-06 10:40:00,95.3717,95.3843,95.3641,95.3742,1966.0
2020-01-06 10:41:00,95.391,95.3493,95.3095,95.3294,9344.0
2020-01-06 10:42:00,95.3118,95.4244,95.366,95.3952,1026.0
2020-01-06 10:43:00,95.2864,95.4226,95.2888,95.3557,3872.0
2020-01-06 10:44:00,95.5252,95.6171,95.4128,95.515,6027.0
2020-01-06 10:45:00,95.6853,95.7053,95.6176,95.6615,2195.0
2020-01-06 10:46:00,95.6402,95.6034,95.5413,95.5723,9118.0
2020-01-06 10:47:00,95.6112,95.6168,95.5418,95.5793,4795.0
2020-01-06 10:48:00,95.4545,95.5273,95.5012,95.5142,869.0
2020-01-06 10:49:00,95.4922,95.556,95.4071,95.4816,6814.0
2020-01-06 10:50:00,95.7118,95.7226,95.641,95.6818,8748.0
2020-01-06 10:51:00,95.5573,95.6935,95.6086,95.6511,9364.0
2020-01-06 10:52:00,95.6849,95.6981,95.676,95.6871,2875.0
2020-01-06 10:53:00,95.7244,95.7814,95.701,95.7412,5467.0
2020-01-06 10:54:00,95.6084,95.7212,95.5611,95.6411,6533.0
2020-01-06 10:55:00,95.5806,95.6455,95.4658,95.5556,4730.0
2020-01-06 10:56:00,95.3775,95.5361,95.3339,95.435,7798.0
2020-01-06 10:57:00,95.3673,95.3737,95.3192,95.3464,5602.0
2020-01-06 10:58:00,95.0894,95.1044,95.0185,95.0614,3071.0
2020-01-06 10:59:00,95.1701,95.143,95.0887,95.1159,4500.0
2020-01-06 11:00:00,95.2651,95.3542,95.2884,95.3213,1742.0
2020-01-06 11:01:00,95.2608,95.3483,95.3239,95.3361,1117.0
2020-01-06 11:02:00,95.2084,95.2319,95.1571,95.1945,4142.0
2020-01-06 11:03:00,95.1159,95.1512,95.1092,95.1302,9755.0
2020-01-06 11:04:00,95.2294,95.1448,95.0238,95.0843,1611.0
2020-01-06 11:05:00,95.0055,94.9883,94.9768,94.9825,5717.0
2020-01-06 11:06:00,95.0715,95.1437,94.9934,95.0686,6375.0
2020-01-06 11:07:00,95.1409,95.1596,95.1396,95.1496,4571.0
2020-01-06 11:08:00,94.9731,95.0965,94.9716,95.034,1821.0
2020-01-06 11:09:00,95.1347,95.1169,95.0962,95.1065,786.0
2020-01-06 11:10:00,95.2553,95.2932,95.2253,95.2592,4566.0
2020-01-06 11:11:00,95.4456,95.464,95.435,95.4495,4350.0
2020-01-06 11:12:00,95.7407,95.7901,95.6819,95.736,6488.0
2020-01-06 11:13:00,95.6569,95.7253,95.5663,95.6458,3377.0
2020-01-06 11:14:00,95.8413,96.0546,95.8018,95.9282,6055.0
2020-01-06 11:15:00,95.9347,95.9345,95.8511,95.8928,3599.0
2020-01-06 11:16:00,95.7912,95.8487,95.8184,95.8336,1544.0
2020-01-06 11:17:00,95.8594,95.8893,95.8433,95.8663,8379.0
2020-01-06 11:18:00,95.8724,95.8906,95.7255,95.8081,1629.0
2020-01-06 11:19:00,95.9369,95.8971,95.7989,95.848,3285.0
2020-01-06 11:20:00,95.6309,95.7225,95.7094,95.716,112.0
2020-01-06 11:21:00,95.6936,95.6963,95.6878,95.6921,5376.0
2020-01-06 11:22:00,95.8343,95.8395,95.8018,95.8206,8611.0
2020-01-06 11:23:00,95.7396,95.8371,95.7928,95.8149,4487.0
2020-01-06 11:24:00,95.8692,95.846,95.8122,95.8291,4968.0
2020-01-06 11:25:00,95.8824,95.8863,95.8669,95.8766,9975.0
2020-01-06 11:26:00,96.0034,95.9965,95.9909,95.9937,5696.0
2020-01-06 11:27:00,95.7823,95.8614,95.7949,95.8282,5870.0
2020-01-06 11:28:00,95.9073,95.9986,95.7747,95.8866,4353.0
2020-01-06 11:29:00,95.9017,95.937,95.7826,95.8598,8675.0
2020-01-06 11:30:00,95.8828,95.9867,95.7662,95.8765,6299.0
2020-01-06 11:31:00,95.9568,96.0364,95.9285,95.9825,1196.0
2020-01-06 11:32:00,95.8412,95.8744,95.8517,95.863,1069.0
2020-01-06 11:33:00,95.7728,95.7954,95.7281,95.7618,7003.0
2020-01-06 11:34:00,95.5707,95.718,95.4185,95.5682,2620.0
2020-01-06 11:35:00,95.5586,95.5147,95.5119,95.5133,3351.0
2020-01-06 11:36:00,95.6224,95.686,95.6067,95.6464,293.0
2020-01-06 11:37:00,95.5734,95.684,95.5846,95.6343,7651.0
2020-01-06 11:38:00,95.5183,95.5352,95.4654,95.5003,1352.0
2020-01-06 11:39:00,95.4278,95.4668,95.4367,95.4517,894.0
2020-01-06 11:40:00,95.3421,95.3337,95.2721,95.3029,1726.0
2020-01-06 11:41:00,95.1908,95.2101,95.1708,95.1904,5290.0
2020-01-06 11:42:00,95.262,95.2809,95.1777,95.2293,8382.0
2020-01-06 11:43:00,95.0612,95.1564,95.0675,95.1119,7343.0
2020-01-06 11:44:00,95.2303,95.2449,95.2015,95.2232,7464.0
2020-01-06 11:45:00,95.1811,95.2226,95.2095,95.2161,4272.0
2020-01-06 11:46:00,95.1636,95.2492,95.2,95.2246,1420.0
2020-01-06 11:47:00,95.1537,95.2075,95.1861,95.1968,3559.0
2020-01-06 11:48:00,95.2468,95.3093,95.2389,95.2741,2469.0
2020-01-06 11:49:00,95.4146,95.3963,95.3085,95.3524,2568.0
2020-01-06 11:50:00,95.3573,95.473,95.2988,95.3859,9949.0
2020-01-06 11:51:00,95.3788,95.4851,95.3997,95.4424,4137.0
2020-01-06 11:52:00,95.4277,95.4327,95.4096,95.4212,445.0
2020-01-06 11:53:00,95.4768,95.4765,95.4743,95.4754,1764.0
2020-01-06 11:54:00,95.417,95.4751,95.4081,95.4416,3973.0
2020-01-06 11:55:00,95.4338,95.4874,95.3962,95.4418,749.0
2020-01-06 11:56:00,95.4632,95.5134,95.3154,95.4144,5480.0
2020-01-06 11:57:00,95.4022,95.3779,95.3593,95.3686,7951.0
2020-01-06 11:58:00,95.3289,95.3039,95.2955,95.2997,6392.0
2020-01-06 11:59:00,95.2873,95.389,95.304,95.3465,2012.0
2020-01-06 12:00:00,95.6219,95.5708,95.3843,95.4776,7296.0
2020-01-06 12:01:00,95.6472,95.5961,95.5932,95.5947,6195.0
2020-01-06 12:02:00,95.4949,95.518,95.4201,95.469,8150.0
2020-01-06 12:03:00,95.5397,95.6301,95.5658,95.5979,8158.0
2020-01-06 12:04:00,95.6135,95.6274,95.5048,95.5661,5780.0
2020-01-06 12:05:00,95.6011,95.6355,95.6169,95.6262,3360.0
2020-01-06 12:06:00,95.5258,95.5386,95.5325,95.5356,2212.0
2020-01-06 12:07:00,95.4657,95.5952,95.5043,95.5498,9774.0
2020-01-06 12:08:00,95.5191,95.6859,95.4763,95.5811,8967.0
2020-01-06 12:09:00,95.4546,95.4566,95.4087,95.4327,575.0
2020-01-06 12:10:00,95.5438,95.5512,95.4358,95.4935,425.0
2020-01-06 12:11:00,95.6623,95.6328,95.6234,95.6281,7786.0
2020-01-06 12:12:00,95.6432,95.656,95.5652,95.6106,3363.0
2020-01-06 12:13:00,95.7434,95.7475,95.7458,95.7466,8139.0
2020-01-06 12:14:00,95.7073,95.752,95.7034,95.7277,2235.0
2020-01-06 12:15:00,95.8271,95.8562,95.7691,95.8126,4353.0
2020-01-06 12:16:00,95.6318,95.6652,95.5164,95.5908,9588.0
2020-01-06 12:17:00,95.8329,95.8607,95.8046,95.8327,5135.0
2020-01-06 12:18:00,96.0427,96.0346,95.9298,95.9822,8235.0
2020-01-06 12:19:00,95.943,95.972,95.9355,95.9537,381.0
2020-01-06 12:20:00,95.7075,95.7978,95.7153,95.7565,756.0
2020-01-06 12:21:00,95.7848,95.829,95.7417,95.7853,2310.0
2020-01-06 12:22:00,95.6462,95.6655,95.6164,95.6409,9192.0
2020-01-06 12:23:00,95.6813,95.7527,95.6181,95.6854,7568.0
2020-01-06 12:24:00,95.7906,95.8046,95.6486,95.7266,243.0
2020-01-06 12:25:00,95.6727,95.6898,95.5751,95.6324,3469.0
2020-01-06 12:26:00,95.673,95.757,95.7321,95.7445,4033.0
2020-01-06 12:27:00,95.9018,95.8466,95.8035,95.8251,7455.0
2020-01-06 12:28:00,95.7856,95.9575,95.8878,95.9227,2635.0
2020-01-06 12:29:00,96.0311,95.9378,95.9093,95.9236,9705.0
2020-01-06 12:30:00,95.7676,95.8391,95.725,95.782,9335.0
2020-01-06 12:31:00,95.8703,95.9024,95.8572,95.8798,749.0
2020-01-06 12:32:00,95.8498,95.8687,95.8368,95.8528,4860.0
2020-01-06 12:33:00,95.733,95.7395,95.688,95.7138,3391.0
2020-01-06 12:34:00,95.849,95.867,95.831,95.849,7221.0
2020-01-06 12:35:00,96.0523,96.0795,96.0383,96.0589,8464.0
2020-01-06 12:36:00,96.1202,96.1246,95.985,96.0548,3121.0
2020-01-06 12:37:00,96.299,96.3746,96.1669,96.2707,2148.0
2020-01-06 12:38:00,96.2319,96.3197,96.24,96.2798,5423.0
2020-01-06 12:39:00,96.2788,96.3188,96.1648,96.2418,1994.0
2020-01-06 12:40:00,96.205,96.2402,96.1173,96.1788,5420.0
2020-01-06 12:41:00,96.3152,96.3743,96.3106,96.3425,4076.0
2020-01-06 12:42:00,96.3041,96.3253,96.2036,96.2644,508.0
2020-01-06 12:43:00,96.3301,96.3727,96.3032,96.338,3475.0
2020-01-06 12:44:00,96.271,96.3003,96.2639,96.2821,6987.0
2020-01-06 12:45:00,96.2236,96.286,96.1861,96.236,7999.0
2020-01-06 12:46:00,96.2176,96.4017,96.2764,96.3391,677.0
2020-01-06 12:47:00,96.2747,96.3104,96.2917,96.301,8245.0
2020-01-06 12:48:00,96.2962,96.3208,96.2004,96.2606,4277.0
2020-01-06 12:49:00,96.3727,96.4269,96.3208,96.3739,702.0
2020-01-06 12:50:00,96.4693,96.5394,96.5278,96.5336,3855.0
2020-01-06 12:51:00,96.6463,96.6464,96.5498,96.5981,6790.0
2020-01-06 12:52:00,96.5177,96.5539,96.5113,96.5326,4169.0
2020-01-06 12:53:00,96.4204,96.556,96.407,96.4815,6420.0
2020-01-06 12:54:00,96.5998,96.4969,96.4821,96.4895,5434.0
2020-01-06 12:55:00,96.4689,96.5281,96.5151,96.5216,9279.0
2020-01-06 12:56:00,96.4668,96.5237,96.3219,96.4228,4336.0
2020-01-06 12:57:00,96.4567,96.5545,96.4357,96.4951,4334.0
2020-01-06 12:58:00,96.5105,96.5632,96.4441,96.5037,3218.0
2020-01-06 12:59:00,96.287,96.3856,96.2786,96.3321,1183.0
2020-01-06 13:00:00,96.1772,96.2819,96.1965,96.2392,9879.0
2020-01-06 13:01:00,96.2149,96.2534,96.1242,96.1888,1184.0
2020-01-06 13:02:00,96.2018,96.1955,96.1675,96.1815,1849.0
2020-01-06 13:03:00,96.4277,96.3996,96.3413,96.3704,3266.0
2020-01-06 13:04:00,96.3925,96.449,96.3395,96.3943,9947.0
2020-01-06 13:05:00,96.4212,96.3668,96.2535,96.3102,3646.0
2020-01-06 13:06:00,96.3457,96.3875,96.277,96.3322,8331.0
2020-01-06 13:07:00,96.3254,96.2993,96.2948,96.297,1450.0
2020-01-06 13:08:00,96.2616,96.3653,96.2937,96.3295,2094.0
2020-01-06 13:09:00,96.3569,96.3971,96.378,96.3876,6680.0
2020-01-06 13:10:00,96.5345,96.5556,96.4614,96.5085,843.0
2020-01-06 13:11:00,96.5019,96.5573,96.4548,96.5061,3382.0
2020-01-06 13:12:00,96.6793,96.6914,96.6485,96.67,4233.0
2020-01-06 13:13:00,96.7199,96.7765,96.745,96.7608,6711.0
2020-01-06 13:14:00,96.6961,96.7555,96.6246,96.69,9398.0
2020-01-06 13:15:00,96.9169,96.9602,96.8618,96.911,3527.0
2020-01-06 13:16:00,96.8847,96.9829,96.9045,96.9437,8921.0
2020-01-06 13:17:00,96.8923,96.8995,96.8209,96.8602,5010.0
2020-01-06 13:18:00,96.9405,97.0829,96.968,97.0255,4085.0
2020-01-06 13:19:00,97.2425,97.2848,97.1817,97.2333,5856.0
2020-01-06 13:20:00,97.3182,97.246,97.2139,97.23,7543.0
2020-01-06 13:21:00,97.2136,97.2187,97.1405,97.1796,591.0
2020-01-06 13:22:00,97.1961,97.1969,97.1278,97.1624,6541.0
2020-01-06 13:23:00,97.189,97.2633,97.2043,97.2338,8076.0
2020-01-06 13:24:00,97.4501,97.3991,97.3241,97.3616,4253.0
2020-01-06 13:25:00,97.4875,97.4324,97.405,97.4187,9774.0
2020-01-06 13:26:00,97.3867,97.5149,97.3428,97.4288,2049.0
2020-01-06 13:27:00,97.5549,97.6278,97.5295,97.5786,5593.0
2020-01-06 13:28:00,97.6101,97.5689,97.5258,97.5473,3233.0
2020-01-06 13:29:00,97.7402,97.7189,97.582,97.6504,2234.0
2020-01-06 13:30:00,97.5584,97.6667,97.5766,97.6216,710.0
2020-01-06 13:31:00,97.6146,97.7459,97.5835,97.6647,7666.0
2020-01-06 13:32:00,97.6462,97.7361,97.5707,97.6534,9439.0
2020-01-06 13:33:00,97.5392,97.6745,97.6211,97.6478,6217.0
2020-01-06 13:34:00,97.611,97.6195,97.6006,97.6101,4841.0
2020-01-06 13:35:00,97.8038,97.7651,97.724,97.7445,2661.0
2020-01-06 13:36:00,97.5993,97.7048,97.6377,97.6713,7145.0
2020-01-06 13:37:00,97.6036,97.6893,97.5052,97.5972,928.0
2020-01-06 13:38:00,97.7802,97.8101,97.8086,97.8093,1795.0
2020-01-06 13:39:00,97.9891,97.9714,97.8428,97.9071,5874.0
2020-01-06 13:40:00,97.6401,97.6703,97.6669,97.6686,3565.0
2020-01-06 13:41:00,97.688,97.7179,97.5063,97.6121,365.0
2020-01-06 13:42:00,97.401,97.4563,97.4054,97.4309,1389.0
2020-01-06 13:43:00,97.3744,97.3455,97.3261,97.3358,5511.0
2020-01-06 13:44:00,97.0346,97.0673,96.9766,97.022,572.0
2020-01-06 13:45:00,97.0013,97.0223,96.9942,97.0083,6642.0
2020-01-06 13:46:00,96.8545,96.9087,96.8794,96.8941,5292.0
2020-01-06 13:47:00,96.9162,96.9182,96.8819,96.9001,1996.0
2020-01-06 13:48:00,96.7155,96.7491,96.7259,96.7375,3254.0
2020-01-06 13:49:00,96.7113,96.7938,96.6978,96.7458,6417.0
2020-01-06 13:50:00,96.778,96.7466,96.662,96.7043,9181.0
2020-01-06 13:51:00,96.8819,96.9416,96.7675,96.8545,1711.0
2020-01-06 13:52:00,97.0279,97.0442,96.9471,96.9957,6534.0
2020-01-06 13:53:00,97.0546,97.1444,97.004,97.0742,4576.0
2020-01-06 13:54:00,97.0322,97.0897,96.9934,97.0415,8477.0
2020-01-06 13:55:00,97.2277,97.2578,97.2224,97.2401,3433.0
2020-01-06 13:56:00,97.1016,97.1464,97.0232,97.0848,2326.0
2020-01-06 13:57:00,96.9765,96.9734,96.9155,96.9444,3313.0
2020-01-06 13:58:00,96.9345,96.9825,96.8896,96.936,4115.0
2020-01-06 13:59:00,97.1218,97.1834,97.1395,97.1614,1391.0
2020-01-06 14:00:00,97.1792,97.1772,97.1052,97.1412,2617.0
2020-01-06 14:01:00,97.1246,97.2371,97.0086,97.1229,8149.0
2020-01-06 14:02:00,96.9067,97.0447,96.9127,96.9787,2254.0
2020-01-06 14:03:00,96.9665,97.1379,97.0087,97.0733,7704.0
2020-01-06 14:04:00,97.1835,97.1798,97.1574,97.1686,3202.0
2020-01-06 14:05:00,97.206,97.3406,97.1544,97.2475,3718.0
2020-01-06 14:06:00,97.2061,97.2195,97.1497,97.1846,3943.0
2020-01-06 14:07:00,97.0751,97.1601,97.0678,97.1139,620.0
2020-01-06 14:08:00,96.9913,96.9929,96.9763,96.9846,1744.0
2020-01-06 14:09:00,96.9741,97.0115,96.9745,96.993,754.0
2020-01-06 14:10:00,96.9726,96.8939,96.876,96.885,141.0
2020-01-06 14:11:00,96.8147,96.7707,96.7637,96.7672,3884.0
2020-01-06 14:12:00,96.7922,96.7928,96.6569,96.7248,4051.0
2020-01-06 14:13:00,96.6771,96.6972,96.6547,96.6759,5520.0
2020-01-06 14:14:00,96.6633,96.645,96.5993,96.6221,1613.0
2020-01-06 14:15:00,96.6734,96.727,96.6105,96.6688,4866.0
2020-01-06 14:16:00,96.7502,96.6961,96.6572,96.6767,3836.0
2020-01-06 14:17:00,96.6442,96.711,96.5848,96.6479,9572.0
2020-01-06 14:18:00,96.5963,96.7265,96.6058,96.6662,5024.0
2020-01-06 14:19:00,96.4671,96.5738,96.5602,96.567,7992.0
2020-01-06 14:20:00,96.661,96.5845,96.5706,96.5775,8511.0
2020-01-06 14:21:00,96.6165,96.6243,96.5609,96.5926,4109.0
2020-01-06 14:22:00,96.4695,96.4731,96.4115,96.4423,5059.0
2020-01-06 14:23:00,96.6164,96.5842,96.4995,96.5419,1729.0
2020-01-06 14:24:00,96.3711,96.503,96.4045,96.4537,7326.0
2020-01-06 14:25:00,96.4448,96.5019,96.4236,96.4628,3349.0
2020-01-06 14:26:00,96.5674,96.6188,96.5395,96.5792,560.0
2020-01-06 14:27:00,96.7089,96.7002,96.6433,96.6718,389.0
2020-01-06 14:28:00,96.6406,96.6818,96.6686,96.6752,9427.0
2020-01-06 14:29:00,96.5789,96.6477,96.6302,96.6389,323.0
2020-01-06 14:30:00,96.6732,96.7942,96.6732,96.7337,2545.0
2020-01-06 14:31:00,96.8586,96.8199,96.7825,96.8012,7427.0
2020-01-06 14:32:00,96.7022,96.7578,96.7208,96.7393,553.0
2020-01-06 14:33:00,96.6322,96.7,96.6196,96.6598,2146.0
2020-01-06 14:34:00,96.4843,96.4856,96.4196,96.4526,6011.0
2020-01-06 14:35:00,96.4331,96.4798,96.4562,96.468,8982.0
2020-01-06 14:36:00,96.3745,96.4999,96.4195,96.4597,5579.0
2020-01-06 14:37:00,96.4943,96.6133,96.5335,96.5734,9140.0
2020-01-06 14:38:00,96.6064,96.6767,96.5419,96.6093,3486.0
2020-01-06 14:39:00,96.7676,96.7477,96.7377,96.7427,4801.0
2020-01-06 14:40:00,96.6628,96.6796,96.6663,96.673,4924.0
2020-01-06 14:41:00,96.8083,96.8773,96.6962,96.7868,6265.0
2020-01-06 14:42:00,96.6532,96.7559,96.7118,96.7339,2568.0
2020-01-06 14:43:00,96.7344,96.8244,96.7989,96.8116,6190.0
2020-01-06 14:44:00,96.7785,96.6872,96.6443,96.6658,9720.0
2020-01-06 14:45:00,96.7509,96.6995,96.6791,96.6893,5874.0
2020-01-06 14:46:00,96.5293,96.5246,96.457,96.4908,2415.0
2020-01-06 14:47:00,96.4311,96.4696,96.4586,96.4641,4025.0
2020-01-06 14:48:00,96.4962,96.5088,96.5074,96.5081,838.0
2020-01-06 14:49:00,96.4559,96.4686,96.4434,96.456,5325.0
2020-01-06 14:50:00,96.4167,96.3973,96.3046,96.351,4851.0
2020-01-06 14:51:00,96.4557,96.4694,96.4018,96.4356,7896.0
2020-01-06 14:52:00,96.4515,96.4496,96.4009,96.4253,2318.0
2020-01-06 14:53:00,96.3679,96.4097,96.3428,96.3763,8015.0
2020-01-06 14:54:00,96.4201,96.3971,96.3639,96.3805,6643.0
2020-01-06 14:55:00,96.6593,96.7155,96.5728,96.6442,7206.0
2020-01-06 14:56:00,96.7617,96.7881,96.7309,96.7595,974.0
2020-01-06 14:57:00,96.8386,96.9323,96.8192,96.8758,8626.0
2020-01-06 14:58:00,96.9136,96.9493,96.8893,96.9193,6087.0
2020-01-06 14:59:00,96.882,96.9546,96.9173,96.936,1278.0
2020-01-06 15:00:00,96.6943,96.7417,96.651,96.6964,729.0
2020-01-06 15:01:00,96.6329,96.6647,96.5922,96.6285,6619.0
2020-01-06 15:02:00,96.4602,96.6476,96.5131,96.5804,6114.0
2020-01-06 15:03:00,96.3814,96.4236,96.3622,96.3929,180.0
2020-01-06 15:04:00,96.2184,96.3249,96.2294,96.2772,1009.0
2020-01-06 15:05:00,96.104,96.1418,96.0163,96.0791,8741.0
2020-01-06 15:06:00,96.1071,96.1119,96.0386,96.0753,3170.0
2020-01-06 15:07:00,96.1358,96.2016,96.1126,96.1571,5529.0
2020-01-06 15:08:00,96.2953,96.2816,96.254,96.2678,4178.0
2020-01-06 15:09:00,96.3388,96.3637,96.2549,96.3093,2079.0
2020-01-06 15:10:00,96.2015,96.219,96.2069,96.2129,4875.0
2020-01-06 15:11:00,96.0965,96.03,96.0095,96.0197,6928.0
2020-01-06 15:12:00,95.8078,95.8621,95.826,95.8441,829.0
2020-01-06 15:13:00,95.7907,95.787,95.6473,95.7172,8005.0
2020-01-06 15:14:00,95.617,95.6691,95.5874,95.6283,3120.0
2020-01-06 15:15:00,95.5701,95.6368,95.5878,95.6123,9305.0
2020-01-06 15:16:00,95.4933,95.6092,95.4126,95.5109,4875.0
2020-01-06 15:17:00,95.4898,95.5669,95.5226,95.5448,1420.0
2020-01-06 15:18:00,95.5608,95.6077,95.4354,95.5215,6432.0
2020-01-06 15:19:00,95.4425,95.6731,95.3721,95.5226,3364.0
2020-01-06 15:20:00,95.7061,95.6711,95.6022,95.6366,4708.0
2020-01-06 15:21:00,95.4718,95.5266,95.5106,95.5186,3008.0
2020-01-06 15:22:00,95.6023,95.603,95.518,95.5605,3143.0
2020-01-06 15:23:00,95.5603,95.5991,95.519,95.5591,2290.0
2020-01-06 15:24:00,95.5393,95.6112,95.4402,95.5257,6046.0
2020-01-06 15:25:00,95.5847,95.653,95.5755,95.6143,3604.0
2020-01-06 15:26:00,95.7198,95.7207,95.6836,95.7022,7406.0
2020-01-06 15:27:00,95.6143,95.6547,95.5603,95.6075,9594.0
2020-01-06 15:28:00,95.5164,95.5965,95.5821,95.5893,9081.0
2020-01-06 15:29:00,95.5693,95.6611,95.5738,95.6174,8214.0
2020-01-06 15:30:00,95.5631,95.6095,95.5708,95.5901,8064.0
2020-01-06 15:31:00,95.6109,95.6631,95.6341,95.6486,2064.0
2020-01-06 15:32:00,95.7394,95.8178,95.5356,95.6767,8708.0
2020-01-06 15:33:00,95.8603,95.9139,95.8061,95.86,1444.0
2020-01-06 15:34:00,95.668,95.7645,95.6495,95.707,2837.0
2020-01-06 15:35:00,95.6702,95.7677,95.6217,95.6947,2745.0
2020-01-06 15:36:00,95.5786,95.6392,95.5685,95.6039,904.0
2020-01-06 15:37:00,95.6499,95.668,95.6605,95.6643,8121.0
2020-01-06 15:38:00,95.4488,95.5526,95.4525,95.5026,6121.0
2020-01-06 15:39:00,95.4965,95.6172,95.4572,95.5372,5018.0
2020-01-06 15:40:00,95.5125,95.5447,95.4037,95.4742,4505.0
2020-01-06 15:41:00,95.41,95.4274,95.3741,95.4008,4898.0
2020-01-06 15:42:00,95.2485,95.3453,95.1669,95.2561,2675.0
2020-01-06 15:43:00,95.2097,95.2098,95.2094,95.2096,6883.0
2020-01-06 15:44:00,95.3158,95.4475,95.1886,95.3181,4892.0
2020-01-06 15:45:00,95.3051,95.3228,95.3083,95.3155,3813.0
2020-01-06 15:46:00,95.4042,95.4071,95.3495,95.3783,8896.0
2020-01-06 15:47:00,95.5669,95.6148,95.4748,95.5448,9942.0
2020-01-06 15:48:00,95.4926,95.635,95.5073,95.5711,4516.0
2020-01-06 15:49:00,95.5087,95.5408,95.4897,95.5153,403.0
2020-01-06 15:50:00,95.4867,95.5691,95.5549,95.562,618.0
2020-01-06 15:51:00,95.5393,95.5333,95.4819,95.5076,4130.0
2020-01-06 15:52:00,95.4955,95.4979,95.4163,95.4571,9232.0
2020-01-06 15:53:00,95.2746,95.3127,95.2975,95.3051,6435.0
2020-01-06 15:54:00,95.3919,95.4532,95.3423,95.3978,6265.0
2020-01-06 15:55:00,95.2536,95.4482,95.2701,95.3592,179.0
2020-01-06 15:56:00,95.426,95.3799,95.3748,95.3774,8394.0
2020-01-06 15:57:00,95.3093,95.3369,95.2107,95.2738,9020.0
2020-01-06 15:58:00,95.3749,95.3637,95.2711,95.3174,2550.0
2020-01-06 15:59:00,95.3155,95.2453,95.2371,95.2412,9247.0
2020-01-06 16:00:00,95.1658,95.3144,95.1397,95.227,5014.0
2020-01-06 16:01:00,95.3592,95.3432,95.2863,95.3148,9031.0
2020-01-06 16:02:00,95.4678,95.4898,95.298,95.3939,5809.0
2020-01-06 16:03:00,95.3169,95.5008,95.2826,95.3917,8885.0
2020-01-06 16:04:00,95.2063,95.2739,95.1558,95.2148,3649.0
2020-01-06 16:05:00,95.496,95.555,95.4733,95.5141,662.0
2020-01-06 16:06:00,95.7315,95.7205,95.657,95.6887,5110.0
2020-01-06 16:07:00,95.6413,95.784,95.7379,95.761,1799.0
2020-01-06 16:08:00,95.7765,95.768,95.6033,95.6857,6494.0
2020-01-06 16:09:00,95.6687,95.7293,95.6193,95.6743,9016.0
2020-01-06 16:10:00,95.6658,95.6439,95.596,95.62,9725.0
2020-01-06 16:11:00,95.7433,95.7733,95.7194,95.7463,1442.0
2020-01-06 16:12:00,95.7972,95.8156,95.7296,95.7726,1995.0
2020-01-06 16:13:00,95.5781,95.7619,95.6265,95.6942,6328.0
2020-01-06 16:14:00,95.6279,95.6615,95.6327,95.6471,4200.0
2020-01-06 16:15:00,95.8016,95.7784,95.74,95.7592,2382.0
2020-01-06 16:16:00,95.9337,96.0248,95.8136,95.9192,474.0
2020-01-06 16:17:00,95.9902,96.0982,96.0459,96.0721,2422.0
2020-01-06 16:18:00,96.1508,96.194,96.1015,96.1478,9686.0
2020-01-06 16:19:00,96.0816,96.1902,96.0548,96.1225,9847.0
2020-01-06 16:20:00,95.7531,95.8309,95.7658,95.7984,9215.0
2020-01-06 16:21:00,95.752,95.8906,95.7656,95.8281,9132.0
2020-01-06 16:22:00,95.8588,95.853,95.8028,95.8279,4823.0
2020-01-06 16:23:00,95.8975,95.8691,95.8147,95.8419,2151.0
2020-01-06 16:24:00,95.9533,95.8609,95.8337,95.8473,1647.0
2020-01-06 16:25:00,95.6409,95.7458,95.6835,95.7146,2553.0
2020-01-06 16:26:00,95.8088,95.8115,95.7293,95.7704,9728.0
2020-01-06 16:27:00,95.8753,95.847,95.8202,95.8336,2464.0
2020-01-06 16:28:00,95.8728,95.9264,95.8773,95.9018,7698.0
2020-01-06 16:29:00,95.9506,96.0302,95.9628,95.9965,6583.0
2020-01-06 16:30:00,96.0026,96.0707,96.0431,96.0569,7921.0
2020-01-06 16:31:00,95.9895,96.0323,95.9995,96.0159,4714.0
2020-01-06 16:32:00,96.019,96.0113,96.0064,96.0088,6130.0
2020-01-06 16:33:00,96.0859,96.0411,95.9948,96.0179,1023.0
2020-01-06 16:34:00,96.084,96.0482,96.0092,96.0287,9742.0
2020-01-06 16:35:00,96.0478,96.1467,96.1104,96.1285,9837.0
2020-01-06 16:36:00,96.1534,96.2352,96.1505,96.1929,4886.0
2020-01-06 16:37:00,96.4656,96.4117,96.3895,96.4006,6858.0
2020-01-06 16:38:00,96.5847,96.654,96.5885,96.6213,7567.0
2020-01-06 16:39:00,96.6264,96.7026,96.5558,96.6292,7321.0
2020-01-06 16:40:00,96.1603,96.2947,96.1964,96.2456,2358.0
2020-01-06 16:41:00,96.4269,96.3699,96.3686,96.3693,4642.0
2020-01-06 16:42:00,96.2196,96.3258,96.3047,96.3152,169.0
2020-01-06 16:43:00,96.1529,96.2874,96.1828,96.2351,9616.0
2020-01-06 16:44:00,96.2478,96.2191,96.1714,96.1952,6013.0
2020-01-06 16:45:00,96.2466,96.2193,96.0818,96.1506,8225.0
2020-01-06 16:46:00,96.1973,96.2153,96.2083,96.2118,7491.0
2020-01-06 16:47:00,96.0535,96.0712,96.0404,96.0558,467.0
2020-01-06 16:48:00,95.9935,95.9612,95.9349,95.9481,1983.0
2020-01-06 16:49:00,95.9969,96.0561,95.9087,95.9824,5408.0
2020-01-06 16:50:00,96.026,96.169,95.9204,96.0447,6629.0
2020-01-06 16:51:00,96.0846,96.1648,96.0528,96.1088,8976.0
2020-01-06 16:52:00,95.9518,96.0697,95.9906,96.0301,5176.0
2020-01-06 16:53:00,95.944,95.9551,95.9095,95.9323,7025.0
2020-01-06 16:54:00,95.877,96.0484,95.7148,95.8816,6920.0
2020-01-06 16:55:00,95.8837,95.9698,95.8414,95.9056,3813.0
2020-01-06 16:56:00,96.0041,96.1055,96.0029,96.0542,3301.0
2020-01-06 16:57:00,95.8044,95.8748,95.824,95.8494,2020.0
2020-01-06 16:58:00,95.8583,95.8359,95.8188,95.8274,8979.0
2020-01-06 16:59:00,95.7382,95.7145,95.6737,95.6941,252.0
2020-01-06 17:00:00,95.5125,95.5608,95.4969,95.5289,4753.0
2020-01-06 17:01:00,95.6039,95.6702,95.5809,95.6256,7617.0
2020-01-06 17:02:00,95.6373,95.7208,95.6392,95.68,7276.0
2020-01-06 17:03:00,95.7718,95.7376,95.7123,95.725,9362.0
2020-01-06 17:04:00,95.8186,95.8379,95.7963,95.8171,6573.0
2020-01-06 17:05:00,95.7875,95.8236,95.7146,95.7691,3890.0
2020-01-06 17:06:00,95.7438,95.7634,95.6883,95.7258,6996.0
2020-01-06 17:07:00,95.929,95.9892,95.8996,95.9444,4198.0
2020-01-06 17:08:00,95.8615,95.9616,95.8779,95.9198,7676.0
2020-01-06 17:09:00,95.9435,96.0295,95.9571,95.9933,1159.0
2020-01-06 17:10:00,96.0503,96.0196,95.9682,95.9939,2958.0
2020-01-06 17:11:00,95.7728,95.8546,95.7636,95.8091,7701.0
2020-01-06 17:12:00,95.5841,95.6627,95.5466,95.6046,6050.0
2020-01-06 17:13:00,95.49,95.6006,95.4928,95.5467,8248.0
2020-01-06 17:14:00,95.5915,95.6654,95.6393,95.6523,9733.0
2020-01-06 17:15:00,95.6927,95.8154,95.6469,95.7312,2366.0
2020-01-06 17:16:00,95.907,95.8986,95.7465,95.8226,2348.0
2020-01-06 17:17:00,95.7568,95.812,95.6357,95.7239,4589.0
2020-01-06 17:18:00,95.8591,95.9035,95.8674,95.8854,7806.0
2020-01-06 17:19:00,95.8431,95.8079,95.77,95.789,8892.0
2020-01-06 17:20:00,95.8026,95.82,95.8005,95.8102,8086.0
2020-01-06 17:21:00,95.8769,95.8441,95.7744,95.8092,935.0
2020-01-06 17:22:00,95.9024,95.7954,95.7882,95.7918,8691.0
2020-01-06 17:23:00,95.9771,95.9626,95.8888,95.9257,1107.0
2020-01-06 17:24:00,95.8599,95.8902,95.8201,95.8552,9058.0
2020-01-06 17:25:00,95.7552,95.7445,95.6959,95.7202,532.0
2020-01-06 17:26:00,95.723,95.7673,95.6771,95.7222,8691.0
2020-01-06 17:27:00,95.5904,95.7206,95.6438,95.6822,5221.0
2020-01-06 17:28:00,95.9872,96.0886,95.9513,96.02,428.0
2020-01-06 17:29:00,96.04,96.1128,96.0624,96.0876,4830.0
2020-01-06 17:30:00,96.0128,96.1123,95.9811,96.0467,1712.0
2020-01-06 17:31:00,96.0307,95.9834,95.8988,95.9411,4345.0
2020-01-06 17:32:00,95.8091,95.7896,95.7165,95.753,2104.0
2020-01-06 17:33:00,95.6726,95.6602,95.6408,95.6505,6803.0
2020-01-06 17:34:00,95.7026,95.6805,95.6435,95.662,6869.0
2020-01-06 17:35:00,95.7101,95.9161,95.6933,95.8047,5724.0
2020-01-06 17:36:00,95.9533,95.925,95.9088,95.9169,6819.0
2020-01-06 17:37:00,95.9868,95.9566,95.9231,95.9398,3110.0
2020-01-06 17:38:00,95.7955,95.9547,95.8603,95.9075,4345.0
2020-01-06 17:39:00,95.9726,95.9806,95.8882,95.9344,9900.0
2020-01-06 17:40:00,95.8113,95.8942,95.8709,95.8825,3218.0
2020-01-06 17:41:00,95.9559,96.0624,96.0463,96.0544,461.0
2020-01-06 17:42:00,96.1018,96.1366,95.9342,96.0354,1816.0
2020-01-06 17:43:00,95.9765,96.0318,96.0218,96.0268,2521.0
2020-01-06 17:44:00,95.7694,95.8273,95.7831,95.8052,4290.0
2020-01-06 17:45:00,95.8352,95.818,95.7534,95.7857,7368.0
2020-01-06 17:46:00,95.8541,95.9557,95.783,95.8693,3561.0
2020-01-06 17:47:00,95.7535,95.8036,95.7215,95.7626,4081.0
2020-01-06 17:48:00,95.6774,95.8049,95.5701,95.6875,4828.0
2020-01-06 17:49:00,95.7841,95.767,95.7665,95.7668,2150.0
2020-01-06 17:50:00,95.6078,95.6293,95.6088,95.6191,4359.0
2020-01-06 17:51:00,95.7306,95.8369,95.6129,95.7249,4812.0
2020-01-06 17:52:00,95.6465,95.7632,95.5801,95.6717,9660.0
2020-01-06 17:53:00,95.6504,95.6779,95.5877,95.6328,8127.0
2020-01-06 17:54:00,95.5361,95.5272,95.5136,95.5204,4361.0
2020-01-06 17:55:00,95.6531,95.5681,95.5483,95.5582,6303.0
2020-01-06 17:56:00,95.7851,95.8317,95.7767,95.8042,5964.0
2020-01-06 17:57:00,95.8731,95.8864,95.8783,95.8824,6625.0
2020-01-06 17:58:00,95.8079,95.8589,95.7329,95.7959,8952.0
2020-01-06 17:59:00,95.9577,95.9273,95.8916,95.9095,5342.0
2020-01-06 18:00:00,95.8232,95.9939,95.7617,95.8778,4662.0
2020-01-06 18:01:00,96.0204,96.0166,96.014,96.0153,7556.0
2020-01-06 18:02:00,95.9705,96.126,96.0659,96.0959,8807.0
2020-01-06 18:03:00,95.788,95.8524,95.7508,95.8016,6480.0
2020-01-06 18:04:00,95.7548,95.789,95.6134,95.7012,9011.0
2020-01-06 18:05:00,95.7593,95.8122,95.7791,95.7956,8463.0
2020-01-06 18:06:00,95.8197,95.8804,95.7413,95.8108,1569.0
2020-01-06 18:07:00,95.682,95.7242,95.6926,95.7084,1273.0
2020-01-06 18:08:00,95.6021,95.6934,95.5968,95.6451,4766.0
2020-01-06 18:09:00,95.503,95.5418,95.3672,95.4545,5000.0
2020-01-06 18:10:00,95.3934,95.4717,95.4196,95.4456,1274.0
2020-01-06 18:11:00,95.6813,95.6669,95.6665,95.6667,3844.0
2020-01-06 18:12:00,95.7626,95.7815,95.7128,95.7472,4308.0
2020-01-06 18:13:00,95.9236,95.9799,95.9525,95.9662,4131.0
2020-01-06 18:14:00,96.0622,96.0579,96.051,96.0545,6731.0
2020-01-06 18:15:00,96.1105,96.2235,96.0909,96.1572,7201.0
2020-01-06 18:16:00,96.3807,96.3681,96.3411,96.3546,9689.0
2020-01-06 18:17:00,96.3266,96.4235,96.3612,96.3923,4121.0
2020-01-06 18:18:00,96.3566,96.3798,96.3675,96.3736,8989.0
2020-01-06 18:19:00,96.4642,96.522,96.4318,96.4769,1874.0
2020-01-06 18:20:00,96.6779,96.6415,96.6031,96.6223,5466.0
2020-01-06 18:21:00,96.5813,96.6182,96.5304,96.5743,3573.0
2020-01-06 18:22:00,96.5499,96.5681,96.4362,96.5021,4163.0
2020-01-06 18:23:00,96.5437,96.5239,96.5081,96.516,8223.0
2020-01-06 18:24:00,96.6266,96.6254,96.5729,96.5992,6368.0
2020-01-06 18:25:00,96.6624,96.6958,96.6621,96.679,4708.0
2020-01-06 18:26:00,96.5876,96.5725,96.5006,96.5365,2780.0
2020-01-06 18:27:00,96.7099,96.7585,96.6969,96.7277,6844.0
2020-01-06 18:28:00,96.5771,96.7162,96.6109,96.6636,3703.0
2020-01-06 18:29:00,96.6263,96.6445,96.6297,96.6371,3444.0
2020-01-06 18:30:00,96.5695,96.582,96.5117,96.5468,9721.0
2020-01-06 18:31:00,96.7363,96.8175,96.8158,96.8167,6013.0
2020-01-06 18:32:00,96.7966,96.9098,96.7719,96.8409,8318.0
2020-01-06 18:33:00,96.6942,96.7705,96.7411,96.7558,3871.0
2020-01-06 18:34:00,96.8815,96.8718,96.8125,96.8422,9733.0
2020-01-06 18:35:00,97.0027,96.9567,96.8815,96.9191,6842.0
2020-01-06 18:36:00,96.8898,96.9516,96.849,96.9003,8858.0
2020-01-06 18:37:00,97.0109,97.1003,96.8685,96.9844,8538.0
2020-01-06 18:38:00,96.9271,96.9414,96.8623,96.9018,1623.0
2020-01-06 18:39:00,96.9302,96.9116,96.7934,96.8525,2464.0
2020-01-06 18:40:00,96.6189,96.6603,96.6427,96.6515,7701.0
2020-01-06 18:41:00,96.5081,96.5629,96.4753,96.5191,5452.0
2020-01-06 18:42:00,96.6828,96.7045,96.6953,96.6999,5154.0
2020-01-06 18:43:00,96.8678,96.9167,96.8114,96.864,7025.0
2020-01-06 18:44:00,96.9958,96.876,96.8652,96.8706,4065.0
2020-01-06 18:45:00,97.0384,97.0668,97.007,97.0369,3792.0
2020-01-06 18:46:00,96.9782,97.0412,97.0005,97.0209,5181.0
2020-01-06 18:47:00,96.9388,97.0269,96.9662,96.9965,1873.0
2020-01-06 18:48:00,97.0648,97.0604,96.944,97.0022,3037.0
2020-01-06 18:49:00,96.9467,97.0017,96.9777,96.9897,3990.0
2020-01-06 18:50:00,97.0014,96.9696,96.9668,96.9682,7636.0
2020-01-06 18:51:00,97.0485,97.124,97.0411,97.0825,7435.0
2020-01-06 18:52:00,97.0342,97.1403,97.0547,97.0975,1191.0
2020-01-06 18:53:00,97.199,97.2165,97.1211,97.1688,8219.0
2020-01-06 18:54:00,97.2404,97.2853,97.2586,97.2719,6206.0
2020-01-06 18:55:00,97.332,97.3353,97.2862,97.3107,9038.0
2020-01-06 18:56:00,97.2387,97.2539,97.1736,97.2137,9866.0
2020-01-06 18:57:00,97.1057,97.17,96.9869,97.0784,4540.0
2020-01-06 18:58:00,97.0799,97.2019,96.9847,97.0933,3701.0
2020-01-06 18:59:00,97.1105,97.0939,97.0585,97.0762,3616.0
2020-01-06 19:00:00,97.0388,97.0895,97.0803,97.0849,2952.0
2020-01-06 19:01:00,96.9606,97.0927,97.0739,97.0833,691.0
2020-01-06 19:02:00,97.377,97.397,97.2863,97.3417,792.0
2020-01-06 19:03:00,97.2169,97.2739,97.1434,97.2087,1263.0
2020-01-06 19:04:00,96.9792,97.0985,96.9208,97.0097,8700.0
2020-01-06 19:05:00,96.9693,97.0667,97.0191,97.0429,2482.0
2020-01-06 19:06:00,96.9034,97.0706,96.9399,97.0053,5500.0
2020-01-06 19:07:00,97.0394,97.1248,96.9489,97.0369,8696.0
2020-01-06 19:08:00,97.1777,97.1173,97.0732,97.0952,5942.0
2020-01-06 19:09:00,97.2167,97.2648,97.1825,97.2237,6075.0
2020-01-06 19:10:00,97.0549,97.085,97.0609,97.0729,4842.0
2020-01-06 19:11:00,97.016,97.0317,97.0028,97.0173,1583.0
2020-01-06 19:12:00,97.1691,97.0864,97.0339,97.0601,5258.0
2020-01-06 19:13:00,97.1748,97.1893,97.0851,97.1372,9156.0
2020-01-06 19:14:00,97.3099,97.4139,97.2991,97.3565,1684.0
2020-01-06 19:15:00,97.4535,97.544,97.3602,97.4521,8508.0
2020-01-06 19:16:00,97.463,97.5267,97.3661,97.4464,7513.0
2020-01-06 19:17:00,97.3046,97.4011,97.3136,97.3574,842.0
2020-01-06 19:18:00,97.3389,97.3046,97.2973,97.301,4613.0
2020-01-06 19:19:00,97.2008,97.3272,97.1561,97.2417,9155.0
2020-01-06 19:20:00,97.2317,97.3688,97.2456,97.3072,4082.0
2020-01-06 19:21:00,97.3367,97.3497,97.3161,97.3329,2955.0
2020-01-06 19:22:00,97.1964,97.2413,97.1598,97.2005,4146.0
2020-01-06 19:23:00,97.1569,97.3068,97.0071,97.1569,3784.0
2020-01-06 19:24:00,97.2065,97.25,97.2394,97.2447,8741.0
2020-01-06 19:25:00,97.2486,97.3115,97.2482,97.2799,1215.0
2020-01-06 19:26:00,97.3932,97.3454,97.3281,97.3367,2937.0
2020-01-06 19:27:00,97.3971,97.3874,97.3627,97.375,3528.0
2020-01-06 19:28:00,97.4898,97.5639,97.5114,97.5377,7144.0
2020-01-06 19:29:00,97.4637,97.5834,97.5392,97.5613,2293.0
2020-01-06 19:30:00,97.4769,97.5854,97.46,97.5227,3438.0
2020-01-06 19:31:00,97.439,97.4644,97.3978,97.4311,2266.0
2020-01-06 19:32:00,97.4245,97.494,97.4181,97.4561,1626.0
2020-01-06 19:33:00,97.1765,97.2997,97.1242,97.212,8555.0
2020-01-06 19:34:00,97.1641,97.2387,97.1484,97.1936,9591.0
2020-01-06 19:35:00,97.1693,97.2736,97.0724,97.173,3518.0
2020-01-06 19:36:00,97.0758,97.1231,96.95,97.0365,2812.0
2020-01-06 19:37:00,96.9437,96.9686,96.9188,96.9437,886.0
2020-01-06 19:38:00,97.0278,97.039,97.0103,97.0247,5088.0
2020-01-06 19:39:00,97.0365,97.114,96.9815,97.0477,335.0
2020-01-06 19:40:00,97.0329,97.0608,97.055,97.0579,3434.0
2020-01-06 19:41:00,97.1333,97.1009,97.0762,97.0885,1174.0
2020-01-06 19:42:00,97.1349,97.1268,97.0688,97.0978,843.0
2020-01-06 19:43:00,97.3244,97.2656,97.1786,97.2221,1105.0
2020-01-06 19:44:00,97.265,97.2414,97.2275,97.2344,8304.0
2020-01-06 19:45:00,97.0637,97.1486,97.0286,97.0886,7124.0
2020-01-06 19:46:00,97.2064,97.2558,97.2475,97.2516,1950.0
2020-01-06 19:47:00,97.3363,97.2952,97.2822,97.2887,5001.0
2020-01-06 19:48:00,97.189,97.27,97.1895,97.2297,3703.0
2020-01-06 19:49:00,97.1449,97.1127,97.0961,97.1044,2360.0
2020-01-06 19:50:00,97.106,97.1519,97.1361,97.144,9275.0
2020-01-06 19:51:00,97.1497,97.191,97.0735,97.1323,7914.0
2020-01-06 19:52:00,97.2367,97.37,97.2094,97.2897,1388.0
2020-01-06 19:53:00,97.2941,97.2589,97.2513,97.2551,9308.0
2020-01-06 19:54:00,97.1097,97.2094,97.1333,97.1714,2253.0
2020-01-06 19:55:00,97.2746,97.3044,97.2175,97.2609,4682.0
2020-01-06 19:56:00,97.3436,97.3912,97.3158,97.3535,4599.0
2020-01-06 19:57:00,97.3754,97.3957,97.3449,97.3703,4585.0
2020-01-06 19:58:00,97.4182,97.4732,97.4028,97.438,707.0
2020-01-06 19:59:00,97.4132,97.4785,97.3899,97.4342,4144.0
2020-01-06 20:00:00,97.4653,97.5341,97.3811,97.4576,7243.0
2020-01-06 20:01:00,97.524,97.6609,97.4873,97.5741,2936.0
2020-01-06 20:02:00,97.5862,97.7004,97.5728,97.6366,9001.0
2020-01-06 20:03:00,97.6018,97.6214,97.618,97.6197,866.0
2020-01-06 20:04:00,97.7351,97.7887,97.7212,97.7549,3698.0
2020-01-06 20:05:00,97.4682,97.6672,97.3696,97.5184,191.0
2020-01-06 20:06:00,97.7699,97.7898,97.6575,97.7236,199.0
2020-01-06 20:07:00,97.5363,97.5596,97.5465,97.5531,8977.0
2020-01-06 20:08:00,97.479,97.5687,97.412,97.4903,7722.0
2020-01-06 20:09:00,97.4199,97.4913,97.4812,97.4863,1850.0
2020-01-06 20:10:00,97.5752,97.5262,97.417,97.4716,3769.0
2020-01-06 20:11:00,97.6936,97.6022,97.5423,97.5722,493.0
2020-01-06 20:12:00,97.4274,97.5214,97.4115,97.4665,8885.0
2020-01-06 20:13:00,97.5538,97.5609,97.4242,97.4925,9177.0
2020-01-06 20:14:00,97.4301,97.4554,97.414,97.4347,8239.0
2020-01-06 20:15:00,97.5444,97.5105,97.418,97.4642,3152.0
2020-01-06 20:16:00,97.4746,97.5436,97.3719,97.4578,8796.0
2020-01-06 20:17:00,97.472,97.499,97.4351,97.467,5336.0
2020-01-06 20:18:00,97.2871,97.5544,97.2697,97.4121,3850.0
2020-01-06 20:19:00,97.3171,97.3844,97.3377,97.361,1877.0
2020-01-06 20:20:00,97.3908,97.426,97.3535,97.3898,7033.0
2020-01-06 20:21:00,97.4941,97.4913,97.477,97.4841,8425.0
2020-01-06 20:22:00,97.3636,97.4932,97.3554,97.4243,3025.0
2020-01-06 20:23:00,97.301,97.3557,97.3191,97.3374,7447.0
2020-01-06 20:24:00,97.4265,97.405,97.3926,97.3988,6920.0
2020-01-06 20:25:00,97.3264,97.4004,97.3907,97.3955,684.0
2020-01-06 20:26:00,97.4853,97.4806,97.4766,97.4786,9728.0
2020-01-06 20:27:00,97.4499,97.4206,97.3554,97.388,8648.0
2020-01-06 20:28:00,97.2293,97.2169,97.2032,97.2101,7702.0
2020-01-06 20:29:00,97.1735,97.1658,97.1478,97.1568,5296.0
2020-01-06 20:30:00,96.9791,97.0805,97.0798,97.0801,1800.0
2020-01-06 20:31:00,97.0312,97.1194,97.0251,97.0723,3781.0
2020-01-06 20:32:00,97.1113,97.0966,96.9205,97.0086,8828.0
2020-01-06 20:33:00,97.0527,97.1247,97.0406,97.0827,2568.0
2020-01-06 20:34:00,97.1171,97.0735,97.0343,97.0539,8442.0
2020-01-06 20:35:00,97.0384,97.1102,97.0276,97.0689,2650.0
2020-01-06 20:36:00,97.0708,97.094,97.0753,97.0847,987.0
2020-01-06 20:37:00,97.1299,97.1311,97.0772,97.1042,4938.0
2020-01-06 20:38:00,97.1068,97.1137,97.0898,97.1017,2662.0
2020-01-06 20:39:00,97.1719,97.208,97.0976,97.1528,9900.0
2020-01-06 20:40:00,97.0323,97.1995,96.9469,97.0732,7890.0
2020-01-06 20:41:00,97.1564,97.2378,97.1886,97.2132,6827.0
2020-01-06 20:42:00,97.1452,97.2125,97.1665,97.1895,5631.0
2020-01-06 20:43:00,97.0318,97.0814,97.0354,97.0584,9533.0
2020-01-06 20:44:00,97.0657,97.122,97.0324,97.0772,307.0
2020-01-06 20:45:00,97.0439,97.0519,96.9323,96.9921,3932.0
2020-01-06 20:46:00,97.063,97.1043,97.0129,97.0586,3461.0
2020-01-06 20:47:00,97.3038,97.308,97.2511,97.2796,2999.0
2020-01-06 20:48:00,97.208,97.2406,97.1612,97.2009,8251.0
2020-01-06 20:49:00,97.1784,97.2714,97.1969,97.2341,5850.0
2020-01-06 20:50:00,97.0595,97.0896,97.0276,97.0586,4134.0
2020-01-06 20:51:00,97.1105,97.1416,97.0664,97.104,2379.0
2020-01-06 20:52:00,97.0534,97.0538,96.977,97.0154,5861.0
2020-01-06 20:53:00,96.8995,97.0252,96.8806,96.9529,9280.0
2020-01-06 20:54:00,96.7408,96.859,96.8266,96.8428,6847.0
2020-01-06 20:55:00,96.9248,96.9411,96.8909,96.916,6575.0
2020-01-06 20:56:00,97.0344,97.1217,96.9118,97.0167,7904.0
2020-01-06 20:57:00,97.0101,97.0544,96.9838,97.0191,1749.0
2020-01-06 20:58:00,96.934,96.9361,96.9292,96.9326,2508.0
2020-01-06 20:59:00,97.1355,97.1443,97.0389,97.0916,9416.0
2020-01-06 21:00:00,96.9936,97.0641,96.969,97.0165,8820.0
2020-01-06 21:01:00,96.7864,96.8167,96.784,96.8003,5696.0
2020-01-06 21:02:00,96.8501,96.872,96.8203,96.8462,9563.0
2020-01-06 21:03:00,96.6747,96.7474,96.724,96.7357,7642.0
2020-01-06 21:04:00,96.827,96.907,96.7622,96.8346,1519.0
2020-01-06 21:05:00,96.7933,96.8104,96.7825,96.7965,5795.0
2020-01-06 21:06:00,96.9387,96.8607,96.8529,96.8568,8226.0
2020-01-06 21:07:00,96.9821,97.0183,96.9756,96.997,4273.0
2020-01-06 21:08:00,96.8861,96.9114,96.8408,96.8761,1835.0
2020-01-06 21:09:00,96.8654,96.8273,96.8117,96.8195,4485.0
2020-01-06 21:10:00,96.7701,96.8621,96.7618,96.8119,1248.0
2020-01-06 21:11:00,97.0345,97.0141,96.9172,96.9657,8123.0
2020-01-06 21:12:00,96.988,96.9998,96.7999,96.8998,5687.0
2020-01-06 21:13:00,96.8389,96.882,96.7988,96.8404,9815.0
2020-01-06 21:14:00,96.8612,96.9279,96.8485,96.8882,6795.0
2020-01-06 21:15:00,96.9118,96.8967,96.7643,96.8305,9002.0
2020-01-06 21:16:00,96.8855,96.88,96.8115,96.8457,9252.0
2020-01-06 21:17:00,96.6947,96.7183,96.6629,96.6906,7958.0
2020-01-06 21:18:00,96.9834,96.9183,96.9057,96.912,104.0
2020-01-06 21:19:00,96.8433,96.816,96.7385,96.7772,5019.0
2020-01-06 21:20:00,96.7283,96.7594,96.7308,96.7451,8409.0
2020-01-06 21:21:00,96.7543,96.832,96.6516,96.7418,2891.0
2020-01-06 21:22:00,96.9619,96.938,96.9282,96.9331,9858.0
2020-01-06 21:23:00,96.802,96.8678,96.7335,96.8006,6992.0
2020-01-06 21:24:00,96.9294,97.0427,96.9553,96.999,6673.0
2020-01-06 21:25:00,97.0278,97.1115,97.0379,97.0747,5929.0
2020-01-06 21:26:00,97.0485,97.217,97.0158,97.1164,6924.0
2020-01-06 21:27:00,97.0426,97.0644,96.9715,97.0179,3472.0
2020-01-06 21:28:00,97.0158,97.0814,97.0687,97.0751,5639.0
2020-01-06 21:29:00,97.0123,97.0249,96.9805,97.0027,5281.0
2020-01-06 21:30:00,97.221,97.2035,97.0552,97.1294,9477.0
2020-01-06 21:31:00,97.1037,97.0325,97.032,97.0323,7353.0
2020-01-06 21:32:00,96.9291,97.0226,97.0193,97.0209,5232.0
2020-01-06 21:33:00,96.9015,97.0306,96.9003,96.9654,4612.0
2020-01-06 21:34:00,96.8278,96.9403,96.793,96.8667,1247.0
2020-01-06 21:35:00,96.8824,96.9651,96.9165,96.9408,3166.0
2020-01-06 21:36:00,96.9117,97.0379,96.9508,96.9943,8907.0
2020-01-06 21:37:00,97.1147,97.1248,97.1057,97.1152,3220.0
2020-01-06 21:38:00,96.9725,96.9948,96.8797,96.9373,1126.0
2020-01-06 21:39:00,97.0914,97.048,97.0394,97.0437,3170.0
2020-01-06 21:40:00,97.2705,97.2969,97.2915,97.2942,9053.0
2020-01-06 21:41:00,97.2355,97.2949,97.2032,97.2491,5942.0
2020-01-06 21:42:00,97.4564,97.5166,97.3606,97.4386,5769.0
2020-01-06 21:43:00,97.4068,97.505,97.3195,97.4123,7420.0
2020-01-06 21:44:00,97.3155,97.3316,97.2185,97.275,7584.0
2020-01-06 21:45:00,97.266,97.3141,97.1748,97.2445,4922.0
2020-01-06 21:46:00,97.3305,97.3571,97.3415,97.3493,8725.0
2020-01-06 21:47:00,97.1726,97.2705,97.2605,97.2655,1322.0
2020-01-06 21:48:00,97.2804,97.2191,97.1917,97.2054,9825.0
2020-01-06 21:49:00,97.2305,97.2852,97.2443,97.2648,6283.0
2020-01-06 21:50:00,97.283,97.2841,97.246,97.2651,4893.0
2020-01-06 21:51:00,97.2277,97.3645,97.2826,97.3235,5708.0
2020-01-06 21:52:00,97.3468,97.3674,97.3272,97.3473,9083.0
2020-01-06 21:53:00,97.4003,97.4013,97.3893,97.3953,7848.0
2020-01-06 21:54:00,97.3595,97.3599,97.3442,97.3521,6647.0
2020-01-06 21:55:00,97.5259,97.4221,97.3284,97.3752,9344.0
2020-01-06 21:56:00,97.2509,97.3057,97.2593,97.2825,2184.0
2020-01-06 21:57:00,97.4524,97.415,97.4077,97.4113,2654.0
2020-01-06 21:58:00,97.3741,97.3497,97.3461,97.3479,1781.0
2020-01-06 21:59:00,97.4269,97.4781,97.4435,97.4608,3822.0
2020-01-06 22:00:00,97.4777,97.4609,97.414,97.4374,2136.0
2020-01-06 22:01:00,97.4494,97.4987,97.4166,97.4576,7203.0
2020-01-06 22:02:00,97.4519,97.4619,97.3543,97.4081,3257.0
2020-01-06 22:03:00,97.4046,97.3271,97.286,97.3065,7655.0
2020-01-06 22:04:00,97.1396,97.1626,97.1015,97.1321,7667.0
2020-01-06 22:05:00,97.0125,97.0832,96.9699,97.0265,8713.0
2020-01-06 22:06:00,97.0467,97.0728,96.9155,96.9941,1058.0
2020-01-06 22:07:00,97.0852,97.0185,97.0122,97.0153,5552.0
2020-01-06 22:08:00,97.0722,97.2012,97.0315,97.1164,8886.0
2020-01-06 22:09:00,97.0491,97.1367,97.0069,97.0718,2317.0
2020-01-06 22:10:00,97.0174,97.0214,96.9458,96.9836,9640.0
2020-01-06 22:11:00,96.8327,96.8496,96.8291,96.8393,2929.0
2020-01-06 22:12:00,96.8396,96.9516,96.8231,96.8873,327.0
2020-01-06 22:13:00,97.0527,97.0859,96.9654,97.0256,7593.0
2020-01-06 22:14:00,97.1859,97.157,97.1476,97.1523,104.0
2020-01-06 22:15:00,97.2066,97.2433,97.2033,97.2233,251.0
2020-01-06 22:16:00,97.2902,97.3457,97.2286,97.2871,3177.0
2020-01-06 22:17:00,97.4281,97.5085,97.4053,97.4569,6533.0
2020-01-06 22:18:00,97.4353,97.5156,97.4646,97.4901,4071.0
2020-01-06 22:19:00,97.5299,97.6352,97.4742,97.5547,1104.0
2020-01-06 22:20:00,97.5263,97.5245,97.5207,97.5226,7401.0
2020-01-06 22:21:00,97.3127,97.4057,97.3671,97.3864,8102.0
2020-01-06 22:22:00,97.2968,97.3475,97.2885,97.318,3760.0
2020-01-06 22:23:00,97.3215,97.3911,97.2431,97.3171,3618.0
2020-01-06 22:24:00,97.3829,97.3371,97.3093,97.3232,9286.0
2020-01-06 22:25:00,97.5002,97.6264,97.4053,97.5158,6589.0
2020-01-06 22:26:00,97.4617,97.5433,97.5046,97.524,9914.0
2020-01-06 22:27:00,97.6314,97.7203,97.5634,97.6418,2727.0
2020-01-06 22:28:00,97.57,97.636,97.5607,97.5983,4808.0
2020-01-06 22:29:00,97.5948,97.578,97.5564,97.5672,6187.0
2020-01-06 22:30:00,97.4174,97.4728,97.3957,97.4343,6917.0
2020-01-06 22:31:00,97.2245,97.3605,97.3596,97.36,6556.0
2020-01-06 22:32:00,97.5973,97.4276,97.3979,97.4127,2025.0
2020-01-06 22:33:00,97.4206,97.4498,97.3772,97.4135,5802.0
2020-01-06 22:34:00,97.5122,97.6024,97.4132,97.5078,8464.0
2020-01-06 22:35:00,97.4488,97.5409,97.5109,97.5259,9484.0
2020-01-06 22:36:00,97.4174,97.5165,97.4649,97.4907,9418.0
2020-01-06 22:37:00,97.7009,97.715,97.696,97.7055,327.0
2020-01-06 22:38:00,97.7129,97.8221,97.5701,97.6961,7400.0
2020-01-06 22:39:00,97.8475,97.8192,97.8057,97.8124,3743.0
2020-01-06 22:40:00,97.7842,97.802,97.7426,97.7723,3828.0
2020-01-06 22:41:00,97.7839,97.9005,97.786,97.8432,9526.0
2020-01-06 22:42:00,97.8108,98.0273,97.8448,97.936,5328.0
2020-01-06 22:43:00,97.9519,97.9751,97.9387,97.9569,4716.0
2020-01-06 22:44:00,97.6948,97.7542,97.6887,97.7214,3815.0
2020-01-06 22:45:00,97.6601,97.7431,97.7034,97.7233,4621.0
2020-01-06 22:46:00,97.8877,97.8471,97.8456,97.8463,2221.0
2020-01-06 22:47:00,97.8203,97.9576,97.8405,97.8991,7363.0
2020-01-06 22:48:00,97.9745,97.9503,97.937,97.9437,7396.0
2020-01-06 22:49:00,97.7009,97.7955,97.7474,97.7714,442.0
2020-01-06 22:50:00,97.7061,97.7261,97.6726,97.6994,6644.0
2020-01-06 22:51:00,97.7872,97.825,97.656,97.7405,4417.0
2020-01-06 22:52:00,97.7647,97.8234,97.7397,97.7816,9650.0
2020-01-06 22:53:00,97.9875,97.9172,97.8888,97.903,4932.0
2020-01-06 22:54:00,97.9844,97.931,97.8461,97.8885,3274.0
2020-01-06 22:55:00,97.941,97.933,97.9253,97.9291,9029.0
2020-01-06 22:56:00,97.9578,97.9402,97.9213,97.9308,8154.0
2020-01-06 22:57:00,97.8851,97.9035,97.7606,97.8321,1126.0
2020-01-06 22:58:00,97.6337,97.6743,97.5386,97.6065,6049.0
2020-01-06 22:59:00,97.6714,97.6581,97.6411,97.6496,4739.0
2020-01-06 23:00:00,97.6408,97.6938,97.6401,97.667,1203.0
2020-01-06 23:01:00,97.5208,97.6388,97.5715,97.6052,2783.0
2020-01-06 23:02:00,97.3737,97.4747,97.4118,97.4432,5044.0
2020-01-06 23:03:00,97.6253,97.5161,97.4963,97.5062,7064.0
2020-01-06 23:04:00,97.4957,97.5463,97.4129,97.4796,8687.0
2020-01-06 23:05:00,97.523,97.5912,97.4795,97.5353,7603.0
2020-01-06 23:06:00,97.7849,97.8281,97.6153,97.7217,7477.0
2020-01-06 23:07:00,97.4701,97.5448,97.4703,97.5076,9826.0
2020-01-06 23:08:00,97.4668,97.4966,97.3786,97.4376,8336.0
2020-01-06 23:09:00,97.4205,97.4233,97.4101,97.4167,2079.0
2020-01-06 23:10:00,97.5852,97.6726,97.4517,97.5622,1964.0
2020-01-06 23:11:00,97.3817,97.4941,97.303,97.3985,4544.0
2020-01-06 23:12:00,97.5439,97.5992,97.5851,97.5921,3201.0
2020-01-06 23:13:00,97.5645,97.6295,97.5819,97.6057,3533.0
2020-01-06 23:14:00,97.5569,97.5978,97.5944,97.5961,9095.0
2020-01-06 23:15:00,97.5761,97.5954,97.5572,97.5763,2169.0
2020-01-06 23:16:00,97.4549,97.5686,97.4968,97.5327,5240.0
2020-01-06 23:17:00,97.5751,97.6675,97.6075,97.6375,8782.0
2020-01-06 23:18:00,97.5374,97.538,97.5232,97.5306,1579.0
2020-01-06 23:19:00,97.5588,97.6217,97.5087,97.5652,1803.0
2020-01-06 23:20:00,97.5363,97.529,97.5245,97.5267,4416.0
2020-01-06 23:21:00,97.4483,97.47,97.4311,97.4505,4786.0
2020-01-06 23:22:00,97.8351,97.7326,97.6856,97.7091,5717.0
2020-01-06 23:23:00,97.7574,97.7671,97.735,97.751,5008.0
2020-01-06 23:24:00,97.7934,97.9034,97.7213,97.8124,3330.0
2020-01-06 23:25:00,97.9312,97.9376,97.9147,97.9261,8434.0
2020-01-06 23:26:00,97.835,97.8999,97.6681,97.784,1949.0
2020-01-06 23:27:00,97.9567,98.0135,97.9049,97.9592,4120.0
2020-01-06 23:28:00,97.7426,97.7726,97.6441,97.7083,8336.0
2020-01-06 23:29:00,97.6513,97.6342,97.6287,97.6315,550.0
2020-01-06 23:30:00,97.571,97.6157,97.5554,97.5856,1359.0
2020-01-06 23:31:00,97.6493,97.7098,97.5777,97.6437,9295.0
2020-01-06 23:32:00,97.7455,97.6726,97.6586,97.6656,4877.0
2020-01-06 23:33:00,97.6611,97.7216,97.5762,97.6489,7492.0
2020-01-06 23:34:00,97.5984,97.6672,97.6283,97.6477,7675.0
2020-01-06 23:35:00,97.5339,97.554,97.5459,97.5499,8086.0
2020-01-06 23:36:00,97.2945,97.4507,97.3497,97.4002,2096.0
2020-01-06 23:37:00,97.4797,97.4899,97.4558,97.4728,4988.0
2020-01-06 23:38:00,97.6078,97.6208,97.4636,97.5422,7236.0
2020-01-06 23:39:00,97.6336,97.7056,97.6957,97.7007,1594.0
2020-01-06 23:40:00,97.6291,97.6973,97.546,97.6217,9364.0
2020-01-06 23:41:00,97.7402,97.6928,97.6891,97.6909,1678.0
2020-01-06 23:42:00,97.7171,97.7996,97.5255,97.6626,1335.0
2020-01-06 23:43:00,97.8456,97.801,97.7622,97.7816,9307.0
2020-01-06 23:44:00,97.7904,97.8937,97.8739,97.8838,7093.0
2020-01-06 23:45:00,97.9302,97.9964,97.8135,97.9049,1659.0
2020-01-06 23:46:00,97.7957,97.9549,97.787,97.871,9860.0
2020-01-06 23:47:00,97.9172,98.0158,97.9183,97.9671,7988.0
2020-01-06 23:48:00,98.0728,98.0684,97.9951,98.0318,9802.0
2020-01-06 23:49:00,97.9712,98.0087,97.9179,97.9633,4675.0
2020-01-06 23:50:00,97.8669,97.8323,97.8288,97.8305,3956.0
2020-01-06 23:51:00,97.7552,97.8339,97.7695,97.8017,4239.0
2020-01-06 23:52:00,98.0269,97.9582,97.9482,97.9532,7932.0
2020-01-06 23:53:00,98.1023,98.078,98.0577,98.0679,3627.0
2020-01-06 23:54:00,98.0011,98.0166,97.8966,97.9566,6598.0
2020-01-06 23:55:00,97.7859,97.8654,97.8143,97.8399,5919.0
2020-01-06 23:56:00,98.0259,97.9895,97.9452,97.9673,3968.0
2020-01-06 23:57:00,97.838,97.8559,97.8517,97.8538,4551.0
2020-01-06 23:58:00,97.8741,97.9088,97.9006,97.9047,7404.0
2020-01-06 23:59:00,97.8744,97.94,97.7462,97.8431,8194.0
2020-01-07 00:00:00,98.034,98.0414,97.9682,98.0048,5839.0
2020-01-07 00:01:00,97.8854,97.9704,97.8851,97.9278,9793.0
2020-01-07 00:02:00,98.1449,98.0504,98.0338,98.0421,914.0
2020-01-07 00:03:00,98.1513,98.0716,98.0496,98.0606,7684.0
2020-01-07 00:04:00,98.1161,98.1074,98.0642,98.0858,4165.0
2020-01-07 00:05:00,97.9103,97.9276,97.8499,97.8888,1423.0
2020-01-07 00:06:00,97.685,97.674,97.663,97.6685,8296.0
2020-01-07 00:07:00,97.5689,97.6575,97.6353,97.6464,9550.0
2020-01-07 00:08:00,97.6768,97.6791,97.6631,97.6711,2134.0
2020-01-07 00:09:00,97.5636,97.5595,97.5577,97.5586,6690.0
2020-01-07 00:10:00,97.4209,97.5966,97.3028,97.4497,6066.0
2020-01-07 00:11:00,97.4904,97.5392,97.4725,97.5059,299.0
2020-01-07 00:12:00,97.4431,97.5959,97.5284,97.5622,1805.0
2020-01-07 00:13:00,97.4935,97.5831,97.5137,97.5484,4031.0
2020-01-07 00:14:00,97.6725,97.6562,97.5966,97.6264,2168.0
2020-01-07 00:15:00,97.5955,97.5236,97.4944,97.509,3858.0
2020-01-07 00:16:00,97.4262,97.5277,97.4191,97.4734,2943.0
2020-01-07 00:17:00,97.6473,97.6628,97.6136,97.6382,2296.0
2020-01-07 00:18:00,97.6999,97.6702,97.6198,97.645,8916.0
2020-01-07 00:19:00,97.6316,97.6734,97.6419,97.6576,2233.0
2020-01-07 00:20:00,97.922,97.924,97.8525,97.8882,2678.0
2020-01-07 00:21:00,97.7466,97.8412,97.6554,97.7483,6306.0
2020-01-07 00:22:00,97.8875,97.8633,97.7926,97.8279,8983.0
2020-01-07 00:23:00,97.9302,98.0028,97.9858,97.9943,2697.0
2020-01-07 00:24:00,97.9066,98.0205,97.9032,97.9619,913.0
2020-01-07 00:25:00,98.0618,98.1353,97.9604,98.0478,6651.0
2020-01-07 00:26:00,97.9544,97.965,97.9342,97.9496,1727.0
2020-01-07 00:27:00,97.8781,97.9156,97.8462,97.8809,4716.0
2020-01-07 00:28:00,97.9482,97.9835,97.8553,97.9194,3692.0
2020-01-07 00:29:00,97.9528,98.0267,97.9719,97.9993,2680.0
2020-01-07 00:30:00,98.0429,98.1481,98.0747,98.1114,6338.0
2020-01-07 00:31:00,98.2433,98.3002,98.2365,98.2684,4032.0
2020-01-07 00:32:00,98.2422,98.3225,98.2007,98.2616,8587.0
2020-01-07 00:33:00,98.3668,98.3985,98.3635,98.381,7213.0
2020-01-07 00:34:00,98.4102,98.4367,98.2568,98.3467,3351.0
2020-01-07 00:35:00,98.4755,98.4405,98.4334,98.4369,1254.0
2020-01-07 00:36:00,98.4844,98.5084,98.407,98.4577,632.0
2020-01-07 00:37:00,98.5134,98.5384,98.4661,98.5023,5227.0
2020-01-07 00:38:00,98.5229,98.5597,98.5296,98.5446,987.0
2020-01-07 00:39:00,98.3414,98.4011,98.3672,98.3841,3372.0
2020-01-07 00:40:00,98.2119,98.2788,98.2647,98.2717,3025.0
2020-01-07 00:41:00,98.2473,98.3171,98.2468,98.282,2532.0
2020-01-07 00:42:00,98.1111,98.1316,98.0949,98.1133,3697.0
2020-01-07 00:43:00,98.1386,98.2162,98.1766,98.1964,8111.0
2020-01-07 00:44:00,98.292,98.2843,98.2828,98.2835,5625.0
2020-01-07 00:45:00,98.3065,98.363,98.2695,98.3163,4718.0
2020-01-07 00:46:00,98.1843,98.2136,98.1947,98.2041,9126.0
2020-01-07 00:47:00,98.4002,98.3461,98.3382,98.3422,9669.0
2020-01-07 00:48:00,98.4228,98.5646,98.5272,98.5459,3580.0
2020-01-07 00:49:00,98.5414,98.5687,98.5525,98.5606,4706.0
2020-01-07 00:50:00,98.494,98.6508,98.5725,98.6116,8503.0
2020-01-07 00:51:00,98.6437,98.6759,98.5877,98.6318,9218.0
2020-01-07 00:52:00,98.723,98.7236,98.6461,98.6848,2772.0
2020-01-07 00:53:00,98.6053,98.7271,98.6187,98.6729,4132.0
2020-01-07 00:54:00,98.6083,98.6854,98.6535,98.6694,8636.0
2020-01-07 00:55:00,98.6751,98.8108,98.7092,98.76,6093.0
2020-01-07 00:56:00,98.9978,99.0122,98.9769,98.9946,6103.0
2020-01-07 00:57:00,98.8375,98.896,98.8131,98.8546,9993.0
2020-01-07 00:58:00,98.8302,98.8737,98.8146,98.8442,7525.0
2020-01-07 00:59:00,98.7077,98.7787,98.6736,98.7261,3946.0
2020-01-07 01:00:00,98.8367,98.9651,98.8056,98.8853,4116.0
2020-01-07 01:01:00,98.8832,98.8922,98.7609,98.8266,395.0
2020-01-07 01:02:00,98.6959,98.7391,98.6254,98.6822,7824.0
2020-01-07 01:03:00,98.6868,98.7834,98.7087,98.7461,7484.0
2020-01-07 01:04:00,98.8855,98.9705,98.8705,98.9205,4583.0
2020-01-07 01:05:00,98.9432,99.0527,98.921,98.9869,1596.0
2020-01-07 01:06:00,99.0776,99.1177,98.897,99.0073,1667.0
2020-01-07 01:07:00,99.0838,99.1326,98.9639,99.0482,6133.0
2020-01-07 01:08:00,99.1834,99.244,99.1355,99.1897,5550.0
2020-01-07 01:09:00,99.1877,99.141,99.0637,99.1023,2075.0
2020-01-07 01:10:00,99.1637,99.1168,99.0655,99.0911,4232.0
2020-01-07 01:11:00,99.0343,99.0847,99.007,99.0459,7498.0
2020-01-07 01:12:00,98.9085,98.9578,98.9004,98.9291,4378.0
2020-01-07 01:13:00,98.8781,98.9956,98.7969,98.8962,8025.0
2020-01-07 01:14:00,98.9594,99.0129,99.0011,99.007,4265.0
2020-01-07 01:15:00,99.1504,99.1245,99.0028,99.0637,8528.0
2020-01-07 01:16:00,99.0778,99.1408,99.1154,99.1281,563.0
2020-01-07 01:17:00,99.1862,99.2029,99.0826,99.1427,5337.0
2020-01-07 01:18:00,99.2296,99.2746,99.1155,99.1951,1029.0
2020-01-07 01:19:00,99.0998,99.148,99.082,99.115,1986.0
2020-01-07 01:20:00,99.1746,99.1087,99.0594,99.0841,7773.0
2020-01-07 01:21:00,99.0253,99.1268,99.0797,99.1033,7771.0
2020-01-07 01:22:00,99.127,99.1618,99.1002,99.131,8018.0
2020-01-07 01:23:00,99.1386,99.2585,99.0675,99.163,4011.0
2020-01-07 01:24:00,99.1972,99.1791,99.1193,99.1492,6644.0
2020-01-07 01:25:00,99.1291,99.1764,99.0465,99.1115,4512.0
2020-01-07 01:26:00,99.3409,99.473,99.3814,99.4272,817.0
2020-01-07 01:27:00,99.5799,99.5952,99.4407,99.5179,6465.0
2020-01-07 01:28:00,99.5835,99.5994,99.5191,99.5592,757.0
2020-01-07 01:29:00,99.4841,99.6182,99.4536,99.5359,1312.0
2020-01-07 01:30:00,99.4733,99.5518,99.4298,99.4908,6535.0
2020-01-07 01:31:00,99.4127,99.5229,99.4325,99.4777,857.0
2020-01-07 01:32:00,99.4985,99.5622,99.4518,99.507,7002.0
2020-01-07 01:33:00,99.3265,99.3314,99.3065,99.3189,5636.0
2020-01-07 01:34:00,99.1453,99.2139,99.1101,99.162,3578.0
2020-01-07 01:35:00,99.0758,99.1337,99.063,99.0983,5672.0
2020-01-07 01:36:00,99.0384,99.1367,99.1013,99.119,9522.0
2020-01-07 01:37:00,99.112,99.2166,98.9737,99.0951,6169.0
2020-01-07 01:38:00,99.1467,99.325,99.1608,99.2429,5579.0
2020-01-07 01:39:00,99.0962,99.0969,99.0925,99.0947,5225.0
2020-01-07 01:40:00,98.9296,99.0842,98.9549,99.0195,5193.0
2020-01-07 01:41:00,99.1741,99.2224,99.1207,99.1716,5692.0
2020-01-07 01:42:00,99.1844,99.2342,99.1351,99.1847,182.0
2020-01-07 01:43:00,99.2933,99.3032,99.2431,99.2732,8066.0
2020-01-07 01:44:00,99.5214,99.5476,99.4089,99.4783,3862.0
2020-01-07 01:45:00,99.4613,99.443,99.3748,99.4089,1500.0
2020-01-07 01:46:00,99.3185,99.4138,99.3841,99.399,758.0
2020-01-07 01:47:00,99.3688,99.393,99.3504,99.3717,6345.0
2020-01-07 01:48:00,99.2768,99.211,99.1415,99.1763,5250.0
2020-01-07 01:49:00,99.1512,99.2016,99.0889,99.1452,1437.0
2020-01-07 01:50:00,99.1918,99.2692,99.1975,99.2333,7240.0
2020-01-07 01:51:00,99.2834,99.2931,99.2817,99.2874,8985.0
2020-01-07 01:52:00,99.3301,99.3798,99.3188,99.3493,4427.0
2020-01-07 01:53:00,99.2529,99.3144,99.3091,99.3117,9436.0
2020-01-07 01:54:00,99.2896,99.2811,99.2112,99.2461,3356.0
2020-01-07 01:55:00,99.4023,99.4558,99.2904,99.3731,963.0
2020-01-07 01:56:00,99.2566,99.3788,99.2679,99.3233,1349.0
2020-01-07 01:57:00,99.3481,99.4097,99.2958,99.3527,9510.0
2020-01-07 01:58:00,99.3407,99.3844,99.3537,99.3691,5004.0
2020-01-07 01:59:00,99.4352,99.5774,99.453,99.5152,9341.0
2020-01-07 02:00:00,99.5416,99.6288,99.596,99.6124,7461.0
2020-01-07 02:01:00,99.4196,99.4998,99.4659,99.4829,3002.0
2020-01-07 02:02:00,99.3612,99.4231,99.3051,99.3641,4906.0
2020-01-07 02:03:00,99.3991,99.4742,99.3698,99.422,5483.0
2020-01-07 02:04:00,99.3676,99.4626,99.3685,99.4156,9786.0
2020-01-07 02:05:00,99.3504,99.3995,99.3406,99.37,2436.0
2020-01-07 02:06:00,99.509,99.4964,99.4469,99.4716,467.0
2020-01-07 02:07:00,99.5082,99.5385,99.4422,99.4904,511.0
2020-01-07 02:08:00,99.5457,99.5481,99.4431,99.4956,3193.0
2020-01-07 02:09:00,99.5622,99.587,99.5601,99.5736,8134.0
2020-01-07 02:10:00,99.6162,99.5382,99.5339,99.5361,453.0
2020-01-07 02:11:00,99.7103,99.6931,99.6928,99.6929,9857.0
2020-01-07 02:12:00,99.5897,99.64,99.5882,99.6141,5778.0
2020-01-07 02:13:00,99.6845,99.7088,99.6508,99.6798,1438.0
2020-01-07 02:14:00,99.7608,99.8771,99.7693,99.8232,4977.0
2020-01-07 02:15:00,99.6702,99.7096,99.6613,99.6855,428.0
2020-01-07 02:16:00,99.6726,99.6845,99.6177,99.6511,9785.0
2020-01-07 02:17:00,99.7959,99.8138,99.7169,99.7653,8255.0
2020-01-07 02:18:00,99.8606,99.8923,99.8698,99.8811,7116.0
2020-01-07 02:19:00,100.0006,99.9168,99.811,99.8639,1586.0
2020-01-07 02:20:00,99.7818,99.8023,99.7786,99.7905,7707.0
2020-01-07 02:21:00,99.8021,99.9066,99.8655,99.8861,3835.0
2020-01-07 02:22:00,100.0651,100.0549,99.954,100.0044,837.0
2020-01-07 02:23:00,99.9183,99.9064,99.8695,99.8879,5467.0
2020-01-07 02:24:00,99.7791,99.7814,99.7537,99.7675,3988.0
2020-01-07 02:25:00,99.7668,99.8607,99.7195,99.7901,6992.0
2020-01-07 02:26:00,99.8727,99.8784,99.8276,99.853,4943.0
2020-01-07 02:27:00,99.9041,99.9062,99.74,99.8231,9594.0
2020-01-07 02:28:00,99.9011,99.954,99.8281,99.891,6391.0
2020-01-07 02:29:00,99.7465,99.8644,99.7757,99.82,2768.0
2020-01-07 02:30:00,99.4359,99.658,99.5591,99.6085,4338.0
2020-01-07 02:31:00,99.5854,99.6424,99.4899,99.5662,5171.0
2020-01-07 02:32:00,99.5232,99.6491,99.4958,99.5725,4266.0
2020-01-07 02:33:00,99.5399,99.5943,99.4955,99.5449,737.0
2020-01-07 02:34:00,99.3886,99.4774,99.3807,99.429,4662.0
2020-01-07 02:35:00,99.2034,99.2626,99.2323,99.2475,2741.0
2020-01-07 02:36:00,99.1578,99.2379,99.1542,99.1961,8332.0
2020-01-07 02:37:00,99.2521,99.3034,99.2682,99.2858,9062.0
2020-01-07 02:38:00,99.4503,99.4947,99.3282,99.4114,5902.0
2020-01-07 02:39:00,99.5589,99.5974,99.4631,99.5302,4474.0
2020-01-07 02:40:00,99.3882,99.4628,99.4345,99.4486,7738.0
2020-01-07 02:41:00,99.2797,99.3978,99.2687,99.3333,3116.0
2020-01-07 02:42:00,99.4019,99.4445,99.3213,99.3829,3810.0
2020-01-07 02:43:00,99.4991,99.5006,99.3923,99.4464,157.0
2020-01-07 02:44:00,99.5383,99.5112,99.4617,99.4865,9945.0
2020-01-07 02:45:00,99.2349,99.3493,99.2208,99.285,3337.0
2020-01-07 02:46:00,99.2478,99.2797,99.117,99.1984,6616.0
2020-01-07 02:47:00,99.1066,99.2508,99.14,99.1954,181.0
2020-01-07 02:48:00,99.234,99.2547,99.2335,99.2441,6089.0
2020-01-07 02:49:00,99.3452,99.3225,99.3191,99.3208,6607.0
2020-01-07 02:50:00,99.2313,99.3572,99.3133,99.3353,1608.0
2020-01-07 02:51:00,99.473,99.3781,99.3586,99.3683,5265.0
2020-01-07 02:52:00,99.4432,99.4164,99.3372,99.3768,8553.0
2020-01-07 02:53:00,99.4777,99.466,99.4248,99.4454,3806.0
2020-01-07 02:54:00,99.4284,99.5747,99.3786,99.4767,6335.0
2020-01-07 02:55:00,99.4798,99.6169,99.3496,99.4833,4214.0
2020-01-07 02:56:00,99.4959,99.5345,99.3783,99.4564,2417.0
2020-01-07 02:57:00,99.4084,99.4885,99.4406,99.4645,4772.0
2020-01-07 02:58:00,99.504,99.5299,99.4961,99.513,8960.0
2020-01-07 02:59:00,99.5853,99.5797,99.4998,99.5398,1370.0
2020-01-07 03:00:00,99.5031,99.6144,99.5412,99.5778,3914.0
2020-01-07 03:01:00,99.7287,99.7398,99.6844,99.7121,4119.0
2020-01-07 03:02:00,99.6509,99.8462,99.6311,99.7386,4815.0
2020-01-07 03:03:00,99.6265,99.764,99.5834,99.6737,6746.0
2020-01-07 03:04:00,99.7369,99.7994,99.7248,99.7621,6939.0
2020-01-07 03:05:00,99.6511,99.6735,99.5774,99.6255,2331.0
2020-01-07 03:06:00,99.4823,99.562,99.4727,99.5173,8732.0
2020-01-07 03:07:00,99.5572,99.5628,99.539,99.5509,680.0
2020-01-07 03:08:00,99.5682,99.7102,99.4949,99.6025,3421.0
2020-01-07 03:09:00,99.4515,99.4924,99.4637,99.478,475.0
2020-01-07 03:10:00,99.5023,99.4819,99.3977,99.4398,6181.0
2020-01-07 03:11:00,99.3216,99.4196,99.3387,99.3792,5677.0
2020-01-07 03:12:00,99.3684,99.343,99.318,99.3305,3901.0
2020-01-07 03:13:00,99.4248,99.4498,99.3999,99.4248,6589.0
2020-01-07 03:14:00,99.4667,99.4972,99.4938,99.4955,828.0
2020-01-07 03:15:00,99.4327,99.4977,99.4895,99.4936,4375.0
2020-01-07 03:16:00,99.3817,99.5328,99.3452,99.439,6880.0
2020-01-07 03:17:00,99.2671,99.38,99.228,99.304,2523.0
2020-01-07 03:18:00,99.4385,99.4952,99.3969,99.446,6426.0
2020-01-07 03:19:00,99.5354,99.5529,99.4576,99.5052,2476.0
2020-01-07 03:20:00,99.4196,99.451,99.4182,99.4346,6733.0
2020-01-07 03:21:00,99.4949,99.512,99.5011,99.5065,2347.0
2020-01-07 03:22:00,99.4953,99.5725,99.4266,99.4995,6722.0
2020-01-07 03:23:00,99.4946,99.4843,99.4573,99.4708,5674.0
2020-01-07 03:24:00,99.5466,99.5427,99.486,99.5143,7260.0
2020-01-07 03:25:00,99.3708,99.4539,99.4265,99.4402,6093.0
2020-01-07 03:26:00,99.3917,99.4174,99.3942,99.4058,5659.0
2020-01-07 03:27:00,99.4793,99.4334,99.4025,99.418,2012.0
2020-01-07 03:28:00,99.3022,99.4646,99.2714,99.368,3908.0
2020-01-07 03:29:00,99.4386,99.4474,99.4224,99.4349,2777.0
2020-01-07 03:30:00,99.6133,99.6799,99.5637,99.6218,5678.0
2020-01-07 03:31:00,99.5181,99.7435,99.3493,99.5464,9986.0
2020-01-07 03:32:00,99.4594,99.4401,99.3197,99.3799,4631.0
2020-01-07 03:33:00,99.1815,99.2009,99.1586,99.1797,1837.0
2020-01-07 03:34:00,99.2402,99.1932,99.1361,99.1647,5797.0
2020-01-07 03:35:00,99.0986,99.2007,98.996,99.0983,145.0
2020-01-07 03:36:00,99.1421,99.1868,99.0514,99.1191,7119.0
2020-01-07 03:37:00,99.1035,99.1636,99.1011,99.1324,5991.0
2020-01-07 03:38:00,98.9438,99.0424,98.9017,98.9721,2041.0
2020-01-07 03:39:00,98.811,98.8065,98.7746,98.7906,6160.0
2020-01-07 03:40:00,98.8416,98.8219,98.8185,98.8202,8447.0
2020-01-07 03:41:00,98.8636,98.8872,98.7802,98.8337,1061.0
2020-01-07 03:42:00,98.81,98.845,98.7373,98.7911,1044.0
2020-01-07 03:43:00,98.5586,98.6586,98.5922,98.6254,7874.0
2020-01-07 03:44:00,98.6322,98.6735,98.6716,98.6726,9570.0
2020-01-07 03:45:00,98.8422,98.8134,98.7861,98.7997,9677.0
2020-01-07 03:46:00,98.7296,98.8755,98.7796,98.8275,4019.0
2020-01-07 03:47:00,98.7574,98.8069,98.6787,98.7428,6158.0
2020-01-07 03:48:00,98.7417,98.7878,98.7067,98.7473,3938.0
2020-01-07 03:49:00,98.6531,98.6391,98.5822,98.6106,5659.0
2020-01-07 03:50:00,98.7373,98.7712,98.6616,98.7164,2750.0
2020-01-07 03:51:00,98.6914,98.7413,98.7079,98.7246,8531.0
2020-01-07 03:52:00,98.5123,98.5583,98.5373,98.5478,3354.0
2020-01-07 03:53:00,98.4916,98.5472,98.4882,98.5177,6502.0
2020-01-07 03:54:00,98.5931,98.6052,98.5229,98.5641,7727.0
2020-01-07 03:55:00,98.4157,98.5938,98.4677,98.5308,8791.0
2020-01-07 03:56:00,98.511,98.5298,98.4765,98.5032,6319.0
2020-01-07 03:57:00,98.3366,98.4374,98.3241,98.3807,4492.0
2020-01-07 03:58:00,98.4469,98.4721,98.4027,98.4374,7819.0
2020-01-07 03:59:00,98.3898,98.445,98.3001,98.3725,9721.0
2020-01-07 04:00:00,98.0738,98.2222,98.0916,98.1569,8818.0
2020-01-07 04:01:00,98.1084,98.1729,98.0666,98.1198,5951.0
2020-01-07 04:02:00,98.2257,98.2387,98.1971,98.2179,1908.0
2020-01-07 04:03:00,98.1836,98.246,98.1124,98.1792,9502.0
2020-01-07 04:04:00,98.3469,98.4499,98.2561,98.353,8275.0
2020-01-07 04:05:00,98.3348,98.4527,98.3391,98.3959,9340.0
2020-01-07 04:06:00,98.3763,98.4619,98.3976,98.4298,4494.0
2020-01-07 04:07:00,98.348,98.4805,98.3533,98.4169,4768.0
2020-01-07 04:08:00,98.4378,98.4271,98.3931,98.4101,9446.0
2020-01-07 04:09:00,98.378,98.4811,98.2864,98.3838,5980.0
2020-01-07 04:10:00,98.3509,98.356,98.3511,98.3535,775.0
2020-01-07 04:11:00,98.3213,98.4237,98.3895,98.4066,3378.0
2020-01-07 04:12:00,98.3113,98.3603,98.2657,98.313,2339.0
2020-01-07 04:13:00,98.2371,98.3136,98.0973,98.2054,9343.0
2020-01-07 04:14:00,98.001,98.1202,98.0661,98.0931,528.0
2020-01-07 04:15:00,98.2709,98.3091,98.2863,98.2977,2231.0
2020-01-07 04:16:00,98.2722,98.4166,98.2849,98.3507,8789.0
2020-01-07 04:17:00,98.3602,98.3903,98.3721,98.3812,3966.0
2020-01-07 04:18:00,98.2304,98.2778,98.273,98.2754,950.0
2020-01-07 04:19:00,98.3568,98.3518,98.3237,98.3378,2991.0
2020-01-07 04:20:00,98.3346,98.3398,98.3124,98.3261,9350.0
2020-01-07 04:21:00,98.4121,98.366,98.329,98.3475,2244.0
2020-01-07 04:22:00,98.2471,98.2775,98.2222,98.2499,8135.0
2020-01-07 04:23:00,98.2828,98.298,98.2337,98.2659,6650.0
2020-01-07 04:24:00,98.1956,98.2618,98.1852,98.2235,7203.0
2020-01-07 04:25:00,98.0918,98.1774,98.1165,98.1469,8780.0
2020-01-07 04:26:00,98.2621,98.2904,98.1503,98.2203,8695.0
2020-01-07 04:27:00,98.1287,98.1461,97.9871,98.0666,5442.0
2020-01-07 04:28:00,98.1583,98.1379,98.1082,98.1231,8694.0
2020-01-07 04:29:00,98.1981,98.2384,98.1446,98.1915,3757.0
2020-01-07 04:30:00,98.0548,98.1471,98.06,98.1035,283.0
2020-01-07 04:31:00,98.0786,98.1406,97.9024,98.0215,6520.0
2020-01-07 04:32:00,98.0282,98.0115,97.9869,97.9992,1616.0
2020-01-07 04:33:00,98.1286,98.0825,97.9723,98.0274,7562.0
2020-01-07 04:34:00,97.9544,98.0193,98.0049,98.0121,4256.0
2020-01-07 04:35:00,98.0986,98.0764,98.0346,98.0555,5185.0
2020-01-07 04:36:00,98.2592,98.2614,98.2022,98.2318,3793.0
2020-01-07 04:37:00,98.1639,98.182,98.18,98.181,9841.0
2020-01-07 04:38:00,98.0777,98.1043,97.9147,98.0095,4510.0
2020-01-07 04:39:00,98.1122,98.1404,98.0437,98.0921,2891.0
2020-01-07 04:40:00,98.2136,98.2607,98.2601,98.2604,1095.0
2020-01-07 04:41:00,98.2938,98.3042,98.2952,98.2997,2956.0
2020-01-07 04:42:00,98.1435,98.2612,98.1206,98.1909,8943.0
2020-01-07 04:43:00,98.1551,98.2553,98.1017,98.1785,7173.0
2020-01-07 04:44:00,98.1019,98.0695,98.0639,98.0667,9184.0
2020-01-07 04:45:00,98.1804,98.2011,98.0608,98.131,6279.0
2020-01-07 04:46:00,98.0069,98.0793,97.9124,97.9958,2102.0
2020-01-07 04:47:00,97.9283,97.9881,97.9436,97.9658,9356.0
2020-01-07 04:48:00,97.8845,97.8898,97.841,97.8654,8460.0
2020-01-07 04:49:00,97.9142,97.922,97.8341,97.8781,270.0
2020-01-07 04:50:00,97.7428,97.8766,97.8062,97.8414,3789.0
2020-01-07 04:51:00,97.8649,97.8598,97.8584,97.8591,838.0
2020-01-07 04:52:00,97.8518,97.8973,97.8253,97.8613,3662.0
2020-01-07 04:53:00,97.8104,97.7662,97.7591,97.7627,1417.0
2020-01-07 04:54:00,97.8446,97.8444,97.8063,97.8254,7925.0
2020-01-07 04:55:00,97.8447,97.8289,97.8121,97.8205,1387.0
2020-01-07 04:56:00,97.6975,97.7655,97.6777,97.7216,6181.0
2020-01-07 04:57:00,97.9458,97.9877,97.9038,97.9457,4136.0
2020-01-07 04:58:00,98.0405,98.0578,97.929,97.9934,4636.0
2020-01-07 04:59:00,97.9748,98.0199,97.9361,97.978,8949.0
2020-01-07 05:00:00,98.1283,98.1315,98.1076,98.1196,4303.0
2020-01-07 05:01:00,98.2269,98.3254,98.2821,98.3037,8223.0
2020-01-07 05:02:00,98.2858,98.3086,98.2698,98.2892,5434.0
2020-01-07 05:03:00,98.2233,98.3678,98.2801,98.3239,8024.0
2020-01-07 05:04:00,98.1993,98.2254,98.2249,98.2251,3301.0
2020-01-07 05:05:00,98.2136,98.2453,98.1756,98.2104,8867.0
2020-01-07 05:06:00,98.2289,98.2268,98.1542,98.1905,8591.0
2020-01-07 05:07:00,98.159,98.2109,98.2071,98.209,1992.0
2020-01-07 05:08:00,98.261,98.2761,98.2084,98.2423,5581.0
2020-01-07 05:09:00,98.3717,98.3087,98.2878,98.2983,323.0
2020-01-07 05:10:00,98.29,98.3495,98.2946,98.322,6820.0
2020-01-07 05:11:00,98.1236,98.2379,98.164,98.201,7754.0
2020-01-07 05:12:00,98.1216,98.1411,98.0731,98.1071,3748.0
2020-01-07 05:13:00,97.9929,98.0776,98.0273,98.0525,2841.0
2020-01-07 05:14:00,97.9833,98.0291,98.0194,98.0242,7252.0
2020-01-07 05:15:00,98.1755,98.1507,98.1079,98.1293,5327.0
2020-01-07 05:16:00,98.1069,98.0261,98.0,98.013,5611.0
2020-01-07 05:17:00,97.9272,97.998,97.9566,97.9773,6319.0
2020-01-07 05:18:00,98.0357,98.1289,98.0163,98.0726,2397.0
2020-01-07 05:19:00,98.0206,98.0913,97.9939,98.0426,4436.0
2020-01-07 05:20:00,98.0612,98.098,98.0793,98.0886,7493.0
2020-01-07 05:21:00,98.1713,98.1449,98.0044,98.0747,9991.0
2020-01-07 05:22:00,98.0738,98.1177,98.083,98.1004,3434.0
2020-01-07 05:23:00,98.0581,98.1615,97.9935,98.0775,2162.0
2020-01-07 05:24:00,98.225,98.1815,98.1069,98.1442,8956.0
2020-01-07 05:25:00,98.0185,98.028,97.9514,97.9897,8787.0
2020-01-07 05:26:00,98.0027,97.9926,97.9142,97.9534,1564.0
2020-01-07 05:27:00,97.9377,97.9845,97.9816,97.983,3805.0
2020-01-07 05:28:00,98.0099,98.0804,97.9924,98.0364,7012.0
2020-01-07 05:29:00,98.1337,98.2257,98.1457,98.1857,535.0
2020-01-07 05:30:00,98.1867,98.2231,98.0701,98.1466,4496.0
2020-01-07 05:31:00,98.3558,98.3663,98.2228,98.2945,7196.0
2020-01-07 05:32:00,98.1987,98.2348,98.2225,98.2286,1797.0
2020-01-07 05:33:00,98.3433,98.3873,98.3357,98.3615,8229.0
2020-01-07 05:34:00,98.4272,98.5117,98.3748,98.4433,8194.0
2020-01-07 05:35:00,98.2746,98.3866,98.3172,98.3519,7222.0
2020-01-07 05:36:00,98.3489,98.3941,98.3712,98.3826,9338.0
2020-01-07 05:37:00,98.4162,98.4451,98.3099,98.3775,9381.0
2020-01-07 05:38:00,98.3963,98.4819,98.3982,98.4401,1518.0
2020-01-07 05:39:00,98.4224,98.4592,98.3763,98.4177,3148.0
2020-01-07 05:40:00,98.3216,98.413,98.361,98.387,8861.0
2020-01-07 05:41:00,98.5167,98.5259,98.5219,98.5239,7260.0
2020-01-07 05:42:00,98.4859,98.5637,98.4644,98.514,8320.0
2020-01-07 05:43:00,98.5356,98.6329,98.5605,98.5967,7743.0
2020-01-07 05:44:00,98.6137,98.5886,98.5597,98.5741,740.0
2020-01-07 05:45:00,98.7831,98.812,98.6696,98.7408,7301.0
2020-01-07 05:46:00,98.6245,98.6795,98.6664,98.673,6518.0
2020-01-07 05:47:00,98.6008,98.6386,98.5845,98.6116,6587.0
2020-01-07 05:48:00,98.7662,98.8133,98.7148,98.764,4875.0
2020-01-07 05:49:00,98.6288,98.7894,98.6496,98.7195,2085.0
2020-01-07 05:50:00,98.8098,98.9454,98.8138,98.8796,4916.0
2020-01-07 05:51:00,99.0331,99.0536,98.884,98.9688,4267.0
2020-01-07 05:52:00,98.9001,98.9739,98.9328,98.9533,2129.0
2020-01-07 05:53:00,98.8349,98.8239,98.7201,98.772,7412.0
2020-01-07 05:54:00,98.7028,98.7865,98.7537,98.7701,7305.0
2020-01-07 05:55:00,98.8132,98.7826,98.7779,98.7802,8765.0
2020-01-07 05:56:00,98.8814,98.9105,98.8834,98.897,5216.0
2020-01-07 05:57:00,99.0473,99.0569,99.0547,99.0558,270.0
2020-01-07 05:58:00,99.0801,99.0014,98.9733,98.9873,3344.0
2020-01-07 05:59:00,99.0047,99.072,99.0629,99.0674,2571.0
2020-01-07 06:00:00,99.1737,99.1572,99.1307,99.144,7131.0
2020-01-07 06:01:00,99.279,99.2743,99.2283,99.2513,6075.0
2020-01-07 06:02:00,99.4689,99.3181,99.2843,99.3012,1345.0
2020-01-07 06:03:00,99.0531,99.1357,99.0781,99.1069,7869.0
2020-01-07 06:04:00,99.0601,99.1873,98.9955,99.0914,9089.0
2020-01-07 06:05:00,99.0166,99.049,98.9026,98.9758,6119.0
2020-01-07 06:06:00,98.9455,98.9833,98.9278,98.9556,5667.0
2020-01-07 06:07:00,99.0304,99.1198,98.9873,99.0536,421.0
2020-01-07 06:08:00,99.132,99.124,99.0442,99.0841,4034.0
2020-01-07 06:09:00,99.1856,99.2079,99.1898,99.1989,7419.0
2020-01-07 06:10:00,99.1885,99.3083,99.1578,99.2331,3995.0
2020-01-07 06:11:00,99.1395,99.1163,99.0901,99.1032,9360.0
2020-01-07 06:12:00,98.8699,98.8679,98.8344,98.8511,7263.0
2020-01-07 06:13:00,98.8504,98.9227,98.8094,98.866,8615.0
2020-01-07 06:14:00,98.8266,98.9189,98.7703,98.8446,6655.0
2020-01-07 06:15:00,98.7012,98.7716,98.7223,98.7469,3432.0
2020-01-07 06:16:00,98.6131,98.5931,98.5606,98.5769,5438.0
2020-01-07 06:17:00,98.4854,98.5618,98.445,98.5034,2767.0
2020-01-07 06:18:00,98.4455,98.5212,98.4467,98.484,8936.0
2020-01-07 06:19:00,98.4863,98.6086,98.4925,98.5505,3944.0
2020-01-07 06:20:00,98.589,98.6133,98.5255,98.5694,9132.0
2020-01-07 06:21:00,98.7048,98.7387,98.7217,98.7302,8594.0
2020-01-07 06:22:00,98.526,98.6361,98.6172,98.6266,3361.0
2020-01-07 06:23:00,98.6546,98.7401,98.6894,98.7148,3860.0
2020-01-07 06:24:00,98.7078,98.7623,98.6767,98.7195,5179.0
2020-01-07 06:25:00,98.7787,98.7935,98.7844,98.789,7102.0
2020-01-07 06:26:00,98.7331,98.7537,98.7369,98.7453,435.0
2020-01-07 06:27:00,98.8333,98.864,98.841,98.8525,1978.0
2020-01-07 06:28:00,98.8082,98.8859,98.878,98.882,1952.0
2020-01-07 06:29:00,98.7703,98.8313,98.7968,98.814,4855.0
2020-01-07 06:30:00,98.872,98.9224,98.7033,98.8128,2100.0
2020-01-07 06:31:00,98.8407,98.917,98.6608,98.7889,5338.0
2020-01-07 06:32:00,98.8667,98.8698,98.8058,98.8378,7888.0
2020-01-07 06:33:00,98.7443,98.8357,98.6039,98.7198,2229.0
2020-01-07 06:34:00,98.7621,98.7467,98.6871,98.7169,5232.0
2020-01-07 06:35:00,98.7004,98.7657,98.7471,98.7564,1068.0
2020-01-07 06:36:00,98.7614,98.8128,98.7067,98.7597,2625.0
2020-01-07 06:37:00,98.8384,98.9087,98.8802,98.8944,2446.0
2020-01-07 06:38:00,98.9167,98.9748,98.9689,98.9718,849.0
2020-01-07 06:39:00,98.9895,99.0275,98.9146,98.9711,9591.0
2020-01-07 06:40:00,99.0401,99.0562,98.9293,98.9927,8595.0
2020-01-07 06:41:00,99.0126,99.0916,98.953,99.0223,3015.0
2020-01-07 06:42:00,99.1451,99.1035,99.0218,99.0626,6056.0
2020-01-07 06:43:00,98.8907,98.8854,98.8748,98.8801,3444.0
2020-01-07 06:44:00,98.8111,98.8548,98.845,98.8499,7679.0
2020-01-07 06:45:00,98.6471,98.7128,98.6902,98.7015,8327.0
2020-01-07 06:46:00,98.8802,98.851,98.8076,98.8293,3649.0
2020-01-07 06:47:00,98.8296,98.873,98.7734,98.8232,5721.0
2020-01-07 06:48:00,98.8377,98.89,98.7178,98.8039,6825.0
2020-01-07 06:49:00,98.7607,98.9225,98.8646,98.8936,1533.0
2020-01-07 06:50:00,98.948,98.9784,98.8932,98.9358,180.0
2020-01-07 06:51:00,98.7973,98.8303,98.8156,98.8229,9794.0
2020-01-07 06:52:00,98.7462,98.8196,98.8121,98.8158,5605.0
2020-01-07 06:53:00,98.7792,98.8081,98.7566,98.7823,3611.0
2020-01-07 06:54:00,98.6625,98.6273,98.5885,98.6079,6278.0
2020-01-07 06:55:00,98.6522,98.6414,98.4363,98.5388,3042.0
2020-01-07 06:56:00,98.5326,98.5436,98.4974,98.5205,9086.0
2020-01-07 06:57:00,98.4735,98.5282,98.4898,98.509,8475.0
2020-01-07 06:58:00,98.3223,98.4785,98.243,98.3608,4753.0
2020-01-07 06:59:00,98.5241,98.5052,98.4467,98.4759,9463.0
2020-01-07 07:00:00,98.4159,98.473,98.4585,98.4657,2142.0
2020-01-07 07:01:00,98.5006,98.5167,98.4222,98.4695,1387.0
2020-01-07 07:02:00,98.5242,98.5137,98.5054,98.5096,3660.0
2020-01-07 07:03:00,98.4399,98.4698,98.3917,98.4307,7893.0
2020-01-07 07:04:00,98.398,98.5287,98.424,98.4764,381.0
2020-01-07 07:05:00,98.4218,98.447,98.4323,98.4397,4810.0
2020-01-07 07:06:00,98.2771,98.3968,98.3032,98.35,7873.0
2020-01-07 07:07:00,98.3779,98.4494,98.3653,98.4074,8708.0
2020-01-07 07:08:00,98.6024,98.5655,98.5475,98.5565,416.0
2020-01-07 07:09:00,98.6906,98.6766,98.5814,98.629,3063.0
2020-01-07 07:10:00,98.732,98.7787,98.6639,98.7213,1191.0
2020-01-07 07:11:00,98.6407,98.6877,98.6508,98.6692,5178.0
2020-01-07 07:12:00,98.5889,98.5481,98.4708,98.5095,3985.0
2020-01-07 07:13:00,98.6293,98.6797,98.6373,98.6585,5699.0
2020-01-07 07:14:00,98.8072,98.9269,98.801,98.8639,776.0
2020-01-07 07:15:00,99.0531,99.0203,99.0161,99.0182,1224.0
2020-01-07 07:16:00,99.0075,99.0461,98.9232,98.9846,1213.0
2020-01-07 07:17:00,98.8421,98.9255,98.8129,98.8692,2072.0
2020-01-07 07:18:00,98.7676,98.784,98.7412,98.7626,7867.0
2020-01-07 07:19:00,98.6164,98.6584,98.5301,98.5942,4322.0
2020-01-07 07:20:00,98.5937,98.6051,98.5619,98.5835,4814.0
2020-01-07 07:21:00,98.767,98.7675,98.7206,98.7441,5029.0
2020-01-07 07:22:00,98.7046,98.7522,98.7076,98.7299,9714.0
2020-01-07 07:23:00,98.7865,98.7654,98.7549,98.7601,7761.0
2020-01-07 07:24:00,98.8986,98.9354,98.86,98.8977,7243.0
2020-01-07 07:25:00,98.8337,98.9125,98.8021,98.8573,9047.0
2020-01-07 07:26:00,99.0485,99.0679,99.0538,99.0608,4971.0
2020-01-07 07:27:00,99.2552,99.2818,99.2383,99.2601,3936.0
2020-01-07 07:28:00,99.1747,99.3332,99.1607,99.2469,7409.0
2020-01-07 07:29:00,99.1574,99.3104,99.068,99.1892,7481.0
2020-01-07 07:30:00,99.2622,99.3308,99.187,99.2589,4574.0
2020-01-07 07:31:00,99.1566,99.2482,99.2001,99.2242,8783.0
2020-01-07 07:32:00,99.0775,99.1373,99.0797,99.1085,783.0
2020-01-07 07:33:00,99.3559,99.3537,99.1195,99.2366,2075.0
2020-01-07 07:34:00,99.3018,99.4379,99.2786,99.3583,403.0
2020-01-07 07:35:00,99.3546,99.3824,99.3653,99.3738,2052.0
2020-01-07 07:36:00,99.2059,99.3156,99.1795,99.2475,3669.0
2020-01-07 07:37:00,99.1187,99.1689,99.0803,99.1246,8009.0
2020-01-07 07:38:00,99.0946,99.1605,99.1101,99.1353,4104.0
2020-01-07 07:39:00,99.0732,99.0896,99.0811,99.0853,6165.0
2020-01-07 07:40:00,99.0153,99.0921,99.0103,99.0512,9552.0
2020-01-07 07:41:00,99.2062,99.1651,99.1417,99.1534,7497.0
2020-01-07 07:42:00,99.2308,99.2504,99.2031,99.2267,1130.0
2020-01-07 07:43:00,99.3144,99.4196,99.3094,99.3645,5926.0
2020-01-07 07:44:00,99.3075,99.298,99.2329,99.2655,4451.0
2020-01-07 07:45:00,99.1832,99.2433,99.219,99.2312,9486.0
2020-01-07 07:46:00,99.2289,99.4014,99.2127,99.3071,7819.0
2020-01-07 07:47:00,99.3517,99.387,99.3167,99.3519,8525.0
2020-01-07 07:48:00,99.6005,99.6028,99.4074,99.5051,1818.0
2020-01-07 07:49:00,99.4558,99.6094,99.4849,99.5472,592.0
2020-01-07 07:50:00,99.6654,99.7365,99.7274,99.732,2114.0
2020-01-07 07:51:00,99.8236,99.83,99.7419,99.786,8129.0
2020-01-07 07:52:00,99.8601,99.8938,99.8906,99.8922,7634.0
2020-01-07 07:53:00,99.8904,99.8681,99.8516,99.8598,8636.0
2020-01-07 07:54:00,99.8194,99.8808,99.8417,99.8613,5986.0
2020-01-07 07:55:00,99.9595,99.9738,99.9309,99.9524,7727.0
2020-01-07 07:56:00,100.2009,100.118,100.1093,100.1137,8556.0
2020-01-07 07:57:00,100.1268,100.1887,100.1845,100.1866,1772.0
2020-01-07 07:58:00,100.2294,100.2373,100.1192,100.1783,3747.0
2020-01-07 07:59:00,100.35,100.3193,100.3127,100.316,6488.0
2020-01-07 08:00:00,100.0223,100.1752,100.0184,100.0968,8720.0
2020-01-07 08:01:00,99.9825,99.9755,99.9336,99.9546,3262.0
2020-01-07 08:02:00,100.0264,100.0846,99.9609,100.0227,3010.0
2020-01-07 08:03:00,100.0287,100.0317,100.0166,100.0241,8745.0
2020-01-07 08:04:00,100.1015,100.1204,100.049,100.0847,8640.0
2020-01-07 08:05:00,100.0736,100.1581,100.0242,100.0911,8713.0
2020-01-07 08:06:00,100.1517,100.1552,100.1413,100.1482,6733.0
2020-01-07 08:07:00,100.0789,100.1023,100.0313,100.0668,681.0
2020-01-07 08:08:00,100.1611,100.1551,100.0926,100.1238,2762.0
2020-01-07 08:09:00,100.1469,100.231,100.2156,100.2233,5452.0
2020-01-07 08:10:00,100.4099,100.422,100.2687,100.3453,4358.0
2020-01-07 08:11:00,100.4889,100.6338,100.4596,100.5467,7023.0
2020-01-07 08:12:00,100.6092,100.6046,100.5376,100.5711,6928.0
2020-01-07 08:13:00,100.6025,100.695,100.502,100.5985,9321.0
2020-01-07 08:14:00,100.3821,100.495,100.3973,100.4462,1424.0
2020-01-07 08:15:00,100.4194,100.483,100.303,100.393,200.0
2020-01-07 08:16:00,100.3265,100.398,100.3494,100.3737,515.0
2020-01-07 08:17:00,100.5322,100.5002,100.4574,100.4788,5159.0
2020-01-07 08:18:00,100.3821,100.4233,100.412,100.4177,9675.0
2020-01-07 08:19:00,100.4225,100.6169,100.3777,100.4973,1143.0
2020-01-07 08:20:00,100.5738,100.5515,100.4428,100.4971,1846.0
2020-01-07 08:21:00,100.4885,100.526,100.4329,100.4794,4591.0
2020-01-07 08:22:00,100.5477,100.5642,100.4445,100.5043,7757.0
2020-01-07 08:23:00,100.4226,100.6005,100.3299,100.4652,4543.0
2020-01-07 08:24:00,100.3277,100.4754,100.3692,100.4223,9580.0
2020-01-07 08:25:00,100.3356,100.2813,100.2223,100.2518,4960.0
2020-01-07 08:26:00,100.2267,100.2308,100.2233,100.227,4270.0
2020-01-07 08:27:00,100.2036,100.1927,100.1653,100.179,4248.0
2020-01-07 08:28:00,100.1602,100.2015,100.0533,100.1274,7553.0
2020-01-07 08:29:00,100.1523,100.177,100.1613,100.1691,6309.0
2020-01-07 08:30:00,100.2463,100.2385,100.2314,100.235,137.0
2020-01-07 08:31:00,100.3379,100.3034,100.213,100.2582,9057.0
2020-01-07 08:32:00,100.3561,100.3847,100.3308,100.3577,4906.0
2020-01-07 08:33:00,100.4624,100.491,100.3395,100.4153,4943.0
2020-01-07 08:34:00,100.2862,100.392,100.3795,100.3858,215.0
2020-01-07 08:35:00,100.3957,100.4431,100.2359,100.3395,7864.0
2020-01-07 08:36:00,100.2947,100.4578,100.2837,100.3708,378.0
2020-01-07 08:37:00,100.4786,100.4543,100.402,100.4282,553.0
2020-01-07 08:38:00,100.5875,100.6453,100.4906,100.5679,3313.0
2020-01-07 08:39:00,100.6823,100.7475,100.6266,100.6871,4803.0
2020-01-07 08:40:00,100.6279,100.6743,100.5915,100.6329,4564.0
2020-01-07 08:41:00,100.6101,100.6385,100.6069,100.6227,400.0
2020-01-07 08:42:00,100.6488,100.7031,100.6765,100.6898,9008.0
2020-01-07 08:43:00,100.7863,100.8306,100.7626,100.7966,6142.0
2020-01-07 08:44:00,101.0009,101.0019,100.7791,100.8905,5166.0
2020-01-07 08:45:00,100.9492,100.958,100.8102,100.8841,9667.0
2020-01-07 08:46:00,100.7152,100.773,100.7444,100.7587,294.0
2020-01-07 08:47:00,100.6722,100.7146,100.603,100.6588,1428.0
2020-01-07 08:48:00,100.6909,100.6998,100.6723,100.6861,6493.0
2020-01-07 08:49:00,100.7132,100.7305,100.7101,100.7203,4453.0
2020-01-07 08:50:00,100.5603,100.6266,100.5943,100.6104,7233.0
2020-01-07 08:51:00,100.6372,100.6223,100.6075,100.6149,7488.0
2020-01-07 08:52:00,100.7203,100.7358,100.6203,100.678,1657.0
2020-01-07 08:53:00,100.5212,100.6009,100.5249,100.5629,6076.0
2020-01-07 08:54:00,100.7712,100.7232,100.6236,100.6734,7629.0
2020-01-07 08:55:00,100.7117,100.6659,100.6054,100.6356,3224.0
2020-01-07 08:56:00,100.7888,100.7938,100.729,100.7614,4982.0
2020-01-07 08:57:00,100.6465,100.7683,100.6479,100.7081,7219.0
2020-01-07 08:58:00,100.6255,100.6847,100.5261,100.6054,8820.0
2020-01-07 08:59:00,100.5737,100.6124,100.5068,100.5596,8789.0
2020-01-07 09:00:00,100.5757,100.5663,100.5339,100.5501,6882.0
2020-01-07 09:01:00,100.5907,100.5883,100.4342,100.5112,6398.0
2020-01-07 09:02:00,100.4808,100.5599,100.4194,100.4896,7246.0
2020-01-07 09:03:00,100.6254,100.5915,100.4545,100.523,1910.0
2020-01-07 09:04:00,100.5262,100.5395,100.4723,100.5059,8014.0
2020-01-07 09:05:00,100.4848,100.5453,100.4532,100.4993,2945.0
2020-01-07 09:06:00,100.4483,100.345,100.3118,100.3284,2225.0
2020-01-07 09:07:00,100.409,100.4426,100.2925,100.3675,7441.0
2020-01-07 09:08:00,100.3359,100.3844,100.3329,100.3586,419.0
2020-01-07 09:09:00,100.5239,100.6186,100.4207,100.5196,8186.0
2020-01-07 09:10:00,100.4574,100.465,100.3864,100.4257,3463.0
2020-01-07 09:11:00,100.2373,100.3347,100.155,100.2449,3486.0
2020-01-07 09:12:00,100.3134,100.3299,100.2835,100.3067,3438.0
2020-01-07 09:13:00,100.3005,100.3616,100.3211,100.3413,8277.0
2020-01-07 09:14:00,100.1562,100.2889,100.192,100.2405,8536.0
2020-01-07 09:15:00,100.0928,100.1297,100.0453,100.0875,6834.0
2020-01-07 09:16:00,100.2482,100.2862,100.1963,100.2412,7358.0
2020-01-07 09:17:00,100.409,100.5025,100.2628,100.3826,969.0
2020-01-07 09:18:00,100.1051,100.158,100.1098,100.1339,1559.0
2020-01-07 09:19:00,100.0211,100.1243,100.0519,100.0881,6884.0
2020-01-07 09:20:00,100.2062,100.278,100.231,100.2545,4209.0
2020-01-07 09:21:00,100.2597,100.234,100.1798,100.2069,7142.0
2020-01-07 09:22:00,100.1245,100.1768,100.1388,100.1578,6529.0
2020-01-07 09:23:00,100.1075,100.1353,100.1238,100.1296,8962.0
2020-01-07 09:24:00,100.0018,100.0262,100.0087,100.0175,785.0
2020-01-07 09:25:00,99.816,99.8646,99.8294,99.847,5127.0
2020-01-07 09:26:00,99.9176,99.9554,99.9491,99.9522,2074.0
2020-01-07 09:27:00,99.7244,99.7867,99.7492,99.7679,7694.0
2020-01-07 09:28:00,99.8627,99.8117,99.7737,99.7927,9303.0
2020-01-07 09:29:00,99.9153,99.9352,99.8275,99.8813,9676.0
2020-01-07 09:30:00,99.7986,99.745,99.7274,99.7362,4238.0
2020-01-07 09:31:00,99.7163,99.6611,99.6264,99.6438,9202.0
2020-01-07 09:32:00,99.6476,99.838,99.6922,99.7651,1417.0
2020-01-07 09:33:00,99.8356,99.8396,99.7972,99.8184,5564.0
2020-01-07 09:34:00,99.7274,99.7832,99.7301,99.7567,5215.0
2020-01-07 09:35:00,99.9327,99.8968,99.857,99.8769,7509.0
2020-01-07 09:36:00,99.9605,100.1018,99.8933,99.9975,666.0
2020-01-07 09:37:00,99.9717,100.1389,99.91,100.0244,7995.0
2020-01-07 09:38:00,99.8627,99.9736,99.8952,99.9344,9757.0
2020-01-07 09:39:00,99.878,99.9287,99.8574,99.8931,9499.0
2020-01-07 09:40:00,99.9675,99.9488,99.8946,99.9217,7397.0
2020-01-07 09:41:00,99.9157,99.9117,99.8941,99.9029,2565.0
2020-01-07 09:42:00,99.9366,100.0243,99.9692,99.9968,4244.0
2020-01-07 09:43:00,99.9514,99.8872,99.8004,99.8438,4448.0
2020-01-07 09:44:00,99.7268,99.7307,99.6581,99.6944,4026.0
2020-01-07 09:45:00,99.7513,99.7274,99.6975,99.7124,7659.0
2020-01-07 09:46:00,99.7275,99.6725,99.6541,99.6633,4110.0
2020-01-07 09:47:00,99.5186,99.6553,99.5459,99.6006,2977.0
2020-01-07 09:48:00,99.3782,99.4596,99.3879,99.4238,1500.0
2020-01-07 09:49:00,99.4669,99.454,99.3975,99.4257,6807.0
2020-01-07 09:50:00,99.3799,99.4954,99.3456,99.4205,9860.0
2020-01-07 09:51:00,99.4721,99.5128,99.4589,99.4858,840.0
2020-01-07 09:52:00,99.4888,99.5326,99.4528,99.4927,6430.0
2020-01-07 09:53:00,99.4156,99.5309,99.428,99.4794,8991.0
2020-01-07 09:54:00,99.5791,99.6048,99.5895,99.5971,802.0
2020-01-07 09:55:00,99.5116,99.535,99.3968,99.4659,6355.0
2020-01-07 09:56:00,99.556,99.5529,99.4862,99.5195,4488.0
2020-01-07 09:57:00,99.4081,99.3961,99.3087,99.3524,9247.0
2020-01-07 09:58:00,99.3191,99.4106,99.1266,99.2686,9165.0
2020-01-07 09:59:00,99.1676,99.1651,99.1295,99.1473,7227.0
2020-01-07 10:00:00,99.2418,99.2686,99.1824,99.2255,1920.0
2020-01-07 10:01:00,99.2316,99.2536,99.1843,99.219,8006.0
2020-01-07 10:02:00,99.1863,99.2887,99.1465,99.2176,4844.0
2020-01-07 10:03:00,99.0554,99.1362,99.0777,99.1069,4491.0
2020-01-07 10:04:00,99.0425,99.0923,99.0616,99.077,1479.0
2020-01-07 10:05:00,98.9843,99.0136,98.9876,99.0006,8570.0
2020-01-07 10:06:00,99.0062,99.0832,98.9948,99.039,8138.0
2020-01-07 10:07:00,98.9606,98.9746,98.9052,98.9399,4447.0
2020-01-07 10:08:00,99.0829,99.1215,99.0242,99.0728,9323.0
2020-01-07 10:09:00,98.9207,99.012,98.7986,98.9053,1443.0
2020-01-07 10:10:00,98.8422,98.8303,98.8189,98.8246,5370.0
2020-01-07 10:11:00,99.0521,99.0535,98.9312,98.9924,704.0
2020-01-07 10:12:00,98.9484,98.9745,98.9231,98.9488,6619.0
2020-01-07 10:13:00,98.8678,98.8313,98.8034,98.8173,7632.0
2020-01-07 10:14:00,98.8651,98.9599,98.7186,98.8393,6683.0
2020-01-07 10:15:00,98.8482,98.8359,98.7475,98.7917,691.0
2020-01-07 10:16:00,98.7889,98.7139,98.7023,98.7081,8138.0
2020-01-07 10:17:00,98.6274,98.6254,98.5717,98.5985,6263.0
2020-01-07 10:18:00,98.8806,98.9003,98.8504,98.8754,4054.0
2020-01-07 10:19:00,98.8551,98.8763,98.8241,98.8502,8303.0
2020-01-07 10:20:00,98.6342,98.7146,98.6007,98.6577,6879.0
2020-01-07 10:21:00,98.7819,98.8168,98.7973,98.807,221.0
2020-01-07 10:22:00,98.9133,98.8831,98.8532,98.8681,2376.0
2020-01-07 10:23:00,98.7433,98.8211,98.7619,98.7915,8195.0
2020-01-07 10:24:00,98.7789,98.7251,98.6712,98.6982,7176.0
2020-01-07 10:25:00,98.7579,98.8248,98.7063,98.7655,977.0
2020-01-07 10:26:00,98.8839,98.7568,98.7249,98.7408,885.0
2020-01-07 10:27:00,98.5136,98.605,98.4915,98.5482,2176.0
2020-01-07 10:28:00,98.7395,98.7501,98.7039,98.727,5771.0
2020-01-07 10:29:00,98.666,98.6863,98.6809,98.6836,200.0
2020-01-07 10:30:00,98.7935,98.8999,98.7663,98.8331,8667.0
2020-01-07 10:31:00,99.0142,99.0423,98.8797,98.961,8937.0
2020-01-07 10:32:00,98.8056,98.9042,98.8175,98.8609,3482.0
2020-01-07 10:33:00,98.9304,99.0357,98.8927,98.9642,6060.0
2020-01-07 10:34:00,98.9284,98.9187,98.8794,98.899,6443.0
2020-01-07 10:35:00,98.7496,98.8171,98.6077,98.7124,4916.0
2020-01-07 10:36:00,98.6003,98.7467,98.5931,98.6699,2123.0
2020-01-07 10:37:00,98.7388,98.7529,98.6665,98.7097,7392.0
2020-01-07 10:38:00,98.6699,98.7025,98.6243,98.6634,1145.0
2020-01-07 10:39:00,98.5868,98.6405,98.6249,98.6327,2197.0
2020-01-07 10:40:00,98.7076,98.816,98.6781,98.7471,3922.0
2020-01-07 10:41:00,98.656,98.8104,98.705,98.7577,4921.0
2020-01-07 10:42:00,98.7592,98.7187,98.6281,98.6734,3966.0
2020-01-07 10:43:00,98.7944,98.7592,98.728,98.7436,6309.0
2020-01-07 10:44:00,98.6989,98.7797,98.747,98.7633,8176.0
2020-01-07 10:45:00,98.5511,98.5285,98.4939,98.5112,2449.0
2020-01-07 10:46:00,98.5253,98.5605,98.5475,98.554,483.0
2020-01-07 10:47:00,98.6389,98.6377,98.5487,98.5932,2685.0
2020-01-07 10:48:00,98.5704,98.6367,98.5537,98.5952,802.0
2020-01-07 10:49:00,98.6662,98.714,98.6548,98.6844,2196.0
2020-01-07 10:50:00,98.6027,98.7434,98.4909,98.6171,418.0
2020-01-07 10:51:00,98.6179,98.6572,98.6444,98.6508,8312.0
2020-01-07 10:52:00,98.5641,98.4995,98.4887,98.4941,691.0
2020-01-07 10:53:00,98.5797,98.5432,98.5264,98.5348,4204.0
2020-01-07 10:54:00,98.7356,98.7678,98.6924,98.7301,1560.0
2020-01-07 10:55:00,98.6819,98.6969,98.5644,98.6306,2011.0
2020-01-07 10:56:00,98.4733,98.5778,98.5315,98.5547,3226.0
2020-01-07 10:57:00,98.4222,98.5015,98.4658,98.4837,7012.0
2020-01-07 10:58:00,98.5204,98.5254,98.4679,98.4966,6947.0
2020-01-07 10:59:00,98.4271,98.4239,98.3568,98.3903,7144.0
2020-01-07 11:00:00,98.4464,98.5033,98.3617,98.4325,5448.0
2020-01-07 11:01:00,98.423,98.5672,98.4671,98.5172,1370.0
2020-01-07 11:02:00,98.5175,98.5854,98.5557,98.5706,7266.0
2020-01-07 11:03:00,98.4146,98.4044,98.3831,98.3937,381.0
2020-01-07 11:04:00,98.6146,98.5359,98.4506,98.4933,5312.0
2020-01-07 11:05:00,98.6479,98.6066,98.5674,98.587,1929.0
2020-01-07 11:06:00,98.7489,98.6819,98.6581,98.67,8844.0
2020-01-07 11:07:00,98.7243,98.7594,98.6552,98.7073,3839.0
2020-01-07 11:08:00,98.7459,98.8006,98.658,98.7293,6376.0
2020-01-07 11:09:00,98.7809,98.8952,98.7699,98.8326,3064.0
2020-01-07 11:10:00,99.0725,99.0774,98.9724,99.0249,5716.0
2020-01-07 11:11:00,98.9259,98.9686,98.8906,98.9296,7863.0
2020-01-07 11:12:00,99.0721,99.1125,98.9623,99.0374,2907.0
2020-01-07 11:13:00,99.0303,99.0319,99.0257,99.0288,3019.0
2020-01-07 11:14:00,99.0298,99.0458,98.9858,99.0158,1670.0
2020-01-07 11:15:00,98.8578,98.8632,98.8611,98.8622,5856.0
2020-01-07 11:16:00,98.8449,98.8604,98.807,98.8337,6807.0
2020-01-07 11:17:00,98.784,98.7903,98.6776,98.734,8049.0
2020-01-07 11:18:00,98.6243,98.6946,98.6806,98.6876,6976.0
2020-01-07 11:19:00,98.5031,98.5949,98.5606,98.5778,8352.0
2020-01-07 11:20:00,98.5542,98.5906,98.4752,98.5329,3675.0
2020-01-07 11:21:00,98.5643,98.4984,98.4861,98.4923,2928.0
2020-01-07 11:22:00,98.5866,98.605,98.3989,98.5019,2674.0
2020-01-07 11:23:00,98.2792,98.3629,98.3181,98.3405,3482.0
2020-01-07 11:24:00,98.1758,98.2958,98.096,98.1959,3864.0
2020-01-07 11:25:00,98.1581,98.2808,98.1834,98.2321,3524.0
2020-01-07 11:26:00,98.1248,98.1782,98.1265,98.1524,1198.0
2020-01-07 11:27:00,98.316,98.2919,98.2277,98.2598,297.0
2020-01-07 11:28:00,98.2817,98.3383,98.2264,98.2823,2788.0
2020-01-07 11:29:00,98.3243,98.3669,98.3191,98.343,7198.0
2020-01-07 11:30:00,98.5113,98.4986,98.4695,98.4841,6229.0
2020-01-07 11:31:00,98.4134,98.4856,98.4206,98.4531,9860.0
2020-01-07 11:32:00,98.4753,98.4425,98.3488,98.3957,9162.0
2020-01-07 11:33:00,98.4832,98.5156,98.4501,98.4828,609.0
2020-01-07 11:34:00,98.5137,98.618,98.4496,98.5338,2563.0
2020-01-07 11:35:00,98.5444,98.5649,98.4653,98.5151,7197.0
2020-01-07 11:36:00,98.7012,98.7215,98.5869,98.6542,1988.0
2020-01-07 11:37:00,98.7128,98.6806,98.5854,98.633,2350.0
2020-01-07 11:38:00,98.6258,98.6658,98.6067,98.6363,4771.0
2020-01-07 11:39:00,98.6927,98.6387,98.638,98.6384,5110.0
2020-01-07 11:40:00,98.55,98.561,98.5288,98.5449,1084.0
2020-01-07 11:41:00,98.5221,98.6183,98.487,98.5527,895.0
2020-01-07 11:42:00,98.6535,98.6962,98.6885,98.6924,6189.0
2020-01-07 11:43:00,98.682,98.8001,98.6736,98.7368,947.0
2020-01-07 11:44:00,98.7029,98.7901,98.6898,98.74,1491.0
2020-01-07 11:45:00,98.7796,98.7354,98.7122,98.7238,7693.0
2020-01-07 11:46:00,98.7922,98.8125,98.7013,98.7569,5817.0
2020-01-07 11:47:00,98.7698,98.8848,98.7789,98.8318,3093.0
2020-01-07 11:48:00,98.8054,98.909,98.8765,98.8928,7727.0
2020-01-07 11:49:00,98.804,98.8794,98.8398,98.8596,4557.0
2020-01-07 11:50:00,98.8532,98.8986,98.8855,98.8921,4671.0
2020-01-07 11:51:00,98.9249,98.9524,98.9277,98.9401,9729.0
2020-01-07 11:52:00,98.898,98.8994,98.7793,98.8393,8693.0
2020-01-07 11:53:00,98.8288,98.9602,98.7521,98.8562,977.0
2020-01-07 11:54:00,98.7241,98.6809,98.5991,98.64,3254.0
2020-01-07 11:55:00,98.6043,98.7004,98.6761,98.6883,5809.0
2020-01-07 11:56:00,98.7369,98.7994,98.7092,98.7543,9198.0
2020-01-07 11:57:00,98.8683,98.8509,98.8072,98.8291,4541.0
2020-01-07 11:58:00,98.8319,98.8252,98.7539,98.7896,1195.0
2020-01-07 11:59:00,98.8037,98.8208,98.8201,98.8205,1906.0
2020-01-07 12:00:00,99.013,99.0056,98.9202,98.9629,6096.0
2020-01-07 12:01:00,99.1448,99.1158,99.0927,99.1042,1776.0
2020-01-07 12:02:00,99.0672,99.1414,99.0612,99.1013,8499.0
2020-01-07 12:03:00,99.131,99.1656,99.0649,99.1153,9657.0
2020-01-07 12:04:00,99.2615,99.2344,99.2183,99.2263,5601.0
2020-01-07 12:05:00,99.0457,99.0798,99.0728,99.0763,9701.0
2020-01-07 12:06:00,99.1287,99.1053,98.9826,99.044,7376.0
2020-01-07 12:07:00,99.1357,99.1879,99.1671,99.1775,7281.0
2020-01-07 12:08:00,99.2822,99.3623,99.1877,99.275,8537.0
2020-01-07 12:09:00,99.2495,99.3793,99.2446,99.312,8168.0
2020-01-07 12:10:00,99.1665,99.1679,99.1549,99.1614,2702.0
2020-01-07 12:11:00,99.103,99.1654,99.1474,99.1564,5267.0
2020-01-07 12:12:00,99.0827,99.1284,99.0664,99.0974,3581.0
2020-01-07 12:13:00,99.0512,99.1712,99.0898,99.1305,1577.0
2020-01-07 12:14:00,99.0896,99.1338,98.9653,99.0496,6385.0
2020-01-07 12:15:00,98.9648,98.9476,98.9463,98.947,2597.0
2020-01-07 12:16:00,98.7949,98.7949,98.6862,98.7405,5950.0
2020-01-07 12:17:00,98.8453,98.8635,98.8619,98.8627,1580.0
2020-01-07 12:18:00,98.8794,98.8384,98.8071,98.8227,1887.0
2020-01-07 12:19:00,98.8404,98.9776,98.6993,98.8384,1912.0
2020-01-07 12:20:00,98.8439,98.8907,98.7857,98.8382,3023.0
2020-01-07 12:21:00,98.8372,98.7339,98.729,98.7315,2661.0
2020-01-07 12:22:00,98.5813,98.6111,98.6,98.6056,3046.0
2020-01-07 12:23:00,98.5664,98.5526,98.4575,98.505,1015.0
2020-01-07 12:24:00,98.4567,98.4826,98.3828,98.4327,9184.0
2020-01-07 12:25:00,98.4408,98.6149,98.3238,98.4694,6471.0
2020-01-07 12:26:00,98.324,98.4219,98.3576,98.3898,7413.0
2020-01-07 12:27:00,98.5128,98.5658,98.563,98.5644,2915.0
2020-01-07 12:28:00,98.7237,98.7327,98.6016,98.6672,5385.0
2020-01-07 12:29:00,98.8347,98.792,98.704,98.748,4693.0
2020-01-07 12:30:00,98.7406,98.8483,98.6237,98.736,1076.0
2020-01-07 12:31:00,98.8946,98.9153,98.8596,98.8875,849.0
2020-01-07 12:32:00,98.9045,98.9207,98.8106,98.8657,3655.0
2020-01-07 12:33:00,98.8662,98.9527,98.7723,98.8625,7680.0
2020-01-07 12:34:00,98.9345,98.921,98.838,98.8795,4899.0
2020-01-07 12:35:00,98.9643,99.0426,98.8568,98.9497,7555.0
2020-01-07 12:36:00,99.0202,99.0462,98.9806,99.0134,3115.0
2020-01-07 12:37:00,98.9309,98.9783,98.9535,98.9659,8560.0
2020-01-07 12:38:00,98.8653,98.9813,98.8439,98.9126,3128.0
2020-01-07 12:39:00,98.8186,98.9805,98.9727,98.9766,6548.0
2020-01-07 12:40:00,99.1098,99.0845,99.0117,99.0481,9303.0
2020-01-07 12:41:00,99.0014,99.0162,99.0013,99.0088,5339.0
2020-01-07 12:42:00,98.83,98.8894,98.8107,98.85,1348.0
2020-01-07 12:43:00,98.7317,98.8405,98.8181,98.8293,9054.0
2020-01-07 12:44:00,98.8597,98.8926,98.8907,98.8917,9014.0
2020-01-07 12:45:00,99.0336,99.1687,98.9757,99.0722,1505.0
2020-01-07 12:46:00,98.9127,98.9596,98.9453,98.9524,6254.0
2020-01-07 12:47:00,98.9264,98.977,98.8425,98.9098,538.0
2020-01-07 12:48:00,98.8769,98.9038,98.8379,98.8708,414.0
2020-01-07 12:49:00,98.9383,99.0844,98.9283,99.0064,2212.0
2020-01-07 12:50:00,98.938,99.0535,98.9523,99.0029,5096.0
2020-01-07 12:51:00,98.8472,98.9326,98.8917,98.9122,691.0
2020-01-07 12:52:00,99.0586,98.9952,98.9409,98.968,5633.0
2020-01-07 12:53:00,99.0022,98.9423,98.9129,98.9276,3770.0
2020-01-07 12:54:00,98.7625,98.8484,98.7618,98.8051,8148.0
2020-01-07 12:55:00,98.617,98.7298,98.7019,98.7159,2009.0
2020-01-07 12:56:00,98.8957,98.9259,98.8527,98.8893,8127.0
2020-01-07 12:57:00,98.93,98.9555,98.8998,98.9277,4563.0
2020-01-07 12:58:00,98.9543,98.9587,98.9182,98.9385,6874.0
2020-01-07 12:59:00,98.9505,98.9704,98.8565,98.9135,2523.0
2020-01-07 13:00:00,98.9653,99.0059,98.8795,98.9427,3370.0
2020-01-07 13:01:00,98.9149,98.9831,98.9583,98.9707,9545.0
2020-01-07 13:02:00,99.0146,99.0013,98.9986,98.9999,1553.0
2020-01-07 13:03:00,99.0541,99.0198,99.003,99.0114,295.0
2020-01-07 13:04:00,99.0621,99.1147,99.0819,99.0983,5686.0
2020-01-07 13:05:00,99.1156,99.1035,99.0977,99.1006,9081.0
2020-01-07 13:06:00,98.9752,99.0332,98.9724,99.0028,3653.0
2020-01-07 13:07:00,99.0414,98.9464,98.9367,98.9416,9104.0
2020-01-07 13:08:00,98.6773,98.844,98.6433,98.7437,5030.0
2020-01-07 13:09:00,99.0041,99.0337,98.8589,98.9463,2680.0
2020-01-07 13:10:00,98.9491,99.129,98.9362,99.0326,9823.0
2020-01-07 13:11:00,99.0393,98.9496,98.9496,98.9496,8265.0
2020-01-07 13:12:00,98.8643,98.9689,98.8739,98.9214,504.0
2020-01-07 13:13:00,98.8672,98.875,98.8405,98.8577,8244.0
2020-01-07 13:14:00,98.9305,99.0149,99.0091,99.012,2944.0
2020-01-07 13:15:00,98.8025,98.8927,98.8473,98.87,2436.0
2020-01-07 13:16:00,98.9263,99.0048,98.7582,98.8815,7946.0
2020-01-07 13:17:00,98.922,98.8833,98.8579,98.8706,189.0
2020-01-07 13:18:00,98.9653,98.98,98.9265,98.9533,9697.0
2020-01-07 13:19:00,98.9799,99.0255,98.8603,98.9429,5162.0
2020-01-07 13:20:00,98.8193,98.8658,98.6684,98.7671,6828.0
2020-01-07 13:21:00,98.7077,98.7501,98.7338,98.742,9909.0
2020-01-07 13:22:00,98.5748,98.6819,98.6075,98.6447,3694.0
2020-01-07 13:23:00,98.652,98.6955,98.6099,98.6527,9817.0
2020-01-07 13:24:00,98.7673,98.8193,98.773,98.7961,9987.0
2020-01-07 13:25:00,98.6416,98.6558,98.5885,98.6222,4141.0
2020-01-07 13:26:00,98.5695,98.5724,98.5119,98.5421,9044.0
2020-01-07 13:27:00,98.4528,98.5364,98.4374,98.4869,815.0
2020-01-07 13:28:00,98.4839,98.5069,98.3905,98.4487,2541.0
2020-01-07 13:29:00,98.5554,98.5306,98.5148,98.5227,8239.0
2020-01-07 13:30:00,98.5415,98.5313,98.4794,98.5054,3529.0
2020-01-07 13:31:00,98.5266,98.5675,98.5264,98.547,5368.0
2020-01-07 13:32:00,98.5234,98.5163,98.4525,98.4844,8766.0
2020-01-07 13:33:00,98.5334,98.5852,98.4295,98.5074,2921.0
2020-01-07 13:34:00,98.6172,98.6144,98.5559,98.5851,8160.0
2020-01-07 13:35:00,98.5958,98.5281,98.4957,98.5119,9943.0
2020-01-07 13:36:00,98.6064,98.6316,98.5485,98.5901,6251.0
2020-01-07 13:37:00,98.5649,98.6167,98.5738,98.5953,7496.0
2020-01-07 13:38:00,98.6443,98.7592,98.6405,98.6998,3001.0
2020-01-07 13:39:00,98.7361,98.747,98.6124,98.6797,3200.0
2020-01-07 13:40:00,98.7357,98.7348,98.7009,98.7178,3692.0
2020-01-07 13:41:00,98.7973,98.7284,98.6992,98.7138,8474.0
2020-01-07 13:42:00,98.6027,98.7264,98.6819,98.7041,6765.0
2020-01-07 13:43:00,98.7756,98.7611,98.699,98.73,6932.0
2020-01-07 13:44:00,98.7707,98.8276,98.7398,98.7837,9914.0
2020-01-07 13:45:00,98.6411,98.7498,98.5677,98.6588,183.0
2020-01-07 13:46:00,98.7639,98.8484,98.7558,98.8021,185.0
2020-01-07 13:47:00,98.6611,98.6638,98.5685,98.6162,7564.0
2020-01-07 13:48:00,98.5783,98.6078,98.4875,98.5477,1410.0
2020-01-07 13:49:00,98.4811,98.565,98.5115,98.5382,9232.0
2020-01-07 13:50:00,98.5877,98.6308,98.5281,98.5795,1136.0
2020-01-07 13:51:00,98.7724,98.744,98.7301,98.7371,1500.0
2020-01-07 13:52:00,98.5602,98.6338,98.4687,98.5513,3580.0
2020-01-07 13:53:00,98.5559,98.5213,98.4797,98.5005,4920.0
2020-01-07 13:54:00,98.2733,98.2963,98.2794,98.2878,5849.0
2020-01-07 13:55:00,98.1783,98.293,98.289,98.291,4813.0
2020-01-07 13:56:00,98.3275,98.3783,98.2579,98.3181,6258.0
2020-01-07 13:57:00,98.4863,98.5001,98.4544,98.4772,824.0
2020-01-07 13:58:00,98.5048,98.5019,98.4767,98.4893,287.0
2020-01-07 13:59:00,98.649,98.5948,98.5926,98.5937,6477.0
2020-01-07 14:00:00,98.5545,98.7441,98.5601,98.6521,4930.0
2020-01-07 14:01:00,98.5966,98.6219,98.5952,98.6085,6701.0
2020-01-07 14:02:00,98.4215,98.5919,98.3434,98.4677,2872.0
2020-01-07 14:03:00,98.4348,98.5244,98.4659,98.4952,4712.0
2020-01-07 14:04:00,98.3423,98.3887,98.3032,98.3459,2680.0
2020-01-07 14:05:00,98.5106,98.4978,98.4531,98.4755,3800.0
2020-01-07 14:06:00,98.4743,98.489,98.4295,98.4593,3039.0
2020-01-07 14:07:00,98.5444,98.5808,98.5767,98.5788,1238.0
2020-01-07 14:08:00,98.5235,98.5845,98.477,98.5308,7311.0
2020-01-07 14:09:00,98.6041,98.5578,98.5575,98.5576,8495.0
2020-01-07 14:10:00,98.6127,98.7251,98.4321,98.5786,7740.0
2020-01-07 14:11:00,98.5464,98.6664,98.4818,98.5741,3480.0
2020-01-07 14:12:00,98.4999,98.5334,98.5282,98.5308,1445.0
2020-01-07 14:13:00,98.4842,98.5781,98.562,98.57,8652.0
2020-01-07 14:14:00,98.456,98.5264,98.4285,98.4774,1243.0
2020-01-07 14:15:00,98.2697,98.3966,98.3164,98.3565,313.0
2020-01-07 14:16:00,98.5841,98.4989,98.4627,98.4808,1948.0
2020-01-07 14:17:00,98.5107,98.5797,98.5272,98.5535,741.0
2020-01-07 14:18:00,98.6155,98.6053,98.5149,98.5601,705.0
2020-01-07 14:19:00,98.8175,98.8051,98.6481,98.7266,465.0
2020-01-07 14:20:00,98.7106,98.7164,98.6832,98.6998,1328.0
2020-01-07 14:21:00,98.8271,98.8372,98.827,98.8321,998.0
2020-01-07 14:22:00,98.7835,98.9337,98.7656,98.8496,2850.0
2020-01-07 14:23:00,98.7219,98.7845,98.7098,98.7472,5480.0
2020-01-07 14:24:00,99.0122,98.9892,98.8748,98.932,189.0
2020-01-07 14:25:00,99.0486,99.0519,99.0101,99.031,1088.0
2020-01-07 14:26:00,99.0204,99.0669,98.971,99.0189,7157.0
2020-01-07 14:27:00,99.1573,99.1431,99.0402,99.0917,2540.0
2020-01-07 14:28:00,99.0861,99.0746,99.028,99.0513,5663.0
2020-01-07 14:29:00,99.1268,99.1546,99.1138,99.1342,392.0
2020-01-07 14:30:00,98.9059,98.9301,98.8601,98.8951,9781.0
2020-01-07 14:31:00,98.7547,98.853,98.7332,98.7931,4826.0
2020-01-07 14:32:00,98.863,98.9228,98.8593,98.891,4365.0
2020-01-07 14:33:00,98.8558,98.9467,98.7854,98.8661,5529.0
2020-01-07 14:34:00,98.9147,98.921,98.8527,98.8868,9741.0
2020-01-07 14:35:00,98.6898,98.7719,98.7324,98.7522,5085.0
2020-01-07 14:36:00,98.9407,98.965,98.9089,98.9369,9382.0
2020-01-07 14:37:00,99.0365,99.1037,99.0083,99.056,6299.0
2020-01-07 14:38:00,98.9909,99.0957,98.9762,99.0359,2715.0
2020-01-07 14:39:00,98.9762,98.9981,98.9928,98.9955,8442.0
2020-01-07 14:40:00,98.9823,99.1016,99.0952,99.0984,5534.0
2020-01-07 14:41:00,99.2588,99.304,99.2893,99.2967,1083.0
2020-01-07 14:42:00,99.3371,99.4065,99.3776,99.392,1919.0
2020-01-07 14:43:00,99.5952,99.6948,99.5237,99.6092,1076.0
2020-01-07 14:44:00,99.403,99.5383,99.4957,99.517,6249.0
2020-01-07 14:45:00,99.4446,99.5336,99.3365,99.435,8480.0
2020-01-07 14:46:00,99.3616,99.3796,99.2527,99.3161,6560.0
2020-01-07 14:47:00,99.3545,99.4455,99.2752,99.3603,2878.0
2020-01-07 14:48:00,99.4028,99.4316,99.3242,99.3779,2671.0
2020-01-07 14:49:00,99.3371,99.3923,99.333,99.3627,9478.0
2020-01-07 14:50:00,99.3659,99.4652,99.422,99.4436,4001.0
2020-01-07 14:51:00,99.5669,99.65,99.4837,99.5668,3539.0
2020-01-07 14:52:00,99.4483,99.4891,99.3395,99.4143,7333.0
2020-01-07 14:53:00,99.2884,99.3693,99.3399,99.3546,9639.0
2020-01-07 14:54:00,99.4133,99.4894,99.3838,99.4366,5584.0
2020-01-07 14:55:00,99.3775,99.4106,99.3691,99.3898,7637.0
2020-01-07 14:56:00,99.4526,99.3498,99.2702,99.31,3507.0
2020-01-07 14:57:00,99.423,99.4465,99.3772,99.4119,8958.0
2020-01-07 14:58:00,99.1876,99.294,99.2718,99.2829,872.0
2020-01-07 14:59:00,99.1451,99.3393,99.1662,99.2528,9456.0
2020-01-07 15:00:00,99.3221,99.3189,99.2523,99.2856,5053.0
2020-01-07 15:01:00,99.3525,99.3112,99.1453,99.2282,4694.0
2020-01-07 15:02:00,99.2925,99.349,99.2641,99.3065,8940.0
2020-01-07 15:03:00,99.2326,99.2695,99.2298,99.2497,5046.0
2020-01-07 15:04:00,99.4121,99.4279,99.3531,99.3905,9351.0
2020-01-07 15:05:00,99.338,99.3786,99.3773,99.3779,1087.0
2020-01-07 15:06:00,99.3179,99.5094,99.3808,99.4451,2290.0
2020-01-07 15:07:00,99.5715,99.548,99.4913,99.5197,4723.0
2020-01-07 15:08:00,99.4263,99.5402,99.3737,99.4569,1885.0
2020-01-07 15:09:00,99.3041,99.2664,99.2368,99.2516,9819.0
2020-01-07 15:10:00,99.2496,99.3268,99.2485,99.2877,6249.0
2020-01-07 15:11:00,99.301,99.3093,99.2804,99.2949,6916.0
2020-01-07 15:12:00,99.3932,99.3568,99.3441,99.3505,2001.0
2020-01-07 15:13:00,99.3813,99.3585,99.2972,99.3278,2503.0
2020-01-07 15:14:00,99.2964,99.3536,99.2159,99.2848,3085.0
2020-01-07 15:15:00,99.4948,99.5631,99.4081,99.4856,1950.0
2020-01-07 15:16:00,99.3694,99.4152,99.2615,99.3384,9299.0
2020-01-07 15:17:00,99.435,99.4452,99.3783,99.4118,5255.0
2020-01-07 15:18:00,99.2898,99.4788,99.2298,99.3543,8837.0
2020-01-07 15:19:00,99.2571,99.3541,99.2874,99.3207,6117.0
2020-01-07 15:20:00,99.1836,99.3273,99.2507,99.289,8816.0
2020-01-07 15:21:00,99.247,99.2228,99.1946,99.2087,1180.0
2020-01-07 15:22:00,99.246,99.3586,99.173,99.2658,2121.0
2020-01-07 15:23:00,99.4459,99.4251,99.3847,99.4049,7274.0
2020-01-07 15:24:00,99.4721,99.5155,99.3882,99.4519,5662.0
2020-01-07 15:25:00,99.4121,99.5188,99.4056,99.4622,9630.0
2020-01-07 15:26:00,99.3576,99.3947,99.3325,99.3636,9622.0
2020-01-07 15:27:00,99.3925,99.42,99.4105,99.4152,870.0
2020-01-07 15:28:00,99.6004,99.6311,99.6307,99.6309,8280.0
2020-01-07 15:29:00,99.6386,99.605,99.5806,99.5928,5886.0
2020-01-07 15:30:00,99.6808,99.5571,99.5534,99.5552,7459.0
2020-01-07 15:31:00,99.5549,99.5205,99.4777,99.4991,7045.0
2020-01-07 15:32:00,99.4488,99.4673,99.433,99.4502,7546.0
2020-01-07 15:33:00,99.2386,99.1989,99.1523,99.1756,9650.0
2020-01-07 15:34:00,99.3018,99.2544,99.1779,99.2161,6880.0
2020-01-07 15:35:00,99.062,99.1529,99.1103,99.1316,1696.0
2020-01-07 15:36:00,99.0318,99.0301,98.911,98.9706,8847.0
2020-01-07 15:37:00,99.0844,99.0812,99.0106,99.0459,5546.0
2020-01-07 15:38:00,98.9971,98.9843,98.8911,98.9377,4454.0
2020-01-07 15:39:00,98.9445,98.9124,98.8952,98.9038,934.0
2020-01-07 15:40:00,99.0391,99.0973,99.0036,99.0505,9939.0
2020-01-07 15:41:00,99.0112,98.95,98.869,98.9095,9158.0
2020-01-07 15:42:00,98.7732,98.7723,98.7403,98.7563,1003.0
2020-01-07 15:43:00,98.7615,98.8303,98.7361,98.7832,242.0
2020-01-07 15:44:00,98.9234,99.0374,98.7589,98.8981,6120.0
2020-01-07 15:45:00,98.7893,98.7898,98.6916,98.7407,7986.0
2020-01-07 15:46:00,98.7862,98.84,98.723,98.7815,3823.0
2020-01-07 15:47:00,98.8592,98.8779,98.8012,98.8396,2886.0
2020-01-07 15:48:00,98.6381,98.7476,98.5197,98.6337,3490.0
2020-01-07 15:49:00,98.6805,98.7242,98.7028,98.7135,7045.0
2020-01-07 15:50:00,98.7601,98.8036,98.7988,98.8012,2859.0
2020-01-07 15:51:00,98.6999,98.818,98.722,98.77,7919.0
2020-01-07 15:52:00,98.9711,98.9735,98.817,98.8952,3253.0
2020-01-07 15:53:00,98.9977,99.0339,98.9839,99.0089,2931.0
2020-01-07 15:54:00,98.8478,99.0579,98.9805,99.0192,6612.0
2020-01-07 15:55:00,98.9939,99.0237,98.9244,98.974,9996.0
2020-01-07 15:56:00,98.8956,98.8921,98.8614,98.8768,8749.0
2020-01-07 15:57:00,98.7797,98.8752,98.8708,98.873,9568.0
2020-01-07 15:58:00,98.8884,98.9716,98.8884,98.93,7631.0
2020-01-07 15:59:00,98.8538,98.9249,98.8702,98.8976,5412.0
2020-01-07 16:00:00,98.6407,98.691,98.6646,98.6778,7545.0
2020-01-07 16:01:00,98.8653,98.8319,98.7775,98.8047,7302.0
2020-01-07 16:02:00,98.8163,98.8317,98.8157,98.8237,1708.0
2020-01-07 16:03:00,98.7644,98.8133,98.7582,98.7857,3994.0
2020-01-07 16:04:00,98.9276,98.878,98.865,98.8715,6888.0
2020-01-07 16:05:00,99.0487,99.0247,99.0231,99.0239,1196.0
2020-01-07 16:06:00,98.6567,98.7886,98.6988,98.7437,726.0
2020-01-07 16:07:00,98.7563,98.8187,98.7556,98.7872,1390.0
2020-01-07 16:08:00,98.6606,98.663,98.626,98.6445,4817.0
2020-01-07 16:09:00,98.6477,98.7365,98.6523,98.6944,3511.0
2020-01-07 16:10:00,98.8087,98.7248,98.6896,98.7072,2244.0
2020-01-07 16:11:00,98.7764,98.7829,98.7587,98.7708,999.0
2020-01-07 16:12:00,98.6832,98.725,98.7167,98.7208,797.0
2020-01-07 16:13:00,98.4774,98.5546,98.5124,98.5335,6180.0
2020-01-07 16:14:00,98.5349,98.5334,98.4436,98.4885,4155.0
2020-01-07 16:15:00,98.4968,98.5944,98.4639,98.5292,7331.0
2020-01-07 16:16:00,98.6497,98.645,98.6164,98.6307,3540.0
2020-01-07 16:17:00,98.456,98.567,98.4601,98.5135,3516.0
2020-01-07 16:18:00,98.6197,98.6297,98.6028,98.6162,2589.0
2020-01-07 16:19:00,98.5197,98.6017,98.5012,98.5514,6694.0
2020-01-07 16:20:00,98.5719,98.6725,98.5028,98.5877,6477.0
2020-01-07 16:21:00,98.4969,98.6361,98.4373,98.5367,6219.0
2020-01-07 16:22:00,98.6062,98.5874,98.5224,98.5549,892.0
2020-01-07 16:23:00,98.6196,98.687,98.6012,98.6441,7848.0
2020-01-07 16:24:00,98.5142,98.534,98.5089,98.5214,1022.0
2020-01-07 16:25:00,98.4487,98.4717,98.4351,98.4534,1581.0
2020-01-07 16:26:00,98.5525,98.5518,98.392,98.4719,7087.0
2020-01-07 16:27:00,98.7566,98.7158,98.7084,98.7121,7605.0
2020-01-07 16:28:00,98.6653,98.6698,98.5817,98.6258,9033.0
2020-01-07 16:29:00,98.7509,98.8438,98.8157,98.8298,2133.0
2020-01-07 16:30:00,98.9974,99.0332,99.0272,99.0302,1545.0
2020-01-07 16:31:00,99.0799,99.1178,98.9231,99.0205,8666.0
2020-01-07 16:32:00,98.9321,99.0365,98.9448,98.9907,3009.0
2020-01-07 16:33:00,98.9257,98.9357,98.9072,98.9215,5868.0
2020-01-07 16:34:00,98.8614,98.928,98.9013,98.9146,8915.0
2020-01-07 16:35:00,98.7257,98.8578,98.6902,98.774,6542.0
2020-01-07 16:36:00,98.8504,98.7678,98.7648,98.7663,9340.0
2020-01-07 16:37:00,98.952,98.9326,98.8994,98.916,705.0
2020-01-07 16:38:00,98.9041,98.857,98.8528,98.8549,2213.0
2020-01-07 16:39:00,98.87,98.8511,98.8106,98.8308,2676.0
2020-01-07 16:40:00,98.6538,98.6626,98.6589,98.6607,5840.0
2020-01-07 16:41:00,98.6636,98.7962,98.6,98.6981,5610.0
2020-01-07 16:42:00,98.7045,98.802,98.6472,98.7246,377.0
2020-01-07 16:43:00,98.7214,98.7484,98.7135,98.731,2157.0
2020-01-07 16:44:00,98.7981,98.7877,98.6309,98.7093,1264.0
2020-01-07 16:45:00,98.6132,98.6974,98.6626,98.68,3271.0
2020-01-07 16:46:00,98.7025,98.7662,98.6942,98.7302,5406.0
2020-01-07 16:47:00,98.6817,98.7994,98.6552,98.7273,6636.0
2020-01-07 16:48:00,98.8116,98.798,98.7196,98.7588,360.0
2020-01-07 16:49:00,98.873,98.8087,98.7519,98.7803,5285.0
2020-01-07 16:50:00,98.9081,98.9248,98.8605,98.8926,3665.0
2020-01-07 16:51:00,98.9799,98.9798,98.9408,98.9603,3918.0
2020-01-07 16:52:00,98.9842,99.0035,98.9557,98.9796,4662.0
2020-01-07 16:53:00,99.1533,99.1332,99.1298,99.1315,6307.0
2020-01-07 16:54:00,99.2122,99.1927,99.1543,99.1735,2894.0
2020-01-07 16:55:00,99.3253,99.31,99.298,99.304,9495.0
2020-01-07 16:56:00,99.3896,99.3965,99.3329,99.3647,7088.0
2020-01-07 16:57:00,99.2193,99.2287,99.1323,99.1805,2112.0
2020-01-07 16:58:00,99.2221,99.4302,99.1917,99.311,6342.0
2020-01-07 16:59:00,99.3246,99.3336,99.3154,99.3245,8595.0
2020-01-07 17:00:00,99.3346,99.3953,99.2433,99.3193,1196.0
2020-01-07 17:01:00,99.3682,99.3839,99.3109,99.3474,1266.0
2020-01-07 17:02:00,99.3044,99.3243,99.3016,99.3129,4409.0
2020-01-07 17:03:00,99.3437,99.3723,99.2989,99.3356,7984.0
2020-01-07 17:04:00,99.2405,99.3263,99.2266,99.2765,2452.0
2020-01-07 17:05:00,99.3151,99.4098,99.3979,99.4039,5633.0
2020-01-07 17:06:00,99.4417,99.4713,99.3138,99.3925,8184.0
2020-01-07 17:07:00,99.2975,99.4033,99.3052,99.3543,5948.0
2020-01-07 17:08:00,99.2537,99.2993,99.2243,99.2618,8636.0
2020-01-07 17:09:00,99.2512,99.331,99.2463,99.2886,843.0
2020-01-07 17:10:00,99.3867,99.3815,99.2333,99.3074,9913.0
2020-01-07 17:11:00,99.3422,99.3931,99.2994,99.3462,2641.0
2020-01-07 17:12:00,99.228,99.2486,99.2383,99.2435,5900.0
2020-01-07 17:13:00,99.1208,99.119,99.0477,99.0834,1248.0
2020-01-07 17:14:00,99.2537,99.3387,98.9531,99.1459,8948.0
2020-01-07 17:15:00,99.3147,99.3481,99.2407,99.2944,4812.0
2020-01-07 17:16:00,99.1729,99.276,99.1075,99.1917,875.0
2020-01-07 17:17:00,99.3855,99.3802,99.3212,99.3507,9961.0
2020-01-07 17:18:00,99.3004,99.3806,99.3775,99.3791,6307.0
2020-01-07 17:19:00,99.3807,99.4842,99.2725,99.3784,9951.0
2020-01-07 17:20:00,99.4383,99.3885,99.2888,99.3386,7278.0
2020-01-07 17:21:00,99.2081,99.2254,99.1749,99.2002,8898.0
2020-01-07 17:22:00,99.3043,99.334,99.2638,99.2989,529.0
2020-01-07 17:23:00,99.2224,99.2965,99.1462,99.2214,9296.0
2020-01-07 17:24:00,99.1236,99.2172,99.0696,99.1434,1712.0
2020-01-07 17:25:00,99.2583,99.2521,99.233,99.2426,9912.0
2020-01-07 17:26:00,99.0931,99.0609,99.0477,99.0543,4411.0
2020-01-07 17:27:00,98.8853,98.9191,98.8848,98.9019,4565.0
2020-01-07 17:28:00,98.7756,98.9178,98.8824,98.9001,9263.0
2020-01-07 17:29:00,98.9527,98.9389,98.92,98.9295,2388.0
2020-01-07 17:30:00,99.0846,99.0008,98.9551,98.9779,9850.0
2020-01-07 17:31:00,98.9289,98.9547,98.9408,98.9477,2468.0
2020-01-07 17:32:00,99.1272,99.2217,99.1799,99.2008,2192.0
2020-01-07 17:33:00,99.2119,99.1827,99.1733,99.178,7853.0
2020-01-07 17:34:00,99.2421,99.1879,99.1219,99.1549,8211.0
2020-01-07 17:35:00,99.1017,99.0754,99.075,99.0752,383.0
2020-01-07 17:36:00,99.1738,99.1233,99.0519,99.0876,8963.0
2020-01-07 17:37:00,99.1888,99.1881,99.1101,99.1491,2234.0
2020-01-07 17:38:00,99.3048,99.2863,99.2527,99.2695,7274.0
2020-01-07 17:39:00,99.0946,99.1265,99.1146,99.1205,1582.0
2020-01-07 17:40:00,99.1102,99.0977,99.0942,99.0959,6426.0
2020-01-07 17:41:00,99.1391,99.1864,99.0948,99.1406,2446.0
2020-01-07 17:42:00,99.1961,99.2242,99.1744,99.1993,6641.0
2020-01-07 17:43:00,99.1873,99.2098,99.1901,99.2,113.0
2020-01-07 17:44:00,99.2655,99.2601,99.2483,99.2542,6343.0
2020-01-07 17:45:00,99.1085,99.2037,99.1429,99.1733,855.0
2020-01-07 17:46:00,99.3697,99.3328,99.3254,99.3291,8460.0
2020-01-07 17:47:00,99.3845,99.4785,99.3782,99.4284,2379.0
2020-01-07 17:48:00,99.2814,99.3032,99.2845,99.2939,1234.0
2020-01-07 17:49:00,99.2029,99.1977,99.175,99.1864,2761.0
2020-01-07 17:50:00,99.0353,99.1169,99.0464,99.0817,4924.0
2020-01-07 17:51:00,99.0511,99.2479,99.051,99.1495,339.0
2020-01-07 17:52:00,99.0018,99.0534,98.9886,99.021,2387.0
2020-01-07 17:53:00,98.9163,99.0713,98.9045,98.9879,4465.0
2020-01-07 17:54:00,99.069,99.0764,98.9903,99.0334,2687.0
2020-01-07 17:55:00,98.9691,99.0325,99.021,99.0267,1409.0
2020-01-07 17:56:00,99.1269,99.0678,99.0375,99.0526,6578.0
2020-01-07 17:57:00,98.9458,98.9733,98.9188,98.9461,542.0
2020-01-07 17:58:00,99.0085,99.0991,98.912,99.0055,9016.0
2020-01-07 17:59:00,98.8452,98.9619,98.9265,98.9442,1007.0
2020-01-07 18:00:00,98.919,98.9392,98.8843,98.9118,1626.0
2020-01-07 18:01:00,98.9315,98.9437,98.9274,98.9355,9435.0
2020-01-07 18:02:00,98.8809,98.9593,98.9323,98.9458,8366.0
2020-01-07 18:03:00,98.9526,99.0182,98.8783,98.9482,2570.0
2020-01-07 18:04:00,98.8533,98.8857,98.8606,98.8732,169.0
2020-01-07 18:05:00,98.8324,98.9161,98.7704,98.8432,4940.0
2020-01-07 18:06:00,98.8447,98.8868,98.8,98.8434,6514.0
2020-01-07 18:07:00,98.6824,98.7308,98.6811,98.7059,8423.0
2020-01-07 18:08:00,98.672,98.6651,98.6543,98.6597,9413.0
2020-01-07 18:09:00,98.6941,98.722,98.6749,98.6984,7695.0
2020-01-07 18:10:00,98.5943,98.5892,98.5522,98.5707,9482.0
2020-01-07 18:11:00,98.6599,98.6874,98.6853,98.6864,1228.0
2020-01-07 18:12:00,98.7601,98.8199,98.8067,98.8133,697.0
2020-01-07 18:13:00,98.6534,98.7184,98.6592,98.6888,9864.0
2020-01-07 18:14:00,98.8967,98.884,98.7651,98.8246,5661.0
2020-01-07 18:15:00,98.858,98.8808,98.7396,98.8102,8963.0
2020-01-07 18:16:00,98.9127,98.9701,98.734,98.8521,4830.0
2020-01-07 18:17:00,98.8665,98.8463,98.7585,98.8024,5119.0
2020-01-07 18:18:00,98.8714,98.9836,98.8058,98.8947,6205.0
2020-01-07 18:19:00,98.9501,98.9465,98.9241,98.9353,3815.0
2020-01-07 18:20:00,98.8577,98.8623,98.8455,98.8539,3437.0
2020-01-07 18:21:00,98.7703,98.757,98.7178,98.7374,2999.0
2020-01-07 18:22:00,98.5769,98.6408,98.5419,98.5913,6663.0
2020-01-07 18:23:00,98.6148,98.6117,98.6085,98.6101,2408.0
2020-01-07 18:24:00,98.671,98.6734,98.6613,98.6674,2563.0
2020-01-07 18:25:00,98.7591,98.7694,98.6956,98.7325,5574.0
2020-01-07 18:26:00,98.7535,98.7645,98.6768,98.7207,4090.0
2020-01-07 18:27:00,98.6097,98.6509,98.559,98.605,2848.0
2020-01-07 18:28:00,98.543,98.6216,98.4519,98.5368,5604.0
2020-01-07 18:29:00,98.6633,98.6759,98.6281,98.652,7173.0
2020-01-07 18:30:00,98.6859,98.6434,98.5637,98.6035,8463.0
2020-01-07 18:31:00,98.5314,98.6288,98.607,98.6179,6043.0
2020-01-07 18:32:00,98.4618,98.5129,98.5077,98.5103,3501.0
2020-01-07 18:33:00,98.5777,98.6022,98.4858,98.544,4201.0
2020-01-07 18:34:00,98.5117,98.5335,98.463,98.4982,7855.0
2020-01-07 18:35:00,98.616,98.633,98.5728,98.6029,1327.0
2020-01-07 18:36:00,98.7136,98.705,98.6555,98.6802,2516.0
2020-01-07 18:37:00,98.6414,98.6889,98.5724,98.6307,821.0
2020-01-07 18:38:00,98.59,98.6826,98.5534,98.618,1030.0
2020-01-07 18:39:00,98.5943,98.6327,98.4931,98.5629,9370.0
2020-01-07 18:40:00,98.422,98.4713,98.3706,98.4209,5388.0
2020-01-07 18:41:00,98.3128,98.3761,98.2943,98.3352,2575.0
2020-01-07 18:42:00,98.3895,98.4327,98.2773,98.355,9827.0
2020-01-07 18:43:00,98.4201,98.4068,98.3683,98.3875,8704.0
2020-01-07 18:44:00,98.4131,98.4046,98.4002,98.4024,938.0
2020-01-07 18:45:00,98.4581,98.4295,98.315,98.3722,3787.0
2020-01-07 18:46:00,98.5319,98.5005,98.4306,98.4655,1126.0
2020-01-07 18:47:00,98.522,98.5841,98.3596,98.4719,2935.0
2020-01-07 18:48:00,98.6705,98.5902,98.4943,98.5422,6572.0
2020-01-07 18:49:00,98.3575,98.3725,98.3572,98.3648,6476.0
2020-01-07 18:50:00,97.9494,98.0313,97.9139,97.9726,5895.0
2020-01-07 18:51:00,98.044,98.03,97.9719,98.001,8351.0
2020-01-07 18:52:00,97.8459,97.9303,97.7867,97.8585,689.0
2020-01-07 18:53:00,97.8379,97.848,97.8265,97.8373,3268.0
2020-01-07 18:54:00,97.7577,97.8533,97.7607,97.807,2134.0
2020-01-07 18:55:00,97.9961,97.966,97.9656,97.9658,5285.0
2020-01-07 18:56:00,97.9322,98.0569,97.9547,98.0058,5250.0
2020-01-07 18:57:00,98.0175,98.0392,98.0055,98.0224,5177.0
2020-01-07 18:58:00,98.1053,98.1262,98.0859,98.1061,876.0
2020-01-07 18:59:00,98.1211,98.1473,98.1385,98.1429,8439.0
2020-01-07 19:00:00,98.0093,98.1208,98.0735,98.0972,8338.0
2020-01-07 19:01:00,98.1161,98.2113,98.1973,98.2043,9559.0
2020-01-07 19:02:00,98.056,98.1009,98.0858,98.0933,1601.0
2020-01-07 19:03:00,98.1526,98.1641,98.0872,98.1256,9910.0
2020-01-07 19:04:00,97.9853,97.9925,97.9492,97.9709,6599.0
2020-01-07 19:05:00,97.9905,98.1042,97.8784,97.9913,1764.0
2020-01-07 19:06:00,97.9664,98.072,97.9492,98.0106,6696.0
2020-01-07 19:07:00,98.1953,98.2519,98.1045,98.1782,6765.0
2020-01-07 19:08:00,97.9318,98.1401,97.9034,98.0217,6420.0
2020-01-07 19:09:00,97.8418,97.9655,97.9578,97.9616,2122.0
2020-01-07 19:10:00,98.0318,98.0886,97.9992,98.0439,8501.0
2020-01-07 19:11:00,98.0501,98.1034,98.0514,98.0774,7309.0
2020-01-07 19:12:00,98.1461,98.1466,98.0444,98.0955,7391.0
2020-01-07 19:13:00,98.0078,98.0028,97.9969,97.9999,9479.0
2020-01-07 19:14:00,98.0233,97.9489,97.9326,97.9408,8130.0
2020-01-07 19:15:00,98.0379,98.1031,98.0275,98.0653,3153.0
2020-01-07 19:16:00,98.0845,98.0867,98.0335,98.0601,134.0
2020-01-07 19:17:00,98.0851,98.112,98.0833,98.0977,2143.0
2020-01-07 19:18:00,98.1552,98.1197,98.0526,98.0862,9568.0
2020-01-07 19:19:00,97.9576,97.9694,97.9663,97.9678,4954.0
2020-01-07 19:20:00,98.1039,98.1567,97.9658,98.0612,3054.0
2020-01-07 19:21:00,98.0577,98.1462,98.0769,98.1115,8555.0
2020-01-07 19:22:00,98.3213,98.3736,98.3107,98.3421,9420.0
2020-01-07 19:23:00,98.2363,98.243,98.2381,98.2406,3391.0
2020-01-07 19:24:00,98.386,98.3665,98.2791,98.3228,8698.0
2020-01-07 19:25:00,98.0818,98.2078,98.1755,98.1917,9521.0
2020-01-07 19:26:00,98.1908,98.2215,98.1933,98.2074,6879.0
2020-01-07 19:27:00,98.2867,98.3509,98.2592,98.305,2211.0
2020-01-07 19:28:00,97.994,98.1498,98.0459,98.0978,3116.0
2020-01-07 19:29:00,98.0541,98.0919,98.0628,98.0773,7057.0
2020-01-07 19:30:00,97.944,98.1201,97.9219,98.021,9163.0
2020-01-07 19:31:00,97.8343,98.0704,97.8312,97.9508,4233.0
2020-01-07 19:32:00,97.9762,98.0275,97.9512,97.9893,4955.0
2020-01-07 19:33:00,98.0866,98.1048,98.098,98.1014,4860.0
2020-01-07 19:34:00,98.0758,98.1354,98.0408,98.0881,4965.0
2020-01-07 19:35:00,98.1213,98.1539,98.0634,98.1086,572.0
2020-01-07 19:36:00,98.0761,98.1306,98.1095,98.1201,7803.0
2020-01-07 19:37:00,98.2098,98.1471,98.0933,98.1202,4774.0
2020-01-07 19:38:00,98.0096,98.0978,97.9248,98.0113,3932.0
2020-01-07 19:39:00,98.1865,98.1634,98.0809,98.1221,4430.0
2020-01-07 19:40:00,98.0677,98.1979,98.1055,98.1517,2241.0
2020-01-07 19:41:00,98.1494,98.203,98.1793,98.1912,3008.0
2020-01-07 19:42:00,98.1448,98.1516,98.0694,98.1105,6432.0
2020-01-07 19:43:00,98.0533,98.0923,98.0368,98.0646,4211.0
2020-01-07 19:44:00,97.9933,98.0918,98.0022,98.047,1498.0
2020-01-07 19:45:00,97.8016,97.9314,97.8557,97.8936,8655.0
2020-01-07 19:46:00,97.7614,97.7848,97.6647,97.7248,9035.0
2020-01-07 19:47:00,97.6973,97.7066,97.6228,97.6647,3569.0
2020-01-07 19:48:00,97.7291,97.7227,97.7112,97.7169,2557.0
2020-01-07 19:49:00,97.6268,97.6793,97.6239,97.6516,6417.0
2020-01-07 19:50:00,97.4941,97.5942,97.5052,97.5497,3784.0
2020-01-07 19:51:00,97.4656,97.4826,97.4539,97.4683,2333.0
2020-01-07 19:52:00,97.357,97.511,97.3345,97.4227,569.0
2020-01-07 19:53:00,97.3498,97.3997,97.375,97.3873,5599.0
2020-01-07 19:54:00,97.667,97.61,97.5978,97.6039,8603.0
2020-01-07 19:55:00,97.6168,97.7699,97.6488,97.7094,8129.0
2020-01-07 19:56:00,97.8457,97.8164,97.8073,97.8118,6772.0
2020-01-07 19:57:00,98.0034,98.0034,97.854,97.9287,4423.0
2020-01-07 19:58:00,97.8696,97.8559,97.8018,97.8288,1088.0
2020-01-07 19:59:00,97.7265,97.8242,97.5889,97.7066,1531.0
2020-01-07 20:00:00,97.5727,97.6548,97.537,97.5959,6796.0
2020-01-07 20:01:00,97.697,97.775,97.6837,97.7293,313.0
2020-01-07 20:02:00,97.5622,97.7222,97.6271,97.6746,5125.0
2020-01-07 20:03:00,97.5513,97.645,97.4539,97.5495,7583.0
2020-01-07 20:04:00,97.4863,97.5395,97.4732,97.5064,9604.0
2020-01-07 20:05:00,97.4476,97.512,97.4531,97.4825,3320.0
2020-01-07 20:06:00,97.5084,97.5514,97.4673,97.5094,4727.0
2020-01-07 20:07:00,97.5376,97.6216,97.4474,97.5345,3540.0
2020-01-07 20:08:00,97.4199,97.4522,97.4511,97.4516,5832.0
2020-01-07 20:09:00,97.6009,97.522,97.5184,97.5202,2504.0
2020-01-07 20:10:00,97.4928,97.4839,97.4287,97.4563,8991.0
2020-01-07 20:11:00,97.4855,97.4691,97.4122,97.4407,7697.0
2020-01-07 20:12:00,97.5042,97.6761,97.3426,97.5093,5252.0
2020-01-07 20:13:00,97.4707,97.4775,97.4128,97.4452,9858.0
2020-01-07 20:14:00,97.3434,97.4589,97.3176,97.3882,8057.0
2020-01-07 20:15:00,97.4807,97.4674,97.4274,97.4474,7117.0
2020-01-07 20:16:00,97.3514,97.3761,97.3472,97.3616,9601.0
2020-01-07 20:17:00,97.272,97.3239,97.3224,97.3231,4712.0
2020-01-07 20:18:00,97.3776,97.4826,97.2748,97.3787,780.0
2020-01-07 20:19:00,97.5695,97.5996,97.5686,97.5841,4922.0
2020-01-07 20:20:00,97.7608,97.7004,97.5889,97.6447,4000.0
2020-01-07 20:21:00,97.7137,97.7624,97.6215,97.6919,4464.0
2020-01-07 20:22:00,97.824,97.781,97.7091,97.745,1887.0
2020-01-07 20:23:00,97.6943,97.7045,97.5709,97.6377,817.0
2020-01-07 20:24:00,97.6511,97.7122,97.5863,97.6492,9012.0
2020-01-07 20:25:00,97.6241,97.6825,97.6101,97.6463,3957.0
2020-01-07 20:26:00,97.5914,97.6843,97.6726,97.6784,8162.0
2020-01-07 20:27:00,97.6465,97.7913,97.5888,97.6901,2287.0
2020-01-07 20:28:00,97.7612,97.7757,97.6804,97.7281,3852.0
2020-01-07 20:29:00,97.6818,97.7265,97.6673,97.6969,880.0
2020-01-07 20:30:00,97.7216,97.7201,97.6855,97.7028,729.0
2020-01-07 20:31:00,97.4785,97.5834,97.5766,97.58,5829.0
2020-01-07 20:32:00,97.5707,97.6249,97.4711,97.548,4630.0
2020-01-07 20:33:00,97.7419,97.6933,97.6808,97.6871,5764.0
2020-01-07 20:34:00,97.6302,97.7197,97.7182,97.719,7721.0
2020-01-07 20:35:00,97.7354,97.7958,97.6379,97.7169,4021.0
2020-01-07 20:36:00,97.9737,97.9394,97.8736,97.9065,7334.0
2020-01-07 20:37:00,97.8544,97.8111,97.7297,97.7704,3412.0
2020-01-07 20:38:00,97.6343,97.6694,97.6495,97.6594,2530.0
2020-01-07 20:39:00,97.8697,97.8808,97.7806,97.8307,6677.0
2020-01-07 20:40:00,97.9068,97.8354,97.8353,97.8353,9921.0
2020-01-07 20:41:00,97.8311,97.8456,97.7765,97.8111,1573.0
2020-01-07 20:42:00,97.7554,97.7588,97.6234,97.6911,8771.0
2020-01-07 20:43:00,97.7341,97.8096,97.6622,97.7359,2169.0
2020-01-07 20:44:00,97.8101,97.8051,97.7756,97.7904,660.0
2020-01-07 20:45:00,97.6498,97.7303,97.6315,97.6809,2795.0
2020-01-07 20:46:00,97.6586,97.6828,97.6509,97.6669,8010.0
2020-01-07 20:47:00,97.655,97.6924,97.5742,97.6333,7560.0
2020-01-07 20:48:00,97.6241,97.6698,97.6481,97.6589,2103.0
2020-01-07 20:49:00,97.5358,97.5641,97.5299,97.547,4092.0
2020-01-07 20:50:00,97.7102,97.7086,97.6358,97.6722,1561.0
2020-01-07 20:51:00,97.8664,97.8741,97.6535,97.7638,994.0
2020-01-07 20:52:00,97.625,97.7641,97.6908,97.7275,9298.0
2020-01-07 20:53:00,97.8046,97.7421,97.6695,97.7058,5378.0
2020-01-07 20:54:00,97.6792,97.7515,97.6328,97.6922,617.0
2020-01-07 20:55:00,97.6626,97.67,97.5586,97.6143,6925.0
2020-01-07 20:56:00,97.6281,97.5813,97.5587,97.57,8154.0
2020-01-07 20:57:00,97.6212,97.5494,97.5366,97.543,5399.0
2020-01-07 20:58:00,97.6679,97.7564,97.6521,97.7043,7479.0
2020-01-07 20:59:00,97.7877,97.8287,97.7691,97.7989,1100.0
2020-01-07 21:00:00,97.8897,97.8984,97.8863,97.8924,3847.0
2020-01-07 21:01:00,97.9115,97.9571,97.9016,97.9294,8931.0
2020-01-07 21:02:00,97.8836,97.9103,97.725,97.8176,829.0
2020-01-07 21:03:00,97.8097,97.8258,97.8011,97.8135,8724.0
2020-01-07 21:04:00,97.8296,97.9371,97.884,97.9105,6887.0
2020-01-07 21:05:00,97.7531,97.8635,97.706,97.7847,4037.0
2020-01-07 21:06:00,97.7695,97.9101,97.7867,97.8484,2910.0
2020-01-07 21:07:00,98.0692,98.0932,98.068,98.0806,3037.0
2020-01-07 21:08:00,98.2204,98.2038,98.1699,98.1868,4296.0
2020-01-07 21:09:00,98.2955,98.3777,98.2787,98.3282,6563.0
2020-01-07 21:10:00,98.3299,98.3788,98.3213,98.3501,1221.0
2020-01-07 21:11:00,98.4331,98.5387,98.355,98.4468,2426.0
2020-01-07 21:12:00,98.3821,98.4439,98.3062,98.3751,3516.0
2020-01-07 21:13:00,98.4804,98.5196,98.3897,98.4546,6080.0
2020-01-07 21:14:00,98.5604,98.5472,98.493,98.5201,9906.0
2020-01-07 21:15:00,98.6619,98.5508,98.5473,98.5491,7622.0
2020-01-07 21:16:00,98.6869,98.7452,98.6162,98.6807,1162.0
2020-01-07 21:17:00,98.6636,98.6664,98.5872,98.6268,7570.0
2020-01-07 21:18:00,98.5287,98.6112,98.605,98.6081,5567.0
2020-01-07 21:19:00,98.5987,98.7026,98.5327,98.6176,4650.0
2020-01-07 21:20:00,98.5012,98.6116,98.4178,98.5147,5543.0
2020-01-07 21:21:00,98.4865,98.5672,98.5076,98.5374,8810.0
2020-01-07 21:22:00,98.3387,98.4547,98.2762,98.3655,3524.0
2020-01-07 21:23:00,98.4648,98.4816,98.4588,98.4702,6034.0
2020-01-07 21:24:00,98.4496,98.5254,98.4243,98.4748,5522.0
2020-01-07 21:25:00,98.5528,98.4601,98.3854,98.4227,309.0
2020-01-07 21:26:00,98.3649,98.3725,98.3061,98.3393,9158.0
2020-01-07 21:27:00,98.4159,98.3953,98.2364,98.3159,4040.0
2020-01-07 21:28:00,98.4593,98.4102,98.3592,98.3847,7400.0
2020-01-07 21:29:00,98.4075,98.5066,98.3723,98.4395,275.0
2020-01-07 21:30:00,98.3708,98.402,98.3358,98.3689,7354.0
2020-01-07 21:31:00,98.2626,98.3245,98.2441,98.2843,4956.0
2020-01-07 21:32:00,98.3419,98.3762,98.3237,98.35,3629.0
2020-01-07 21:33:00,98.2289,98.3063,98.2492,98.2777,8508.0
2020-01-07 21:34:00,98.2617,98.3452,98.2223,98.2837,5625.0
2020-01-07 21:35:00,98.3141,98.3581,98.2341,98.2961,3010.0
2020-01-07 21:36:00,98.344,98.4022,98.2524,98.3273,703.0
2020-01-07 21:37:00,98.4258,98.5301,98.2961,98.4131,919.0
2020-01-07 21:38:00,98.2839,98.2957,98.278,98.2869,7697.0
2020-01-07 21:39:00,98.1388,98.1084,98.0831,98.0957,1161.0
2020-01-07 21:40:00,98.0261,98.0736,98.0044,98.039,3112.0
2020-01-07 21:41:00,98.2887,98.2436,98.1946,98.2191,3055.0
2020-01-07 21:42:00,98.329,98.4694,98.3734,98.4214,284.0
2020-01-07 21:43:00,98.6373,98.6195,98.5895,98.6045,3548.0
2020-01-07 21:44:00,98.6096,98.6722,98.4981,98.5852,6518.0
2020-01-07 21:45:00,98.3732,98.4233,98.3906,98.407,8893.0
2020-01-07 21:46:00,98.1549,98.1858,98.1595,98.1727,1409.0
2020-01-07 21:47:00,98.1345,98.1228,98.0997,98.1113,1471.0
2020-01-07 21:48:00,98.1373,98.1147,98.0682,98.0915,1112.0
2020-01-07 21:49:00,98.134,98.2329,98.2101,98.2215,106.0
2020-01-07 21:50:00,98.3397,98.3725,98.2441,98.3083,8479.0
2020-01-07 21:51:00,98.3082,98.3467,98.3154,98.331,4145.0
2020-01-07 21:52:00,98.2983,98.2608,98.2233,98.2421,1723.0
2020-01-07 21:53:00,98.054,98.175,98.1169,98.146,9431.0
2020-01-07 21:54:00,98.2937,98.173,98.1698,98.1714,8354.0
2020-01-07 21:55:00,98.1968,98.2892,98.193,98.2411,8732.0
2020-01-07 21:56:00,98.3518,98.3371,98.2235,98.2803,1467.0
2020-01-07 21:57:00,98.1734,98.3076,98.046,98.1768,686.0
2020-01-07 21:58:00,98.201,98.3293,98.1545,98.2419,478.0
2020-01-07 21:59:00,98.2977,98.3123,98.2567,98.2845,9547.0
2020-01-07 22:00:00,98.2289,98.1833,98.1716,98.1774,2587.0
2020-01-07 22:01:00,98.0213,98.1323,98.0656,98.099,4046.0
2020-01-07 22:02:00,98.2029,98.3116,98.024,98.1678,836.0
2020-01-07 22:03:00,98.1438,98.1808,98.108,98.1444,3447.0
2020-01-07 22:04:00,98.3321,98.3391,98.2675,98.3033,9165.0
2020-01-07 22:05:00,98.354,98.4005,98.3063,98.3534,3338.0
2020-01-07 22:06:00,98.2762,98.3369,98.2726,98.3047,8249.0
2020-01-07 22:07:00,98.2481,98.3116,98.2958,98.3037,8390.0
2020-01-07 22:08:00,98.3437,98.3753,98.2449,98.3101,8705.0
2020-01-07 22:09:00,98.2706,98.2537,98.2208,98.2372,413.0
2020-01-07 22:10:00,98.1791,98.2002,98.0917,98.146,6372.0
2020-01-07 22:11:00,98.2375,98.2353,98.1969,98.2161,7719.0
2020-01-07 22:12:00,98.3479,98.3447,98.2566,98.3006,1532.0
2020-01-07 22:13:00,98.4313,98.4113,98.3107,98.361,9886.0
2020-01-07 22:14:00,98.4187,98.5658,98.4593,98.5125,437.0
2020-01-07 22:15:00,98.3413,98.4913,98.4254,98.4584,4441.0
2020-01-07 22:16:00,98.7117,98.6629,98.5887,98.6258,7916.0
2020-01-07 22:17:00,98.4686,98.5874,98.484,98.5357,657.0
2020-01-07 22:18:00,98.3801,98.4701,98.3987,98.4344,4399.0
2020-01-07 22:19:00,98.2441,98.2748,98.242,98.2584,7148.0
2020-01-07 22:20:00,98.1312,98.262,98.1657,98.2139,1316.0
2020-01-07 22:21:00,98.1444,98.1891,98.1379,98.1635,3530.0
2020-01-07 22:22:00,98.1687,98.2537,98.1784,98.2161,5773.0
2020-01-07 22:23:00,98.2288,98.2443,98.2367,98.2405,9027.0
2020-01-07 22:24:00,98.1352,98.1274,98.1149,98.1212,2365.0
2020-01-07 22:25:00,98.0647,98.1279,98.0359,98.0819,4768.0
2020-01-07 22:26:00,98.025,98.1,97.9895,98.0447,8473.0
2020-01-07 22:27:00,97.8801,97.9012,97.8331,97.8672,5790.0
2020-01-07 22:28:00,97.8213,97.8709,97.6672,97.7691,5169.0
2020-01-07 22:29:00,97.7721,97.7126,97.6713,97.692,307.0
2020-01-07 22:30:00,97.8244,97.897,97.7737,97.8353,1293.0
2020-01-07 22:31:00,97.9457,97.8779,97.831,97.8545,4334.0
2020-01-07 22:32:00,97.9645,97.9651,97.8763,97.9207,1289.0
2020-01-07 22:33:00,97.7092,97.816,97.7257,97.7708,4764.0
2020-01-07 22:34:00,97.8272,97.9379,97.8426,97.8903,1758.0
2020-01-07 22:35:00,97.9915,98.0398,98.001,98.0204,7663.0
2020-01-07 22:36:00,97.8928,97.8894,97.7517,97.8205,525.0
2020-01-07 22:37:00,97.7249,97.7689,97.7311,97.75,9721.0
2020-01-07 22:38:00,97.705,97.8853,97.7139,97.7996,5129.0
2020-01-07 22:39:00,97.8526,97.945,97.783,97.864,5164.0
